dma_code,dma_name,decile_1_pct,decile_2_pct,decile_3_pct,decile_4_pct,decile_5_pct,decile_6_pct,decile_7_pct,decile_8_pct,decile_9_pct,decile_10_pct
CONTROL_01,Control market 01,0.01,0.0243,0.0641,0.0338,0.1205,0.0276,0.1966,0.2904,0.0822,0.1505
CONTROL_02,Control market 02,0.0467,0.0477,0.0473,0.0395,0.0685,0.1043,0.1764,0.2165,0.1171,0.1359
CONTROL_03,Control market 03,0.0206,0.0198,0.0451,0.1434,0.0478,0.0888,0.1525,0.1746,0.1125,0.1948
CONTROL_04,Control market 04,0.0166,0.0039,0.0937,0.0057,0.0374,0.1365,0.3072,0.1591,0.0874,0.1526
CONTROL_05,Control market 05,0.0365,0.016,0.0396,0.1043,0.1572,0.1754,0.0662,0.1358,0.1175,0.1515
CONTROL_06,Control market 06,0.0214,0.0409,0.0074,0.1057,0.1316,0.0326,0.2125,0.0568,0.1573,0.2337
CONTROL_07,Control market 07,0.0031,0.0178,0.0245,0.0509,0.1512,0.2075,0.132,0.2005,0.1691,0.0433
CONTROL_08,Control market 08,0.028,0.0136,0.0376,0.1322,0.1253,0.2096,0.1486,0.0799,0.1174,0.1077
CONTROL_09,Control market 09,0.0002,0.065,0.0456,0.1371,0.0603,0.079,0.0949,0.141,0.2142,0.1627
CONTROL_10,Control market 10,0.0143,0.0088,0.0546,0.0472,0.0648,0.1876,0.1324,0.158,0.1652,0.1671
CONTROL_11,Control market 11,0.032,0.0274,0.0442,0.0314,0.1242,0.1098,0.1065,0.163,0.1978,0.1637
CONTROL_12,Control market 12,0.0147,0.0254,0.0389,0.2053,0.0412,0.2537,0.1315,0.0379,0.1887,0.0626
TX_GOOGLE,"Test market group, Google Ads",0.0287,0.0278,0.049,0.0773,0.075,0.1272,0.1723,0.1688,0.1232,0.1507
TX_META,"Test market group, Meta Ads",0.013,0.0285,0.0467,0.1005,0.0778,0.1517,0.152,0.1293,0.1656,0.1351
TX_TIKTOK,"Test market group, TikTok Ads",0.0017,0.0035,0.0234,0.0535,0.0994,0.1699,0.2127,0.2245,0.1226,0.0888
TX_NETFLIX,"Test market group, Netflix Ads",0.0205,0.0265,0.0417,0.1135,0.0739,0.1114,0.1589,0.1468,0.138,0.1687
