date,dma_code,role,channel,revenue
2026-01-01,CONTROL_01,control,,89612.58
2026-01-02,CONTROL_01,control,,95969.19
2026-01-03,CONTROL_01,control,,99444.04
2026-01-04,CONTROL_01,control,,96053.31
2026-01-05,CONTROL_01,control,,88163.52
2026-01-06,CONTROL_01,control,,84009.01
2026-01-07,CONTROL_01,control,,84997.94
2026-01-08,CONTROL_01,control,,92357.24
2026-01-09,CONTROL_01,control,,99640.14
2026-01-10,CONTROL_01,control,,102363.17
2026-01-11,CONTROL_01,control,,98381.54
2026-01-12,CONTROL_01,control,,90575.31
2026-01-13,CONTROL_01,control,,84132.55
2026-01-14,CONTROL_01,control,,86599.4
2026-01-15,CONTROL_01,control,,94023.2
2026-01-16,CONTROL_01,control,,101234.52
2026-01-17,CONTROL_01,control,,103594.51
2026-01-18,CONTROL_01,control,,99690.09
2026-01-19,CONTROL_01,control,,91633.63
2026-01-20,CONTROL_01,control,,85812.8
2026-01-21,CONTROL_01,control,,87651.73
2026-01-22,CONTROL_01,control,,92517.66
2026-01-23,CONTROL_01,control,,100991.96
2026-01-24,CONTROL_01,control,,103746.27
2026-01-25,CONTROL_01,control,,98657.87
2026-01-26,CONTROL_01,control,,90105.22
2026-01-27,CONTROL_01,control,,83594.26
2026-01-28,CONTROL_01,control,,84522.49
2026-01-29,CONTROL_01,control,,91985.46
2026-01-30,CONTROL_01,control,,99896.3
2026-01-31,CONTROL_01,control,,100529.51
2026-02-01,CONTROL_01,control,,96909.94
2026-02-02,CONTROL_01,control,,88755.15
2026-02-03,CONTROL_01,control,,83219.36
2026-02-04,CONTROL_01,control,,83378.58
2026-02-05,CONTROL_01,control,,90014.22
2026-02-06,CONTROL_01,control,,97649.08
2026-02-07,CONTROL_01,control,,98462.0
2026-02-08,CONTROL_01,control,,95167.02
2026-02-09,CONTROL_01,control,,86036.67
2026-02-10,CONTROL_01,control,,80417.21
2026-02-11,CONTROL_01,control,,82060.7
2026-02-12,CONTROL_01,control,,88190.53
2026-02-13,CONTROL_01,control,,97223.3
2026-02-14,CONTROL_01,control,,100399.26
2026-02-15,CONTROL_01,control,,95396.03
2026-02-16,CONTROL_01,control,,87938.65
2026-02-17,CONTROL_01,control,,82542.92
2026-02-18,CONTROL_01,control,,83691.83
2026-02-19,CONTROL_01,control,,91048.29
2026-02-20,CONTROL_01,control,,99183.5
2026-02-21,CONTROL_01,control,,101638.01
2026-02-22,CONTROL_01,control,,97586.11
2026-02-23,CONTROL_01,control,,90239.9
2026-02-24,CONTROL_01,control,,85852.92
2026-02-25,CONTROL_01,control,,86363.11
2026-02-26,CONTROL_01,control,,95207.49
2026-02-27,CONTROL_01,control,,102243.85
2026-02-28,CONTROL_01,control,,106916.15
2026-03-01,CONTROL_01,control,,100856.22
2026-03-02,CONTROL_01,control,,93442.68
2026-03-03,CONTROL_01,control,,88763.04
2026-03-04,CONTROL_01,control,,90121.95
2026-03-05,CONTROL_01,control,,97261.08
2026-03-06,CONTROL_01,control,,107617.16
2026-03-07,CONTROL_01,control,,109177.52
2026-03-08,CONTROL_01,control,,105126.68
2026-03-09,CONTROL_01,control,,96129.49
2026-03-10,CONTROL_01,control,,91869.97
2026-03-11,CONTROL_01,control,,92440.58
2026-03-12,CONTROL_01,control,,99658.92
2026-03-13,CONTROL_01,control,,106264.43
2026-03-14,CONTROL_01,control,,110979.87
2026-03-15,CONTROL_01,control,,105649.23
2026-03-16,CONTROL_01,control,,97660.68
2026-03-17,CONTROL_01,control,,91787.28
2026-03-18,CONTROL_01,control,,91441.91
2026-03-19,CONTROL_01,control,,99419.15
2026-03-20,CONTROL_01,control,,108052.72
2026-03-21,CONTROL_01,control,,110105.44
2026-03-22,CONTROL_01,control,,104840.52
2026-03-23,CONTROL_01,control,,95457.01
2026-03-24,CONTROL_01,control,,89438.89
2026-03-25,CONTROL_01,control,,89697.84
2026-03-26,CONTROL_01,control,,98385.23
2026-03-27,CONTROL_01,control,,105478.37
2026-03-28,CONTROL_01,control,,106849.86
2026-03-29,CONTROL_01,control,,103079.35
2026-03-30,CONTROL_01,control,,93403.47
2026-03-31,CONTROL_01,control,,85825.8
2026-01-01,CONTROL_02,control,,90303.93
2026-01-02,CONTROL_02,control,,90590.16
2026-01-03,CONTROL_02,control,,95708.69
2026-01-04,CONTROL_02,control,,105256.07
2026-01-05,CONTROL_02,control,,110556.74
2026-01-06,CONTROL_02,control,,106976.97
2026-01-07,CONTROL_02,control,,98605.65
2026-01-08,CONTROL_02,control,,92314.37
2026-01-09,CONTROL_02,control,,92690.72
2026-01-10,CONTROL_02,control,,99595.29
2026-01-11,CONTROL_02,control,,109294.58
2026-01-12,CONTROL_02,control,,113272.14
2026-01-13,CONTROL_02,control,,109369.77
2026-01-14,CONTROL_02,control,,101552.66
2026-01-15,CONTROL_02,control,,93253.99
2026-01-16,CONTROL_02,control,,95495.01
2026-01-17,CONTROL_02,control,,99954.36
2026-01-18,CONTROL_02,control,,110133.73
2026-01-19,CONTROL_02,control,,114568.5
2026-01-20,CONTROL_02,control,,110807.18
2026-01-21,CONTROL_02,control,,101795.19
2026-01-22,CONTROL_02,control,,95228.96
2026-01-23,CONTROL_02,control,,93041.54
2026-01-24,CONTROL_02,control,,100485.87
2026-01-25,CONTROL_02,control,,109157.54
2026-01-26,CONTROL_02,control,,112324.27
2026-01-27,CONTROL_02,control,,108260.66
2026-01-28,CONTROL_02,control,,100902.54
2026-01-29,CONTROL_02,control,,92018.47
2026-01-30,CONTROL_02,control,,91704.68
2026-01-31,CONTROL_02,control,,98278.5
2026-02-01,CONTROL_02,control,,106574.51
2026-02-02,CONTROL_02,control,,110546.86
2026-02-03,CONTROL_02,control,,106338.43
2026-02-04,CONTROL_02,control,,98142.68
2026-02-05,CONTROL_02,control,,90854.9
2026-02-06,CONTROL_02,control,,90739.38
2026-02-07,CONTROL_02,control,,97932.05
2026-02-08,CONTROL_02,control,,104486.83
2026-02-09,CONTROL_02,control,,110473.07
2026-02-10,CONTROL_02,control,,105077.53
2026-02-11,CONTROL_02,control,,97659.49
2026-02-12,CONTROL_02,control,,90480.45
2026-02-13,CONTROL_02,control,,90066.49
2026-02-14,CONTROL_02,control,,95539.88
2026-02-15,CONTROL_02,control,,107113.41
2026-02-16,CONTROL_02,control,,109307.35
2026-02-17,CONTROL_02,control,,106043.46
2026-02-18,CONTROL_02,control,,99457.85
2026-02-19,CONTROL_02,control,,92082.99
2026-02-20,CONTROL_02,control,,93616.96
2026-02-21,CONTROL_02,control,,100756.8
2026-02-22,CONTROL_02,control,,109216.84
2026-02-23,CONTROL_02,control,,113427.61
2026-02-24,CONTROL_02,control,,110741.13
2026-02-25,CONTROL_02,control,,100828.95
2026-02-26,CONTROL_02,control,,95351.23
2026-02-27,CONTROL_02,control,,95631.16
2026-02-28,CONTROL_02,control,,102668.36
2026-03-01,CONTROL_02,control,,112841.41
2026-03-02,CONTROL_02,control,,116015.12
2026-03-03,CONTROL_02,control,,114920.0
2026-03-04,CONTROL_02,control,,106640.06
2026-03-05,CONTROL_02,control,,97522.59
2026-03-06,CONTROL_02,control,,98832.07
2026-03-07,CONTROL_02,control,,107645.44
2026-03-08,CONTROL_02,control,,116366.73
2026-03-09,CONTROL_02,control,,119643.86
2026-03-10,CONTROL_02,control,,116066.51
2026-03-11,CONTROL_02,control,,108687.5
2026-03-12,CONTROL_02,control,,101973.81
2026-03-13,CONTROL_02,control,,99537.31
2026-03-14,CONTROL_02,control,,107870.48
2026-03-15,CONTROL_02,control,,116544.09
2026-03-16,CONTROL_02,control,,121332.85
2026-03-17,CONTROL_02,control,,117865.8
2026-03-18,CONTROL_02,control,,108141.56
2026-03-19,CONTROL_02,control,,99875.01
2026-03-20,CONTROL_02,control,,101714.7
2026-03-21,CONTROL_02,control,,107026.24
2026-03-22,CONTROL_02,control,,116073.02
2026-03-23,CONTROL_02,control,,121325.3
2026-03-24,CONTROL_02,control,,116046.72
2026-03-25,CONTROL_02,control,,106390.83
2026-03-26,CONTROL_02,control,,99512.45
2026-03-27,CONTROL_02,control,,97458.04
2026-03-28,CONTROL_02,control,,105781.29
2026-03-29,CONTROL_02,control,,114923.71
2026-03-30,CONTROL_02,control,,118518.16
2026-03-31,CONTROL_02,control,,113591.54
2026-01-01,CONTROL_03,control,,70626.38
2026-01-02,CONTROL_03,control,,69320.97
2026-01-03,CONTROL_03,control,,65744.92
2026-01-04,CONTROL_03,control,,60979.25
2026-01-05,CONTROL_03,control,,59793.08
2026-01-06,CONTROL_03,control,,62913.59
2026-01-07,CONTROL_03,control,,68678.12
2026-01-08,CONTROL_03,control,,72719.57
2026-01-09,CONTROL_03,control,,72699.48
2026-01-10,CONTROL_03,control,,68048.79
2026-01-11,CONTROL_03,control,,63305.45
2026-01-12,CONTROL_03,control,,61061.72
2026-01-13,CONTROL_03,control,,64188.79
2026-01-14,CONTROL_03,control,,70389.23
2026-01-15,CONTROL_03,control,,74356.15
2026-01-16,CONTROL_03,control,,73787.44
2026-01-17,CONTROL_03,control,,67675.68
2026-01-18,CONTROL_03,control,,62535.75
2026-01-19,CONTROL_03,control,,60892.76
2026-01-20,CONTROL_03,control,,64916.78
2026-01-21,CONTROL_03,control,,70440.44
2026-01-22,CONTROL_03,control,,74539.44
2026-01-23,CONTROL_03,control,,74200.44
2026-01-24,CONTROL_03,control,,67754.51
2026-01-25,CONTROL_03,control,,63225.08
2026-01-26,CONTROL_03,control,,60860.37
2026-01-27,CONTROL_03,control,,63345.06
2026-01-28,CONTROL_03,control,,70114.31
2026-01-29,CONTROL_03,control,,72264.1
2026-01-30,CONTROL_03,control,,71447.87
2026-01-31,CONTROL_03,control,,66818.59
2026-02-01,CONTROL_03,control,,61548.82
2026-02-02,CONTROL_03,control,,59311.65
2026-02-03,CONTROL_03,control,,61326.39
2026-02-04,CONTROL_03,control,,67734.71
2026-02-05,CONTROL_03,control,,71628.02
2026-02-06,CONTROL_03,control,,72211.36
2026-02-07,CONTROL_03,control,,66539.64
2026-02-08,CONTROL_03,control,,60515.54
2026-02-09,CONTROL_03,control,,58159.12
2026-02-10,CONTROL_03,control,,61927.47
2026-02-11,CONTROL_03,control,,66783.0
2026-02-12,CONTROL_03,control,,71481.08
2026-02-13,CONTROL_03,control,,70904.74
2026-02-14,CONTROL_03,control,,65746.04
2026-02-15,CONTROL_03,control,,60895.48
2026-02-16,CONTROL_03,control,,59015.95
2026-02-17,CONTROL_03,control,,62216.16
2026-02-18,CONTROL_03,control,,69260.29
2026-02-19,CONTROL_03,control,,73014.22
2026-02-20,CONTROL_03,control,,72041.6
2026-02-21,CONTROL_03,control,,67149.57
2026-02-22,CONTROL_03,control,,62501.81
2026-02-23,CONTROL_03,control,,61179.83
2026-02-24,CONTROL_03,control,,64897.64
2026-02-25,CONTROL_03,control,,71528.69
2026-02-26,CONTROL_03,control,,75476.8
2026-02-27,CONTROL_03,control,,74141.65
2026-02-28,CONTROL_03,control,,71151.07
2026-03-01,CONTROL_03,control,,65312.73
2026-03-02,CONTROL_03,control,,63571.99
2026-03-03,CONTROL_03,control,,67528.59
2026-03-04,CONTROL_03,control,,72382.58
2026-03-05,CONTROL_03,control,,77594.64
2026-03-06,CONTROL_03,control,,76995.94
2026-03-07,CONTROL_03,control,,72936.37
2026-03-08,CONTROL_03,control,,66033.3
2026-03-09,CONTROL_03,control,,64742.43
2026-03-10,CONTROL_03,control,,69335.29
2026-03-11,CONTROL_03,control,,75290.22
2026-03-12,CONTROL_03,control,,79136.44
2026-03-13,CONTROL_03,control,,79796.42
2026-03-14,CONTROL_03,control,,72509.95
2026-03-15,CONTROL_03,control,,67636.0
2026-03-16,CONTROL_03,control,,65314.04
2026-03-17,CONTROL_03,control,,69137.55
2026-03-18,CONTROL_03,control,,74898.73
2026-03-19,CONTROL_03,control,,78788.04
2026-03-20,CONTROL_03,control,,78476.05
2026-03-21,CONTROL_03,control,,72061.92
2026-03-22,CONTROL_03,control,,67084.3
2026-03-23,CONTROL_03,control,,64545.59
2026-03-24,CONTROL_03,control,,68451.65
2026-03-25,CONTROL_03,control,,73680.3
2026-03-26,CONTROL_03,control,,77590.46
2026-03-27,CONTROL_03,control,,77196.19
2026-03-28,CONTROL_03,control,,72151.69
2026-03-29,CONTROL_03,control,,64440.91
2026-03-30,CONTROL_03,control,,63494.61
2026-03-31,CONTROL_03,control,,66948.95
2026-01-01,CONTROL_04,control,,44137.99
2026-01-02,CONTROL_04,control,,47859.75
2026-01-03,CONTROL_04,control,,49215.02
2026-01-04,CONTROL_04,control,,46220.3
2026-01-05,CONTROL_04,control,,42646.22
2026-01-06,CONTROL_04,control,,41472.18
2026-01-07,CONTROL_04,control,,42035.32
2026-01-08,CONTROL_04,control,,45950.84
2026-01-09,CONTROL_04,control,,48962.44
2026-01-10,CONTROL_04,control,,50139.39
2026-01-11,CONTROL_04,control,,47483.79
2026-01-12,CONTROL_04,control,,44665.24
2026-01-13,CONTROL_04,control,,42363.35
2026-01-14,CONTROL_04,control,,42876.14
2026-01-15,CONTROL_04,control,,47904.16
2026-01-16,CONTROL_04,control,,51002.46
2026-01-17,CONTROL_04,control,,51175.36
2026-01-18,CONTROL_04,control,,48740.23
2026-01-19,CONTROL_04,control,,44503.36
2026-01-20,CONTROL_04,control,,41858.85
2026-01-21,CONTROL_04,control,,42728.4
2026-01-22,CONTROL_04,control,,46715.89
2026-01-23,CONTROL_04,control,,50417.2
2026-01-24,CONTROL_04,control,,50687.41
2026-01-25,CONTROL_04,control,,47634.45
2026-01-26,CONTROL_04,control,,44130.19
2026-01-27,CONTROL_04,control,,41130.9
2026-01-28,CONTROL_04,control,,42899.47
2026-01-29,CONTROL_04,control,,46015.71
2026-01-30,CONTROL_04,control,,49479.0
2026-01-31,CONTROL_04,control,,49356.38
2026-02-01,CONTROL_04,control,,46912.03
2026-02-02,CONTROL_04,control,,42609.29
2026-02-03,CONTROL_04,control,,40057.24
2026-02-04,CONTROL_04,control,,41731.19
2026-02-05,CONTROL_04,control,,45279.7
2026-02-06,CONTROL_04,control,,48859.71
2026-02-07,CONTROL_04,control,,49084.48
2026-02-08,CONTROL_04,control,,45860.62
2026-02-09,CONTROL_04,control,,42137.43
2026-02-10,CONTROL_04,control,,39425.0
2026-02-11,CONTROL_04,control,,41069.96
2026-02-12,CONTROL_04,control,,45564.17
2026-02-13,CONTROL_04,control,,49061.82
2026-02-14,CONTROL_04,control,,49366.79
2026-02-15,CONTROL_04,control,,46584.94
2026-02-16,CONTROL_04,control,,42904.67
2026-02-17,CONTROL_04,control,,40849.23
2026-02-18,CONTROL_04,control,,41491.33
2026-02-19,CONTROL_04,control,,45616.7
2026-02-20,CONTROL_04,control,,49985.72
2026-02-21,CONTROL_04,control,,50733.07
2026-02-22,CONTROL_04,control,,47817.64
2026-02-23,CONTROL_04,control,,43852.75
2026-02-24,CONTROL_04,control,,41845.59
2026-02-25,CONTROL_04,control,,43278.86
2026-02-26,CONTROL_04,control,,47179.43
2026-02-27,CONTROL_04,control,,50516.01
2026-02-28,CONTROL_04,control,,52163.68
2026-03-01,CONTROL_04,control,,49313.22
2026-03-02,CONTROL_04,control,,45507.41
2026-03-03,CONTROL_04,control,,44098.13
2026-03-04,CONTROL_04,control,,45235.97
2026-03-05,CONTROL_04,control,,48910.79
2026-03-06,CONTROL_04,control,,53257.2
2026-03-07,CONTROL_04,control,,53122.21
2026-03-08,CONTROL_04,control,,51392.93
2026-03-09,CONTROL_04,control,,46945.27
2026-03-10,CONTROL_04,control,,44542.04
2026-03-11,CONTROL_04,control,,46256.19
2026-03-12,CONTROL_04,control,,50742.67
2026-03-13,CONTROL_04,control,,53722.76
2026-03-14,CONTROL_04,control,,54095.21
2026-03-15,CONTROL_04,control,,52397.5
2026-03-16,CONTROL_04,control,,47232.05
2026-03-17,CONTROL_04,control,,45365.37
2026-03-18,CONTROL_04,control,,45897.18
2026-03-19,CONTROL_04,control,,50273.89
2026-03-20,CONTROL_04,control,,53452.71
2026-03-21,CONTROL_04,control,,54450.24
2026-03-22,CONTROL_04,control,,50973.08
2026-03-23,CONTROL_04,control,,46457.1
2026-03-24,CONTROL_04,control,,44791.14
2026-03-25,CONTROL_04,control,,45577.08
2026-03-26,CONTROL_04,control,,48506.03
2026-03-27,CONTROL_04,control,,52673.45
2026-03-28,CONTROL_04,control,,52779.01
2026-03-29,CONTROL_04,control,,49612.62
2026-03-30,CONTROL_04,control,,45573.82
2026-03-31,CONTROL_04,control,,43213.31
2026-01-01,CONTROL_05,control,,96203.74
2026-01-02,CONTROL_05,control,,104830.95
2026-01-03,CONTROL_05,control,,109933.05
2026-01-04,CONTROL_05,control,,109740.08
2026-01-05,CONTROL_05,control,,103465.8
2026-01-06,CONTROL_05,control,,94158.83
2026-01-07,CONTROL_05,control,,94094.3
2026-01-08,CONTROL_05,control,,100047.81
2026-01-09,CONTROL_05,control,,108779.04
2026-01-10,CONTROL_05,control,,115529.17
2026-01-11,CONTROL_05,control,,112910.0
2026-01-12,CONTROL_05,control,,105308.8
2026-01-13,CONTROL_05,control,,96823.96
2026-01-14,CONTROL_05,control,,96106.32
2026-01-15,CONTROL_05,control,,102744.98
2026-01-16,CONTROL_05,control,,110368.69
2026-01-17,CONTROL_05,control,,117887.54
2026-01-18,CONTROL_05,control,,112783.35
2026-01-19,CONTROL_05,control,,105617.32
2026-01-20,CONTROL_05,control,,97181.38
2026-01-21,CONTROL_05,control,,97110.19
2026-01-22,CONTROL_05,control,,100906.11
2026-01-23,CONTROL_05,control,,111047.89
2026-01-24,CONTROL_05,control,,113940.1
2026-01-25,CONTROL_05,control,,113604.76
2026-01-26,CONTROL_05,control,,105455.74
2026-01-27,CONTROL_05,control,,96466.27
2026-01-28,CONTROL_05,control,,92148.0
2026-01-29,CONTROL_05,control,,99665.07
2026-01-30,CONTROL_05,control,,108911.38
2026-01-31,CONTROL_05,control,,114663.04
2026-02-01,CONTROL_05,control,,111488.52
2026-02-02,CONTROL_05,control,,101397.42
2026-02-03,CONTROL_05,control,,94330.55
2026-02-04,CONTROL_05,control,,92945.34
2026-02-05,CONTROL_05,control,,96964.74
2026-02-06,CONTROL_05,control,,106734.64
2026-02-07,CONTROL_05,control,,111173.01
2026-02-08,CONTROL_05,control,,109594.67
2026-02-09,CONTROL_05,control,,102117.8
2026-02-10,CONTROL_05,control,,93021.26
2026-02-11,CONTROL_05,control,,93706.09
2026-02-12,CONTROL_05,control,,97297.76
2026-02-13,CONTROL_05,control,,106416.1
2026-02-14,CONTROL_05,control,,111158.66
2026-02-15,CONTROL_05,control,,110146.53
2026-02-16,CONTROL_05,control,,102160.15
2026-02-17,CONTROL_05,control,,93564.96
2026-02-18,CONTROL_05,control,,91873.29
2026-02-19,CONTROL_05,control,,99195.98
2026-02-20,CONTROL_05,control,,108327.14
2026-02-21,CONTROL_05,control,,112133.93
2026-02-22,CONTROL_05,control,,111124.27
2026-02-23,CONTROL_05,control,,105124.8
2026-02-24,CONTROL_05,control,,97591.46
2026-02-25,CONTROL_05,control,,96568.94
2026-02-26,CONTROL_05,control,,101390.3
2026-02-27,CONTROL_05,control,,112816.36
2026-02-28,CONTROL_05,control,,118434.61
2026-03-01,CONTROL_05,control,,116761.38
2026-03-02,CONTROL_05,control,,109154.63
2026-03-03,CONTROL_05,control,,102016.51
2026-03-04,CONTROL_05,control,,99996.04
2026-03-05,CONTROL_05,control,,106727.41
2026-03-06,CONTROL_05,control,,115408.2
2026-03-07,CONTROL_05,control,,122228.14
2026-03-08,CONTROL_05,control,,119619.45
2026-03-09,CONTROL_05,control,,111809.93
2026-03-10,CONTROL_05,control,,103451.78
2026-03-11,CONTROL_05,control,,101434.69
2026-03-12,CONTROL_05,control,,108706.6
2026-03-13,CONTROL_05,control,,118432.01
2026-03-14,CONTROL_05,control,,124992.64
2026-03-15,CONTROL_05,control,,122209.94
2026-03-16,CONTROL_05,control,,114186.0
2026-03-17,CONTROL_05,control,,104400.31
2026-03-18,CONTROL_05,control,,102813.16
2026-03-19,CONTROL_05,control,,108435.08
2026-03-20,CONTROL_05,control,,118294.93
2026-03-21,CONTROL_05,control,,123392.69
2026-03-22,CONTROL_05,control,,119816.66
2026-03-23,CONTROL_05,control,,110670.43
2026-03-24,CONTROL_05,control,,104550.4
2026-03-25,CONTROL_05,control,,100814.34
2026-03-26,CONTROL_05,control,,106598.07
2026-03-27,CONTROL_05,control,,115362.69
2026-03-28,CONTROL_05,control,,120705.26
2026-03-29,CONTROL_05,control,,121400.32
2026-03-30,CONTROL_05,control,,108778.1
2026-03-31,CONTROL_05,control,,100863.15
2026-01-01,CONTROL_06,control,,58867.54
2026-01-02,CONTROL_06,control,,58577.55
2026-01-03,CONTROL_06,control,,63156.81
2026-01-04,CONTROL_06,control,,69344.56
2026-01-05,CONTROL_06,control,,72490.64
2026-01-06,CONTROL_06,control,,70380.99
2026-01-07,CONTROL_06,control,,65795.0
2026-01-08,CONTROL_06,control,,60463.82
2026-01-09,CONTROL_06,control,,61368.94
2026-01-10,CONTROL_06,control,,66677.82
2026-01-11,CONTROL_06,control,,72387.62
2026-01-12,CONTROL_06,control,,74057.57
2026-01-13,CONTROL_06,control,,70744.6
2026-01-14,CONTROL_06,control,,67300.7
2026-01-15,CONTROL_06,control,,62483.83
2026-01-16,CONTROL_06,control,,61888.32
2026-01-17,CONTROL_06,control,,67463.98
2026-01-18,CONTROL_06,control,,72362.58
2026-01-19,CONTROL_06,control,,75314.21
2026-01-20,CONTROL_06,control,,72115.65
2026-01-21,CONTROL_06,control,,67052.78
2026-01-22,CONTROL_06,control,,61865.47
2026-01-23,CONTROL_06,control,,61593.44
2026-01-24,CONTROL_06,control,,66807.86
2026-01-25,CONTROL_06,control,,71945.48
2026-01-26,CONTROL_06,control,,73383.48
2026-01-27,CONTROL_06,control,,72021.99
2026-01-28,CONTROL_06,control,,66196.85
2026-01-29,CONTROL_06,control,,60536.57
2026-01-30,CONTROL_06,control,,60446.72
2026-01-31,CONTROL_06,control,,64916.75
2026-02-01,CONTROL_06,control,,70185.24
2026-02-02,CONTROL_06,control,,72784.83
2026-02-03,CONTROL_06,control,,70500.94
2026-02-04,CONTROL_06,control,,64172.38
2026-02-05,CONTROL_06,control,,60758.99
2026-02-06,CONTROL_06,control,,59201.97
2026-02-07,CONTROL_06,control,,63543.41
2026-02-08,CONTROL_06,control,,70390.89
2026-02-09,CONTROL_06,control,,73181.45
2026-02-10,CONTROL_06,control,,69460.88
2026-02-11,CONTROL_06,control,,63864.83
2026-02-12,CONTROL_06,control,,58995.9
2026-02-13,CONTROL_06,control,,60011.71
2026-02-14,CONTROL_06,control,,64033.7
2026-02-15,CONTROL_06,control,,69193.59
2026-02-16,CONTROL_06,control,,72665.41
2026-02-17,CONTROL_06,control,,71040.02
2026-02-18,CONTROL_06,control,,65290.88
2026-02-19,CONTROL_06,control,,61672.98
2026-02-20,CONTROL_06,control,,61307.71
2026-02-21,CONTROL_06,control,,65731.4
2026-02-22,CONTROL_06,control,,71525.2
2026-02-23,CONTROL_06,control,,74884.7
2026-02-24,CONTROL_06,control,,73186.17
2026-02-25,CONTROL_06,control,,67554.69
2026-02-26,CONTROL_06,control,,63234.89
2026-02-27,CONTROL_06,control,,63031.82
2026-02-28,CONTROL_06,control,,68311.44
2026-03-01,CONTROL_06,control,,74907.85
2026-03-02,CONTROL_06,control,,77209.14
2026-03-03,CONTROL_06,control,,74354.09
2026-03-04,CONTROL_06,control,,70462.19
2026-03-05,CONTROL_06,control,,65194.42
2026-03-06,CONTROL_06,control,,64798.6
2026-03-07,CONTROL_06,control,,70187.91
2026-03-08,CONTROL_06,control,,76253.84
2026-03-09,CONTROL_06,control,,78370.42
2026-03-10,CONTROL_06,control,,76921.75
2026-03-11,CONTROL_06,control,,70271.67
2026-03-12,CONTROL_06,control,,66294.84
2026-03-13,CONTROL_06,control,,66081.3
2026-03-14,CONTROL_06,control,,71691.32
2026-03-15,CONTROL_06,control,,77180.17
2026-03-16,CONTROL_06,control,,80335.88
2026-03-17,CONTROL_06,control,,77239.2
2026-03-18,CONTROL_06,control,,71012.38
2026-03-19,CONTROL_06,control,,65393.34
2026-03-20,CONTROL_06,control,,66421.82
2026-03-21,CONTROL_06,control,,70697.81
2026-03-22,CONTROL_06,control,,76220.94
2026-03-23,CONTROL_06,control,,79343.9
2026-03-24,CONTROL_06,control,,76156.14
2026-03-25,CONTROL_06,control,,69759.35
2026-03-26,CONTROL_06,control,,65172.89
2026-03-27,CONTROL_06,control,,65359.8
2026-03-28,CONTROL_06,control,,69131.5
2026-03-29,CONTROL_06,control,,74240.11
2026-03-30,CONTROL_06,control,,77271.4
2026-03-31,CONTROL_06,control,,75983.76
2026-01-01,CONTROL_07,control,,88621.84
2026-01-02,CONTROL_07,control,,92934.32
2026-01-03,CONTROL_07,control,,100386.0
2026-01-04,CONTROL_07,control,,109424.57
2026-01-05,CONTROL_07,control,,110760.18
2026-01-06,CONTROL_07,control,,104226.02
2026-01-07,CONTROL_07,control,,96886.29
2026-01-08,CONTROL_07,control,,94015.81
2026-01-09,CONTROL_07,control,,95164.85
2026-01-10,CONTROL_07,control,,104354.13
2026-01-11,CONTROL_07,control,,111812.82
2026-01-12,CONTROL_07,control,,113857.65
2026-01-13,CONTROL_07,control,,108527.9
2026-01-14,CONTROL_07,control,,99782.85
2026-01-15,CONTROL_07,control,,95940.85
2026-01-16,CONTROL_07,control,,96824.6
2026-01-17,CONTROL_07,control,,105114.87
2026-01-18,CONTROL_07,control,,112643.52
2026-01-19,CONTROL_07,control,,113551.72
2026-01-20,CONTROL_07,control,,107243.66
2026-01-21,CONTROL_07,control,,99983.98
2026-01-22,CONTROL_07,control,,92629.19
2026-01-23,CONTROL_07,control,,97395.65
2026-01-24,CONTROL_07,control,,105126.83
2026-01-25,CONTROL_07,control,,111770.38
2026-01-26,CONTROL_07,control,,112222.01
2026-01-27,CONTROL_07,control,,107033.41
2026-01-28,CONTROL_07,control,,97800.92
2026-01-29,CONTROL_07,control,,93140.45
2026-01-30,CONTROL_07,control,,93875.71
2026-01-31,CONTROL_07,control,,101978.14
2026-02-01,CONTROL_07,control,,109654.68
2026-02-02,CONTROL_07,control,,110644.66
2026-02-03,CONTROL_07,control,,104261.39
2026-02-04,CONTROL_07,control,,94491.11
2026-02-05,CONTROL_07,control,,89336.86
2026-02-06,CONTROL_07,control,,92228.06
2026-02-07,CONTROL_07,control,,100419.85
2026-02-08,CONTROL_07,control,,108964.35
2026-02-09,CONTROL_07,control,,111539.65
2026-02-10,CONTROL_07,control,,105167.27
2026-02-11,CONTROL_07,control,,95414.37
2026-02-12,CONTROL_07,control,,91488.78
2026-02-13,CONTROL_07,control,,92529.76
2026-02-14,CONTROL_07,control,,100375.62
2026-02-15,CONTROL_07,control,,110682.55
2026-02-16,CONTROL_07,control,,109517.62
2026-02-17,CONTROL_07,control,,104636.5
2026-02-18,CONTROL_07,control,,96359.23
2026-02-19,CONTROL_07,control,,92866.07
2026-02-20,CONTROL_07,control,,94153.7
2026-02-21,CONTROL_07,control,,103897.73
2026-02-22,CONTROL_07,control,,111239.34
2026-02-23,CONTROL_07,control,,112591.01
2026-02-24,CONTROL_07,control,,108491.84
2026-02-25,CONTROL_07,control,,99907.62
2026-02-26,CONTROL_07,control,,94102.53
2026-02-27,CONTROL_07,control,,97313.59
2026-02-28,CONTROL_07,control,,106348.89
2026-03-01,CONTROL_07,control,,116617.22
2026-03-02,CONTROL_07,control,,118340.69
2026-03-03,CONTROL_07,control,,112465.5
2026-03-04,CONTROL_07,control,,103761.13
2026-03-05,CONTROL_07,control,,97917.7
2026-03-06,CONTROL_07,control,,101661.72
2026-03-07,CONTROL_07,control,,109901.52
2026-03-08,CONTROL_07,control,,117916.62
2026-03-09,CONTROL_07,control,,120492.74
2026-03-10,CONTROL_07,control,,115287.49
2026-03-11,CONTROL_07,control,,105780.63
2026-03-12,CONTROL_07,control,,101103.49
2026-03-13,CONTROL_07,control,,101616.13
2026-03-14,CONTROL_07,control,,111800.77
2026-03-15,CONTROL_07,control,,120892.74
2026-03-16,CONTROL_07,control,,121213.61
2026-03-17,CONTROL_07,control,,115906.5
2026-03-18,CONTROL_07,control,,105577.81
2026-03-19,CONTROL_07,control,,99268.03
2026-03-20,CONTROL_07,control,,103555.1
2026-03-21,CONTROL_07,control,,110059.43
2026-03-22,CONTROL_07,control,,120413.59
2026-03-23,CONTROL_07,control,,120405.94
2026-03-24,CONTROL_07,control,,113302.32
2026-03-25,CONTROL_07,control,,103606.03
2026-03-26,CONTROL_07,control,,97942.27
2026-03-27,CONTROL_07,control,,100131.31
2026-03-28,CONTROL_07,control,,109449.6
2026-03-29,CONTROL_07,control,,115396.51
2026-03-30,CONTROL_07,control,,119603.59
2026-03-31,CONTROL_07,control,,112663.06
2026-01-01,CONTROL_08,control,,33403.92
2026-01-02,CONTROL_08,control,,30255.34
2026-01-03,CONTROL_08,control,,28214.95
2026-01-04,CONTROL_08,control,,29113.22
2026-01-05,CONTROL_08,control,,31752.33
2026-01-06,CONTROL_08,control,,34664.25
2026-01-07,CONTROL_08,control,,35480.55
2026-01-08,CONTROL_08,control,,34219.35
2026-01-09,CONTROL_08,control,,31594.87
2026-01-10,CONTROL_08,control,,29325.32
2026-01-11,CONTROL_08,control,,30591.65
2026-01-12,CONTROL_08,control,,32397.65
2026-01-13,CONTROL_08,control,,35536.74
2026-01-14,CONTROL_08,control,,36748.84
2026-01-15,CONTROL_08,control,,34695.73
2026-01-16,CONTROL_08,control,,32078.69
2026-01-17,CONTROL_08,control,,30480.97
2026-01-18,CONTROL_08,control,,30391.43
2026-01-19,CONTROL_08,control,,33189.87
2026-01-20,CONTROL_08,control,,35674.2
2026-01-21,CONTROL_08,control,,36519.88
2026-01-22,CONTROL_08,control,,35026.26
2026-01-23,CONTROL_08,control,,31845.32
2026-01-24,CONTROL_08,control,,29793.36
2026-01-25,CONTROL_08,control,,30366.81
2026-01-26,CONTROL_08,control,,32555.66
2026-01-27,CONTROL_08,control,,35195.89
2026-01-28,CONTROL_08,control,,35497.68
2026-01-29,CONTROL_08,control,,34193.6
2026-01-30,CONTROL_08,control,,31586.3
2026-01-31,CONTROL_08,control,,29447.2
2026-02-01,CONTROL_08,control,,29588.68
2026-02-02,CONTROL_08,control,,31674.56
2026-02-03,CONTROL_08,control,,34159.82
2026-02-04,CONTROL_08,control,,35238.53
2026-02-05,CONTROL_08,control,,33908.85
2026-02-06,CONTROL_08,control,,30728.45
2026-02-07,CONTROL_08,control,,29054.96
2026-02-08,CONTROL_08,control,,29007.69
2026-02-09,CONTROL_08,control,,31713.85
2026-02-10,CONTROL_08,control,,33715.94
2026-02-11,CONTROL_08,control,,34914.32
2026-02-12,CONTROL_08,control,,33099.55
2026-02-13,CONTROL_08,control,,30842.2
2026-02-14,CONTROL_08,control,,28944.2
2026-02-15,CONTROL_08,control,,29009.11
2026-02-16,CONTROL_08,control,,31494.44
2026-02-17,CONTROL_08,control,,34271.86
2026-02-18,CONTROL_08,control,,34972.12
2026-02-19,CONTROL_08,control,,33747.5
2026-02-20,CONTROL_08,control,,31122.26
2026-02-21,CONTROL_08,control,,29697.58
2026-02-22,CONTROL_08,control,,30351.15
2026-02-23,CONTROL_08,control,,32497.39
2026-02-24,CONTROL_08,control,,35394.03
2026-02-25,CONTROL_08,control,,36632.48
2026-02-26,CONTROL_08,control,,35032.49
2026-02-27,CONTROL_08,control,,32388.94
2026-02-28,CONTROL_08,control,,30796.75
2026-03-01,CONTROL_08,control,,31185.31
2026-03-02,CONTROL_08,control,,33795.21
2026-03-03,CONTROL_08,control,,36605.82
2026-03-04,CONTROL_08,control,,38328.16
2026-03-05,CONTROL_08,control,,36226.9
2026-03-06,CONTROL_08,control,,33580.96
2026-03-07,CONTROL_08,control,,31305.55
2026-03-08,CONTROL_08,control,,31906.51
2026-03-09,CONTROL_08,control,,34781.69
2026-03-10,CONTROL_08,control,,37585.93
2026-03-11,CONTROL_08,control,,38908.6
2026-03-12,CONTROL_08,control,,37152.59
2026-03-13,CONTROL_08,control,,33745.0
2026-03-14,CONTROL_08,control,,31421.86
2026-03-15,CONTROL_08,control,,32672.97
2026-03-16,CONTROL_08,control,,34872.82
2026-03-17,CONTROL_08,control,,38343.24
2026-03-18,CONTROL_08,control,,38828.12
2026-03-19,CONTROL_08,control,,36874.99
2026-03-20,CONTROL_08,control,,34149.92
2026-03-21,CONTROL_08,control,,31742.34
2026-03-22,CONTROL_08,control,,32134.48
2026-03-23,CONTROL_08,control,,34391.99
2026-03-24,CONTROL_08,control,,37589.19
2026-03-25,CONTROL_08,control,,38578.81
2026-03-26,CONTROL_08,control,,36336.99
2026-03-27,CONTROL_08,control,,33870.94
2026-03-28,CONTROL_08,control,,31074.26
2026-03-29,CONTROL_08,control,,31572.08
2026-03-30,CONTROL_08,control,,33523.45
2026-03-31,CONTROL_08,control,,36099.47
2026-01-01,CONTROL_09,control,,62554.22
2026-01-02,CONTROL_09,control,,65357.63
2026-01-03,CONTROL_09,control,,63912.78
2026-01-04,CONTROL_09,control,,58024.97
2026-01-05,CONTROL_09,control,,54813.52
2026-01-06,CONTROL_09,control,,54538.15
2026-01-07,CONTROL_09,control,,58315.63
2026-01-08,CONTROL_09,control,,63916.15
2026-01-09,CONTROL_09,control,,66381.53
2026-01-10,CONTROL_09,control,,65329.95
2026-01-11,CONTROL_09,control,,60073.33
2026-01-12,CONTROL_09,control,,56099.08
2026-01-13,CONTROL_09,control,,55906.63
2026-01-14,CONTROL_09,control,,59224.39
2026-01-15,CONTROL_09,control,,64870.86
2026-01-16,CONTROL_09,control,,67740.67
2026-01-17,CONTROL_09,control,,66290.9
2026-01-18,CONTROL_09,control,,61685.33
2026-01-19,CONTROL_09,control,,56746.86
2026-01-20,CONTROL_09,control,,56119.69
2026-01-21,CONTROL_09,control,,58940.15
2026-01-22,CONTROL_09,control,,64661.93
2026-01-23,CONTROL_09,control,,68047.45
2026-01-24,CONTROL_09,control,,65290.25
2026-01-25,CONTROL_09,control,,60370.92
2026-01-26,CONTROL_09,control,,55471.19
2026-01-27,CONTROL_09,control,,55688.45
2026-01-28,CONTROL_09,control,,58410.67
2026-01-29,CONTROL_09,control,,63290.88
2026-01-30,CONTROL_09,control,,66614.66
2026-01-31,CONTROL_09,control,,64970.76
2026-02-01,CONTROL_09,control,,59551.93
2026-02-02,CONTROL_09,control,,55159.14
2026-02-03,CONTROL_09,control,,54045.96
2026-02-04,CONTROL_09,control,,57376.36
2026-02-05,CONTROL_09,control,,62210.82
2026-02-06,CONTROL_09,control,,64824.33
2026-02-07,CONTROL_09,control,,63040.11
2026-02-08,CONTROL_09,control,,58623.39
2026-02-09,CONTROL_09,control,,54002.23
2026-02-10,CONTROL_09,control,,53455.97
2026-02-11,CONTROL_09,control,,57296.06
2026-02-12,CONTROL_09,control,,62134.07
2026-02-13,CONTROL_09,control,,64296.97
2026-02-14,CONTROL_09,control,,63066.07
2026-02-15,CONTROL_09,control,,58234.4
2026-02-16,CONTROL_09,control,,53685.83
2026-02-17,CONTROL_09,control,,54101.73
2026-02-18,CONTROL_09,control,,57333.7
2026-02-19,CONTROL_09,control,,62656.37
2026-02-20,CONTROL_09,control,,65831.37
2026-02-21,CONTROL_09,control,,65464.12
2026-02-22,CONTROL_09,control,,60194.05
2026-02-23,CONTROL_09,control,,56564.32
2026-02-24,CONTROL_09,control,,55716.74
2026-02-25,CONTROL_09,control,,59604.15
2026-02-26,CONTROL_09,control,,65797.55
2026-02-27,CONTROL_09,control,,69108.24
2026-02-28,CONTROL_09,control,,67448.71
2026-03-01,CONTROL_09,control,,62054.02
2026-03-02,CONTROL_09,control,,57976.85
2026-03-03,CONTROL_09,control,,57251.36
2026-03-04,CONTROL_09,control,,61831.4
2026-03-05,CONTROL_09,control,,67835.08
2026-03-06,CONTROL_09,control,,71926.06
2026-03-07,CONTROL_09,control,,70316.51
2026-03-08,CONTROL_09,control,,64791.41
2026-03-09,CONTROL_09,control,,60257.64
2026-03-10,CONTROL_09,control,,59368.44
2026-03-11,CONTROL_09,control,,64769.9
2026-03-12,CONTROL_09,control,,69981.53
2026-03-13,CONTROL_09,control,,73827.33
2026-03-14,CONTROL_09,control,,70728.68
2026-03-15,CONTROL_09,control,,65373.65
2026-03-16,CONTROL_09,control,,60791.33
2026-03-17,CONTROL_09,control,,59648.18
2026-03-18,CONTROL_09,control,,63654.79
2026-03-19,CONTROL_09,control,,68534.37
2026-03-20,CONTROL_09,control,,72577.26
2026-03-21,CONTROL_09,control,,70146.64
2026-03-22,CONTROL_09,control,,65005.45
2026-03-23,CONTROL_09,control,,59512.87
2026-03-24,CONTROL_09,control,,57942.64
2026-03-25,CONTROL_09,control,,62799.56
2026-03-26,CONTROL_09,control,,68573.79
2026-03-27,CONTROL_09,control,,70033.28
2026-03-28,CONTROL_09,control,,68225.91
2026-03-29,CONTROL_09,control,,63184.61
2026-03-30,CONTROL_09,control,,58328.98
2026-03-31,CONTROL_09,control,,56837.4
2026-01-01,CONTROL_10,control,,89167.75
2026-01-02,CONTROL_10,control,,81883.27
2026-01-03,CONTROL_10,control,,78610.74
2026-01-04,CONTROL_10,control,,82144.07
2026-01-05,CONTROL_10,control,,91677.05
2026-01-06,CONTROL_10,control,,99005.47
2026-01-07,CONTROL_10,control,,97867.83
2026-01-08,CONTROL_10,control,,91980.67
2026-01-09,CONTROL_10,control,,83421.85
2026-01-10,CONTROL_10,control,,81748.49
2026-01-11,CONTROL_10,control,,84875.39
2026-01-12,CONTROL_10,control,,95474.89
2026-01-13,CONTROL_10,control,,100398.23
2026-01-14,CONTROL_10,control,,97748.58
2026-01-15,CONTROL_10,control,,91552.63
2026-01-16,CONTROL_10,control,,85768.36
2026-01-17,CONTROL_10,control,,82772.44
2026-01-18,CONTROL_10,control,,86554.54
2026-01-19,CONTROL_10,control,,95095.03
2026-01-20,CONTROL_10,control,,101916.25
2026-01-21,CONTROL_10,control,,99763.54
2026-01-22,CONTROL_10,control,,91353.36
2026-01-23,CONTROL_10,control,,84868.9
2026-01-24,CONTROL_10,control,,81147.08
2026-01-25,CONTROL_10,control,,85290.9
2026-01-26,CONTROL_10,control,,93642.53
2026-01-27,CONTROL_10,control,,98660.71
2026-01-28,CONTROL_10,control,,96964.07
2026-01-29,CONTROL_10,control,,90971.91
2026-01-30,CONTROL_10,control,,82774.8
2026-01-31,CONTROL_10,control,,80677.61
2026-02-01,CONTROL_10,control,,83888.41
2026-02-02,CONTROL_10,control,,91721.2
2026-02-03,CONTROL_10,control,,96530.65
2026-02-04,CONTROL_10,control,,96388.09
2026-02-05,CONTROL_10,control,,89132.67
2026-02-06,CONTROL_10,control,,81801.91
2026-02-07,CONTROL_10,control,,78653.02
2026-02-08,CONTROL_10,control,,82917.23
2026-02-09,CONTROL_10,control,,89018.96
2026-02-10,CONTROL_10,control,,97818.55
2026-02-11,CONTROL_10,control,,94602.76
2026-02-12,CONTROL_10,control,,88913.87
2026-02-13,CONTROL_10,control,,81398.3
2026-02-14,CONTROL_10,control,,78856.39
2026-02-15,CONTROL_10,control,,83526.67
2026-02-16,CONTROL_10,control,,90704.17
2026-02-17,CONTROL_10,control,,96585.81
2026-02-18,CONTROL_10,control,,95502.86
2026-02-19,CONTROL_10,control,,89809.34
2026-02-20,CONTROL_10,control,,82679.57
2026-02-21,CONTROL_10,control,,82258.53
2026-02-22,CONTROL_10,control,,84590.11
2026-02-23,CONTROL_10,control,,92943.57
2026-02-24,CONTROL_10,control,,100119.48
2026-02-25,CONTROL_10,control,,100916.86
2026-02-26,CONTROL_10,control,,92348.28
2026-02-27,CONTROL_10,control,,85376.85
2026-02-28,CONTROL_10,control,,84136.93
2026-03-01,CONTROL_10,control,,88898.92
2026-03-02,CONTROL_10,control,,96110.33
2026-03-03,CONTROL_10,control,,102129.36
2026-03-04,CONTROL_10,control,,102562.46
2026-03-05,CONTROL_10,control,,97457.65
2026-03-06,CONTROL_10,control,,89311.31
2026-03-07,CONTROL_10,control,,87244.43
2026-03-08,CONTROL_10,control,,91230.77
2026-03-09,CONTROL_10,control,,99877.25
2026-03-10,CONTROL_10,control,,106765.16
2026-03-11,CONTROL_10,control,,105603.19
2026-03-12,CONTROL_10,control,,98997.89
2026-03-13,CONTROL_10,control,,90205.38
2026-03-14,CONTROL_10,control,,87529.67
2026-03-15,CONTROL_10,control,,92668.78
2026-03-16,CONTROL_10,control,,100516.0
2026-03-17,CONTROL_10,control,,106140.17
2026-03-18,CONTROL_10,control,,106478.44
2026-03-19,CONTROL_10,control,,99159.98
2026-03-20,CONTROL_10,control,,90532.84
2026-03-21,CONTROL_10,control,,86868.48
2026-03-22,CONTROL_10,control,,92170.02
2026-03-23,CONTROL_10,control,,101585.99
2026-03-24,CONTROL_10,control,,104685.23
2026-03-25,CONTROL_10,control,,103052.61
2026-03-26,CONTROL_10,control,,96494.95
2026-03-27,CONTROL_10,control,,88266.86
2026-03-28,CONTROL_10,control,,84895.84
2026-03-29,CONTROL_10,control,,88892.07
2026-03-30,CONTROL_10,control,,98297.49
2026-03-31,CONTROL_10,control,,104014.61
2026-01-01,CONTROL_11,control,,105747.5
2026-01-02,CONTROL_11,control,,103553.81
2026-01-03,CONTROL_11,control,,109329.85
2026-01-04,CONTROL_11,control,,121392.39
2026-01-05,CONTROL_11,control,,126589.78
2026-01-06,CONTROL_11,control,,125204.77
2026-01-07,CONTROL_11,control,,115877.99
2026-01-08,CONTROL_11,control,,109382.49
2026-01-09,CONTROL_11,control,,107383.41
2026-01-10,CONTROL_11,control,,112935.05
2026-01-11,CONTROL_11,control,,123726.53
2026-01-12,CONTROL_11,control,,130831.7
2026-01-13,CONTROL_11,control,,128959.22
2026-01-14,CONTROL_11,control,,120428.87
2026-01-15,CONTROL_11,control,,110500.8
2026-01-16,CONTROL_11,control,,108624.31
2026-01-17,CONTROL_11,control,,113482.54
2026-01-18,CONTROL_11,control,,124979.14
2026-01-19,CONTROL_11,control,,129797.22
2026-01-20,CONTROL_11,control,,131061.01
2026-01-21,CONTROL_11,control,,121014.51
2026-01-22,CONTROL_11,control,,110792.19
2026-01-23,CONTROL_11,control,,108646.09
2026-01-24,CONTROL_11,control,,115750.23
2026-01-25,CONTROL_11,control,,124873.26
2026-01-26,CONTROL_11,control,,128318.98
2026-01-27,CONTROL_11,control,,127062.33
2026-01-28,CONTROL_11,control,,115447.49
2026-01-29,CONTROL_11,control,,107437.89
2026-01-30,CONTROL_11,control,,104537.79
2026-01-31,CONTROL_11,control,,111597.75
2026-02-01,CONTROL_11,control,,121735.0
2026-02-02,CONTROL_11,control,,126298.74
2026-02-03,CONTROL_11,control,,124341.25
2026-02-04,CONTROL_11,control,,115537.38
2026-02-05,CONTROL_11,control,,105916.57
2026-02-06,CONTROL_11,control,,103529.34
2026-02-07,CONTROL_11,control,,107651.0
2026-02-08,CONTROL_11,control,,119161.62
2026-02-09,CONTROL_11,control,,126460.4
2026-02-10,CONTROL_11,control,,123638.69
2026-02-11,CONTROL_11,control,,113087.47
2026-02-12,CONTROL_11,control,,105360.54
2026-02-13,CONTROL_11,control,,103768.95
2026-02-14,CONTROL_11,control,,109121.0
2026-02-15,CONTROL_11,control,,120861.6
2026-02-16,CONTROL_11,control,,125931.85
2026-02-17,CONTROL_11,control,,124525.5
2026-02-18,CONTROL_11,control,,116084.99
2026-02-19,CONTROL_11,control,,109449.6
2026-02-20,CONTROL_11,control,,105497.92
2026-02-21,CONTROL_11,control,,112137.18
2026-02-22,CONTROL_11,control,,124160.75
2026-02-23,CONTROL_11,control,,129972.44
2026-02-24,CONTROL_11,control,,128982.26
2026-02-25,CONTROL_11,control,,117883.9
2026-02-26,CONTROL_11,control,,111530.57
2026-02-27,CONTROL_11,control,,109539.59
2026-02-28,CONTROL_11,control,,115564.15
2026-03-01,CONTROL_11,control,,129402.87
2026-03-02,CONTROL_11,control,,135026.09
2026-03-03,CONTROL_11,control,,133286.79
2026-03-04,CONTROL_11,control,,123050.29
2026-03-05,CONTROL_11,control,,113645.76
2026-03-06,CONTROL_11,control,,112711.14
2026-03-07,CONTROL_11,control,,119018.61
2026-03-08,CONTROL_11,control,,132357.4
2026-03-09,CONTROL_11,control,,139999.86
2026-03-10,CONTROL_11,control,,136179.0
2026-03-11,CONTROL_11,control,,125544.71
2026-03-12,CONTROL_11,control,,117071.66
2026-03-13,CONTROL_11,control,,114183.9
2026-03-14,CONTROL_11,control,,122352.0
2026-03-15,CONTROL_11,control,,133496.61
2026-03-16,CONTROL_11,control,,139677.15
2026-03-17,CONTROL_11,control,,137645.45
2026-03-18,CONTROL_11,control,,128506.03
2026-03-19,CONTROL_11,control,,118943.22
2026-03-20,CONTROL_11,control,,114263.83
2026-03-21,CONTROL_11,control,,122123.06
2026-03-22,CONTROL_11,control,,131885.08
2026-03-23,CONTROL_11,control,,137433.62
2026-03-24,CONTROL_11,control,,137153.1
2026-03-25,CONTROL_11,control,,125936.06
2026-03-26,CONTROL_11,control,,115539.03
2026-03-27,CONTROL_11,control,,113026.16
2026-03-28,CONTROL_11,control,,118994.2
2026-03-29,CONTROL_11,control,,128486.41
2026-03-30,CONTROL_11,control,,137808.51
2026-03-31,CONTROL_11,control,,134047.41
2026-01-01,CONTROL_12,control,,48510.67
2026-01-02,CONTROL_12,control,,46803.52
2026-01-03,CONTROL_12,control,,43281.63
2026-01-04,CONTROL_12,control,,40427.94
2026-01-05,CONTROL_12,control,,41567.21
2026-01-06,CONTROL_12,control,,44906.81
2026-01-07,CONTROL_12,control,,49127.99
2026-01-08,CONTROL_12,control,,50071.83
2026-01-09,CONTROL_12,control,,48998.14
2026-01-10,CONTROL_12,control,,44122.69
2026-01-11,CONTROL_12,control,,41905.86
2026-01-12,CONTROL_12,control,,42696.16
2026-01-13,CONTROL_12,control,,46047.56
2026-01-14,CONTROL_12,control,,50356.08
2026-01-15,CONTROL_12,control,,51123.68
2026-01-16,CONTROL_12,control,,48693.46
2026-01-17,CONTROL_12,control,,44837.98
2026-01-18,CONTROL_12,control,,41900.32
2026-01-19,CONTROL_12,control,,43239.12
2026-01-20,CONTROL_12,control,,46570.65
2026-01-21,CONTROL_12,control,,50399.52
2026-01-22,CONTROL_12,control,,50476.85
2026-01-23,CONTROL_12,control,,48694.89
2026-01-24,CONTROL_12,control,,44198.47
2026-01-25,CONTROL_12,control,,41732.24
2026-01-26,CONTROL_12,control,,42703.81
2026-01-27,CONTROL_12,control,,45735.65
2026-01-28,CONTROL_12,control,,49096.1
2026-01-29,CONTROL_12,control,,50542.97
2026-01-30,CONTROL_12,control,,48028.06
2026-01-31,CONTROL_12,control,,44212.18
2026-02-01,CONTROL_12,control,,40226.35
2026-02-02,CONTROL_12,control,,41493.79
2026-02-03,CONTROL_12,control,,44543.77
2026-02-04,CONTROL_12,control,,47833.04
2026-02-05,CONTROL_12,control,,49170.89
2026-02-06,CONTROL_12,control,,46346.18
2026-02-07,CONTROL_12,control,,42083.36
2026-02-08,CONTROL_12,control,,39947.96
2026-02-09,CONTROL_12,control,,40787.02
2026-02-10,CONTROL_12,control,,44909.97
2026-02-11,CONTROL_12,control,,47546.25
2026-02-12,CONTROL_12,control,,48456.56
2026-02-13,CONTROL_12,control,,45984.64
2026-02-14,CONTROL_12,control,,42813.43
2026-02-15,CONTROL_12,control,,40373.27
2026-02-16,CONTROL_12,control,,41273.52
2026-02-17,CONTROL_12,control,,44259.57
2026-02-18,CONTROL_12,control,,48254.5
2026-02-19,CONTROL_12,control,,48910.85
2026-02-20,CONTROL_12,control,,47790.93
2026-02-21,CONTROL_12,control,,43426.3
2026-02-22,CONTROL_12,control,,40628.78
2026-02-23,CONTROL_12,control,,42828.9
2026-02-24,CONTROL_12,control,,46373.2
2026-02-25,CONTROL_12,control,,50306.02
2026-02-26,CONTROL_12,control,,51688.26
2026-02-27,CONTROL_12,control,,49026.44
2026-02-28,CONTROL_12,control,,45978.11
2026-03-01,CONTROL_12,control,,42715.12
2026-03-02,CONTROL_12,control,,44676.08
2026-03-03,CONTROL_12,control,,47963.6
2026-03-04,CONTROL_12,control,,51198.98
2026-03-05,CONTROL_12,control,,53711.48
2026-03-06,CONTROL_12,control,,51898.93
2026-03-07,CONTROL_12,control,,46942.11
2026-03-08,CONTROL_12,control,,44743.21
2026-03-09,CONTROL_12,control,,45145.98
2026-03-10,CONTROL_12,control,,48842.48
2026-03-11,CONTROL_12,control,,52048.77
2026-03-12,CONTROL_12,control,,54944.36
2026-03-13,CONTROL_12,control,,51780.87
2026-03-14,CONTROL_12,control,,47848.19
2026-03-15,CONTROL_12,control,,44451.14
2026-03-16,CONTROL_12,control,,45256.83
2026-03-17,CONTROL_12,control,,49778.74
2026-03-18,CONTROL_12,control,,53092.72
2026-03-19,CONTROL_12,control,,54186.8
2026-03-20,CONTROL_12,control,,51255.81
2026-03-21,CONTROL_12,control,,47483.9
2026-03-22,CONTROL_12,control,,44742.94
2026-03-23,CONTROL_12,control,,44919.15
2026-03-24,CONTROL_12,control,,48618.22
2026-03-25,CONTROL_12,control,,51950.3
2026-03-26,CONTROL_12,control,,54066.72
2026-03-27,CONTROL_12,control,,50608.21
2026-03-28,CONTROL_12,control,,46460.11
2026-03-29,CONTROL_12,control,,44193.98
2026-03-30,CONTROL_12,control,,44118.5
2026-03-31,CONTROL_12,control,,47140.48
2026-01-01,TX_GOOGLE,treatment,Google Ads,76359.77
2026-01-02,TX_GOOGLE,treatment,Google Ads,75961.91
2026-01-03,TX_GOOGLE,treatment,Google Ads,77765.63
2026-01-04,TX_GOOGLE,treatment,Google Ads,79281.54
2026-01-05,TX_GOOGLE,treatment,Google Ads,82078.05
2026-01-06,TX_GOOGLE,treatment,Google Ads,82184.81
2026-01-07,TX_GOOGLE,treatment,Google Ads,79727.86
2026-01-08,TX_GOOGLE,treatment,Google Ads,77767.63
2026-01-09,TX_GOOGLE,treatment,Google Ads,77738.27
2026-01-10,TX_GOOGLE,treatment,Google Ads,80268.24
2026-01-11,TX_GOOGLE,treatment,Google Ads,82427.34
2026-01-12,TX_GOOGLE,treatment,Google Ads,84562.33
2026-01-13,TX_GOOGLE,treatment,Google Ads,83272.58
2026-01-14,TX_GOOGLE,treatment,Google Ads,82097.67
2026-01-15,TX_GOOGLE,treatment,Google Ads,79185.48
2026-01-16,TX_GOOGLE,treatment,Google Ads,79534.47
2026-01-17,TX_GOOGLE,treatment,Google Ads,80384.42
2026-01-18,TX_GOOGLE,treatment,Google Ads,83092.35
2026-01-19,TX_GOOGLE,treatment,Google Ads,85577.98
2026-01-20,TX_GOOGLE,treatment,Google Ads,83639.82
2026-01-21,TX_GOOGLE,treatment,Google Ads,82402.78
2026-01-22,TX_GOOGLE,treatment,Google Ads,80774.67
2026-01-23,TX_GOOGLE,treatment,Google Ads,79657.71
2026-01-24,TX_GOOGLE,treatment,Google Ads,79884.1
2026-01-25,TX_GOOGLE,treatment,Google Ads,82190.54
2026-01-26,TX_GOOGLE,treatment,Google Ads,83293.88
2026-01-27,TX_GOOGLE,treatment,Google Ads,82844.55
2026-01-28,TX_GOOGLE,treatment,Google Ads,81177.04
2026-01-29,TX_GOOGLE,treatment,Google Ads,78154.72
2026-01-30,TX_GOOGLE,treatment,Google Ads,77606.34
2026-01-31,TX_GOOGLE,treatment,Google Ads,80477.26
2026-02-01,TX_GOOGLE,treatment,Google Ads,82539.33
2026-02-02,TX_GOOGLE,treatment,Google Ads,83720.53
2026-02-03,TX_GOOGLE,treatment,Google Ads,82579.79
2026-02-04,TX_GOOGLE,treatment,Google Ads,81487.45
2026-02-05,TX_GOOGLE,treatment,Google Ads,79361.27
2026-02-06,TX_GOOGLE,treatment,Google Ads,80150.92
2026-02-07,TX_GOOGLE,treatment,Google Ads,80515.19
2026-02-08,TX_GOOGLE,treatment,Google Ads,81704.96
2026-02-09,TX_GOOGLE,treatment,Google Ads,84473.15
2026-02-10,TX_GOOGLE,treatment,Google Ads,82459.52
2026-02-11,TX_GOOGLE,treatment,Google Ads,81028.72
2026-02-12,TX_GOOGLE,treatment,Google Ads,79388.07
2026-02-13,TX_GOOGLE,treatment,Google Ads,78767.82
2026-02-14,TX_GOOGLE,treatment,Google Ads,79458.7
2026-02-15,TX_GOOGLE,treatment,Google Ads,82734.27
2026-02-16,TX_GOOGLE,treatment,Google Ads,83017.34
2026-02-17,TX_GOOGLE,treatment,Google Ads,83393.89
2026-02-18,TX_GOOGLE,treatment,Google Ads,81973.81
2026-02-19,TX_GOOGLE,treatment,Google Ads,80615.78
2026-02-20,TX_GOOGLE,treatment,Google Ads,80384.37
2026-02-21,TX_GOOGLE,treatment,Google Ads,82695.02
2026-02-22,TX_GOOGLE,treatment,Google Ads,83872.53
2026-02-23,TX_GOOGLE,treatment,Google Ads,87037.33
2026-02-24,TX_GOOGLE,treatment,Google Ads,86378.63
2026-02-25,TX_GOOGLE,treatment,Google Ads,83884.88
2026-02-26,TX_GOOGLE,treatment,Google Ads,82257.84
2026-02-27,TX_GOOGLE,treatment,Google Ads,82282.25
2026-02-28,TX_GOOGLE,treatment,Google Ads,85555.45
2026-03-01,TX_GOOGLE,treatment,Google Ads,88319.87
2026-03-02,TX_GOOGLE,treatment,Google Ads,88507.0
2026-03-03,TX_GOOGLE,treatment,Google Ads,90010.75
2026-03-04,TX_GOOGLE,treatment,Google Ads,88051.95
2026-03-05,TX_GOOGLE,treatment,Google Ads,84715.24
2026-03-06,TX_GOOGLE,treatment,Google Ads,85198.99
2026-03-07,TX_GOOGLE,treatment,Google Ads,86999.89
2026-03-08,TX_GOOGLE,treatment,Google Ads,89798.83
2026-03-09,TX_GOOGLE,treatment,Google Ads,90236.5
2026-03-10,TX_GOOGLE,treatment,Google Ads,91326.19
2026-03-11,TX_GOOGLE,treatment,Google Ads,89720.0
2026-03-12,TX_GOOGLE,treatment,Google Ads,87886.91
2026-03-13,TX_GOOGLE,treatment,Google Ads,86502.79
2026-03-14,TX_GOOGLE,treatment,Google Ads,89092.75
2026-03-15,TX_GOOGLE,treatment,Google Ads,91092.72
2026-03-16,TX_GOOGLE,treatment,Google Ads,92919.74
2026-03-17,TX_GOOGLE,treatment,Google Ads,93034.14
2026-03-18,TX_GOOGLE,treatment,Google Ads,90493.51
2026-03-19,TX_GOOGLE,treatment,Google Ads,87605.65
2026-03-20,TX_GOOGLE,treatment,Google Ads,87266.36
2026-03-21,TX_GOOGLE,treatment,Google Ads,87321.96
2026-03-22,TX_GOOGLE,treatment,Google Ads,90135.68
2026-03-23,TX_GOOGLE,treatment,Google Ads,92076.85
2026-03-24,TX_GOOGLE,treatment,Google Ads,91259.17
2026-03-25,TX_GOOGLE,treatment,Google Ads,88403.29
2026-03-26,TX_GOOGLE,treatment,Google Ads,86765.1
2026-03-27,TX_GOOGLE,treatment,Google Ads,84957.73
2026-03-28,TX_GOOGLE,treatment,Google Ads,87694.64
2026-03-29,TX_GOOGLE,treatment,Google Ads,89285.2
2026-03-30,TX_GOOGLE,treatment,Google Ads,90030.07
2026-03-31,TX_GOOGLE,treatment,Google Ads,89822.44
2026-01-01,TX_META,treatment,Meta Ads,69718.43
2026-01-02,TX_META,treatment,Meta Ads,69081.41
2026-01-03,TX_META,treatment,Meta Ads,69659.56
2026-01-04,TX_META,treatment,Meta Ads,69879.96
2026-01-05,TX_META,treatment,Meta Ads,70283.05
2026-01-06,TX_META,treatment,Meta Ads,70827.04
2026-01-07,TX_META,treatment,Meta Ads,71149.05
2026-01-08,TX_META,treatment,Meta Ads,72374.67
2026-01-09,TX_META,treatment,Meta Ads,71422.96
2026-01-10,TX_META,treatment,Meta Ads,72069.49
2026-01-11,TX_META,treatment,Meta Ads,71907.88
2026-01-12,TX_META,treatment,Meta Ads,72877.51
2026-01-13,TX_META,treatment,Meta Ads,73039.95
2026-01-14,TX_META,treatment,Meta Ads,72620.61
2026-01-15,TX_META,treatment,Meta Ads,73409.14
2026-01-16,TX_META,treatment,Meta Ads,72711.16
2026-01-17,TX_META,treatment,Meta Ads,72708.45
2026-01-18,TX_META,treatment,Meta Ads,72123.29
2026-01-19,TX_META,treatment,Meta Ads,73235.8
2026-01-20,TX_META,treatment,Meta Ads,73139.27
2026-01-21,TX_META,treatment,Meta Ads,72911.41
2026-01-22,TX_META,treatment,Meta Ads,72558.6
2026-01-23,TX_META,treatment,Meta Ads,72013.34
2026-01-24,TX_META,treatment,Meta Ads,71800.05
2026-01-25,TX_META,treatment,Meta Ads,72200.73
2026-01-26,TX_META,treatment,Meta Ads,72482.3
2026-01-27,TX_META,treatment,Meta Ads,71969.78
2026-01-28,TX_META,treatment,Meta Ads,71679.49
2026-01-29,TX_META,treatment,Meta Ads,71450.93
2026-01-30,TX_META,treatment,Meta Ads,70347.57
2026-01-31,TX_META,treatment,Meta Ads,71965.34
2026-02-01,TX_META,treatment,Meta Ads,71729.42
2026-02-02,TX_META,treatment,Meta Ads,73072.78
2026-02-03,TX_META,treatment,Meta Ads,72623.42
2026-02-04,TX_META,treatment,Meta Ads,71780.04
2026-02-05,TX_META,treatment,Meta Ads,71673.95
2026-02-06,TX_META,treatment,Meta Ads,71325.17
2026-02-07,TX_META,treatment,Meta Ads,70903.18
2026-02-08,TX_META,treatment,Meta Ads,71685.5
2026-02-09,TX_META,treatment,Meta Ads,72878.15
2026-02-10,TX_META,treatment,Meta Ads,72143.69
2026-02-11,TX_META,treatment,Meta Ads,71857.78
2026-02-12,TX_META,treatment,Meta Ads,71399.85
2026-02-13,TX_META,treatment,Meta Ads,71062.17
2026-02-14,TX_META,treatment,Meta Ads,71041.82
2026-02-15,TX_META,treatment,Meta Ads,71976.78
2026-02-16,TX_META,treatment,Meta Ads,71864.88
2026-02-17,TX_META,treatment,Meta Ads,72870.5
2026-02-18,TX_META,treatment,Meta Ads,72665.56
2026-02-19,TX_META,treatment,Meta Ads,72447.76
2026-02-20,TX_META,treatment,Meta Ads,73739.25
2026-02-21,TX_META,treatment,Meta Ads,73107.57
2026-02-22,TX_META,treatment,Meta Ads,73674.42
2026-02-23,TX_META,treatment,Meta Ads,75485.3
2026-02-24,TX_META,treatment,Meta Ads,74978.62
2026-02-25,TX_META,treatment,Meta Ads,76197.65
2026-02-26,TX_META,treatment,Meta Ads,76059.64
2026-02-27,TX_META,treatment,Meta Ads,75502.77
2026-02-28,TX_META,treatment,Meta Ads,75263.22
2026-03-01,TX_META,treatment,Meta Ads,77321.34
2026-03-02,TX_META,treatment,Meta Ads,77278.52
2026-03-03,TX_META,treatment,Meta Ads,77335.93
2026-03-04,TX_META,treatment,Meta Ads,78593.76
2026-03-05,TX_META,treatment,Meta Ads,77932.08
2026-03-06,TX_META,treatment,Meta Ads,79179.77
2026-03-07,TX_META,treatment,Meta Ads,78256.27
2026-03-08,TX_META,treatment,Meta Ads,79252.76
2026-03-09,TX_META,treatment,Meta Ads,78927.39
2026-03-10,TX_META,treatment,Meta Ads,79759.91
2026-03-11,TX_META,treatment,Meta Ads,79521.61
2026-03-12,TX_META,treatment,Meta Ads,79941.84
2026-03-13,TX_META,treatment,Meta Ads,79606.96
2026-03-14,TX_META,treatment,Meta Ads,79464.96
2026-03-15,TX_META,treatment,Meta Ads,80087.12
2026-03-16,TX_META,treatment,Meta Ads,80700.09
2026-03-17,TX_META,treatment,Meta Ads,80360.6
2026-03-18,TX_META,treatment,Meta Ads,79269.34
2026-03-19,TX_META,treatment,Meta Ads,79425.6
2026-03-20,TX_META,treatment,Meta Ads,79480.12
2026-03-21,TX_META,treatment,Meta Ads,79451.38
2026-03-22,TX_META,treatment,Meta Ads,79896.11
2026-03-23,TX_META,treatment,Meta Ads,79820.36
2026-03-24,TX_META,treatment,Meta Ads,78851.98
2026-03-25,TX_META,treatment,Meta Ads,78887.66
2026-03-26,TX_META,treatment,Meta Ads,77749.26
2026-03-27,TX_META,treatment,Meta Ads,78176.02
2026-03-28,TX_META,treatment,Meta Ads,77432.12
2026-03-29,TX_META,treatment,Meta Ads,77439.1
2026-03-30,TX_META,treatment,Meta Ads,77660.45
2026-03-31,TX_META,treatment,Meta Ads,77605.34
2026-01-01,TX_TIKTOK,treatment,TikTok Ads,79937.57
2026-01-02,TX_TIKTOK,treatment,TikTok Ads,80727.55
2026-01-03,TX_TIKTOK,treatment,TikTok Ads,82876.28
2026-01-04,TX_TIKTOK,treatment,TikTok Ads,83714.62
2026-01-05,TX_TIKTOK,treatment,TikTok Ads,81768.24
2026-01-06,TX_TIKTOK,treatment,TikTok Ads,82089.08
2026-01-07,TX_TIKTOK,treatment,TikTok Ads,81765.71
2026-01-08,TX_TIKTOK,treatment,TikTok Ads,82506.89
2026-01-09,TX_TIKTOK,treatment,TikTok Ads,84957.83
2026-01-10,TX_TIKTOK,treatment,TikTok Ads,85198.95
2026-01-11,TX_TIKTOK,treatment,TikTok Ads,85292.65
2026-01-12,TX_TIKTOK,treatment,TikTok Ads,84497.71
2026-01-13,TX_TIKTOK,treatment,TikTok Ads,82704.28
2026-01-14,TX_TIKTOK,treatment,TikTok Ads,82699.06
2026-01-15,TX_TIKTOK,treatment,TikTok Ads,83581.77
2026-01-16,TX_TIKTOK,treatment,TikTok Ads,86863.0
2026-01-17,TX_TIKTOK,treatment,TikTok Ads,86948.66
2026-01-18,TX_TIKTOK,treatment,TikTok Ads,86926.25
2026-01-19,TX_TIKTOK,treatment,TikTok Ads,85474.02
2026-01-20,TX_TIKTOK,treatment,TikTok Ads,83915.43
2026-01-21,TX_TIKTOK,treatment,TikTok Ads,83234.71
2026-01-22,TX_TIKTOK,treatment,TikTok Ads,82974.05
2026-01-23,TX_TIKTOK,treatment,TikTok Ads,84830.99
2026-01-24,TX_TIKTOK,treatment,TikTok Ads,87489.0
2026-01-25,TX_TIKTOK,treatment,TikTok Ads,85584.14
2026-01-26,TX_TIKTOK,treatment,TikTok Ads,82970.98
2026-01-27,TX_TIKTOK,treatment,TikTok Ads,81607.64
2026-01-28,TX_TIKTOK,treatment,TikTok Ads,80255.89
2026-01-29,TX_TIKTOK,treatment,TikTok Ads,83150.83
2026-01-30,TX_TIKTOK,treatment,TikTok Ads,84057.97
2026-01-31,TX_TIKTOK,treatment,TikTok Ads,87917.74
2026-02-01,TX_TIKTOK,treatment,TikTok Ads,87611.61
2026-02-02,TX_TIKTOK,treatment,TikTok Ads,85261.48
2026-02-03,TX_TIKTOK,treatment,TikTok Ads,83268.88
2026-02-04,TX_TIKTOK,treatment,TikTok Ads,81774.03
2026-02-05,TX_TIKTOK,treatment,TikTok Ads,83012.43
2026-02-06,TX_TIKTOK,treatment,TikTok Ads,84566.48
2026-02-07,TX_TIKTOK,treatment,TikTok Ads,85170.61
2026-02-08,TX_TIKTOK,treatment,TikTok Ads,85182.61
2026-02-09,TX_TIKTOK,treatment,TikTok Ads,84212.34
2026-02-10,TX_TIKTOK,treatment,TikTok Ads,82395.3
2026-02-11,TX_TIKTOK,treatment,TikTok Ads,81070.19
2026-02-12,TX_TIKTOK,treatment,TikTok Ads,81383.16
2026-02-13,TX_TIKTOK,treatment,TikTok Ads,84940.55
2026-02-14,TX_TIKTOK,treatment,TikTok Ads,86445.09
2026-02-15,TX_TIKTOK,treatment,TikTok Ads,85909.43
2026-02-16,TX_TIKTOK,treatment,TikTok Ads,83580.55
2026-02-17,TX_TIKTOK,treatment,TikTok Ads,83145.27
2026-02-18,TX_TIKTOK,treatment,TikTok Ads,83148.24
2026-02-19,TX_TIKTOK,treatment,TikTok Ads,83343.41
2026-02-20,TX_TIKTOK,treatment,TikTok Ads,86620.05
2026-02-21,TX_TIKTOK,treatment,TikTok Ads,87050.71
2026-02-22,TX_TIKTOK,treatment,TikTok Ads,87932.3
2026-02-23,TX_TIKTOK,treatment,TikTok Ads,87781.01
2026-02-24,TX_TIKTOK,treatment,TikTok Ads,86094.03
2026-02-25,TX_TIKTOK,treatment,TikTok Ads,85654.62
2026-02-26,TX_TIKTOK,treatment,TikTok Ads,87226.89
2026-02-27,TX_TIKTOK,treatment,TikTok Ads,89166.58
2026-02-28,TX_TIKTOK,treatment,TikTok Ads,92992.34
2026-03-01,TX_TIKTOK,treatment,TikTok Ads,92137.13
2026-03-02,TX_TIKTOK,treatment,TikTok Ads,89813.66
2026-03-03,TX_TIKTOK,treatment,TikTok Ads,88534.52
2026-03-04,TX_TIKTOK,treatment,TikTok Ads,88488.05
2026-03-05,TX_TIKTOK,treatment,TikTok Ads,91144.37
2026-03-06,TX_TIKTOK,treatment,TikTok Ads,93238.28
2026-03-07,TX_TIKTOK,treatment,TikTok Ads,94862.94
2026-03-08,TX_TIKTOK,treatment,TikTok Ads,94076.8
2026-03-09,TX_TIKTOK,treatment,TikTok Ads,91854.74
2026-03-10,TX_TIKTOK,treatment,TikTok Ads,92240.2
2026-03-11,TX_TIKTOK,treatment,TikTok Ads,90664.79
2026-03-12,TX_TIKTOK,treatment,TikTok Ads,91759.63
2026-03-13,TX_TIKTOK,treatment,TikTok Ads,93159.51
2026-03-14,TX_TIKTOK,treatment,TikTok Ads,95196.46
2026-03-15,TX_TIKTOK,treatment,TikTok Ads,94854.46
2026-03-16,TX_TIKTOK,treatment,TikTok Ads,92630.55
2026-03-17,TX_TIKTOK,treatment,TikTok Ads,92464.67
2026-03-18,TX_TIKTOK,treatment,TikTok Ads,90951.69
2026-03-19,TX_TIKTOK,treatment,TikTok Ads,92373.4
2026-03-20,TX_TIKTOK,treatment,TikTok Ads,93840.14
2026-03-21,TX_TIKTOK,treatment,TikTok Ads,95062.27
2026-03-22,TX_TIKTOK,treatment,TikTok Ads,94571.53
2026-03-23,TX_TIKTOK,treatment,TikTok Ads,92863.97
2026-03-24,TX_TIKTOK,treatment,TikTok Ads,90580.85
2026-03-25,TX_TIKTOK,treatment,TikTok Ads,89140.43
2026-03-26,TX_TIKTOK,treatment,TikTok Ads,90221.24
2026-03-27,TX_TIKTOK,treatment,TikTok Ads,91255.67
2026-03-28,TX_TIKTOK,treatment,TikTok Ads,92207.36
2026-03-29,TX_TIKTOK,treatment,TikTok Ads,91794.39
2026-03-30,TX_TIKTOK,treatment,TikTok Ads,90302.91
2026-03-31,TX_TIKTOK,treatment,TikTok Ads,87291.99
2026-01-01,TX_NETFLIX,treatment,Netflix Ads,76232.03
2026-01-02,TX_NETFLIX,treatment,Netflix Ads,76877.74
2026-01-03,TX_NETFLIX,treatment,Netflix Ads,75511.64
2026-01-04,TX_NETFLIX,treatment,Netflix Ads,75095.76
2026-01-05,TX_NETFLIX,treatment,Netflix Ads,76064.91
2026-01-06,TX_NETFLIX,treatment,Netflix Ads,76914.21
2026-01-07,TX_NETFLIX,treatment,Netflix Ads,77458.08
2026-01-08,TX_NETFLIX,treatment,Netflix Ads,79061.33
2026-01-09,TX_NETFLIX,treatment,Netflix Ads,79674.38
2026-01-10,TX_NETFLIX,treatment,Netflix Ads,79374.63
2026-01-11,TX_NETFLIX,treatment,Netflix Ads,78295.4
2026-01-12,TX_NETFLIX,treatment,Netflix Ads,77892.23
2026-01-13,TX_NETFLIX,treatment,Netflix Ads,77403.42
2026-01-14,TX_NETFLIX,treatment,Netflix Ads,79693.59
2026-01-15,TX_NETFLIX,treatment,Netflix Ads,80556.64
2026-01-16,TX_NETFLIX,treatment,Netflix Ads,81190.12
2026-01-17,TX_NETFLIX,treatment,Netflix Ads,78617.01
2026-01-18,TX_NETFLIX,treatment,Netflix Ads,77995.14
2026-01-19,TX_NETFLIX,treatment,Netflix Ads,77658.34
2026-01-20,TX_NETFLIX,treatment,Netflix Ads,79393.49
2026-01-21,TX_NETFLIX,treatment,Netflix Ads,78588.62
2026-01-22,TX_NETFLIX,treatment,Netflix Ads,79632.16
2026-01-23,TX_NETFLIX,treatment,Netflix Ads,81494.35
2026-01-24,TX_NETFLIX,treatment,Netflix Ads,79269.3
2026-01-25,TX_NETFLIX,treatment,Netflix Ads,77716.93
2026-01-26,TX_NETFLIX,treatment,Netflix Ads,77288.55
2026-01-27,TX_NETFLIX,treatment,Netflix Ads,77926.82
2026-01-28,TX_NETFLIX,treatment,Netflix Ads,78890.44
2026-01-29,TX_NETFLIX,treatment,Netflix Ads,78242.81
2026-01-30,TX_NETFLIX,treatment,Netflix Ads,77806.59
2026-01-31,TX_NETFLIX,treatment,Netflix Ads,80338.31
2026-02-01,TX_NETFLIX,treatment,Netflix Ads,78782.46
2026-02-02,TX_NETFLIX,treatment,Netflix Ads,78396.14
2026-02-03,TX_NETFLIX,treatment,Netflix Ads,77962.04
2026-02-04,TX_NETFLIX,treatment,Netflix Ads,78694.69
2026-02-05,TX_NETFLIX,treatment,Netflix Ads,80315.87
2026-02-06,TX_NETFLIX,treatment,Netflix Ads,79795.33
2026-02-07,TX_NETFLIX,treatment,Netflix Ads,78919.85
2026-02-08,TX_NETFLIX,treatment,Netflix Ads,77417.62
2026-02-09,TX_NETFLIX,treatment,Netflix Ads,77207.45
2026-02-10,TX_NETFLIX,treatment,Netflix Ads,77632.56
2026-02-11,TX_NETFLIX,treatment,Netflix Ads,77879.41
2026-02-12,TX_NETFLIX,treatment,Netflix Ads,79404.23
2026-02-13,TX_NETFLIX,treatment,Netflix Ads,80057.45
2026-02-14,TX_NETFLIX,treatment,Netflix Ads,79296.08
2026-02-15,TX_NETFLIX,treatment,Netflix Ads,78876.93
2026-02-16,TX_NETFLIX,treatment,Netflix Ads,77488.55
2026-02-17,TX_NETFLIX,treatment,Netflix Ads,78974.61
2026-02-18,TX_NETFLIX,treatment,Netflix Ads,80185.0
2026-02-19,TX_NETFLIX,treatment,Netflix Ads,81911.52
2026-02-20,TX_NETFLIX,treatment,Netflix Ads,80442.06
2026-02-21,TX_NETFLIX,treatment,Netflix Ads,81260.01
2026-02-22,TX_NETFLIX,treatment,Netflix Ads,79708.33
2026-02-23,TX_NETFLIX,treatment,Netflix Ads,80787.41
2026-02-24,TX_NETFLIX,treatment,Netflix Ads,81113.43
2026-02-25,TX_NETFLIX,treatment,Netflix Ads,83107.76
2026-02-26,TX_NETFLIX,treatment,Netflix Ads,83488.83
2026-02-27,TX_NETFLIX,treatment,Netflix Ads,82573.74
2026-02-28,TX_NETFLIX,treatment,Netflix Ads,83611.09
2026-03-01,TX_NETFLIX,treatment,Netflix Ads,83361.78
2026-03-02,TX_NETFLIX,treatment,Netflix Ads,83160.55
2026-03-03,TX_NETFLIX,treatment,Netflix Ads,83046.94
2026-03-04,TX_NETFLIX,treatment,Netflix Ads,84362.87
2026-03-05,TX_NETFLIX,treatment,Netflix Ads,85876.03
2026-03-06,TX_NETFLIX,treatment,Netflix Ads,86588.87
2026-03-07,TX_NETFLIX,treatment,Netflix Ads,86707.85
2026-03-08,TX_NETFLIX,treatment,Netflix Ads,84818.95
2026-03-09,TX_NETFLIX,treatment,Netflix Ads,84290.1
2026-03-10,TX_NETFLIX,treatment,Netflix Ads,86472.82
2026-03-11,TX_NETFLIX,treatment,Netflix Ads,87083.26
2026-03-12,TX_NETFLIX,treatment,Netflix Ads,88838.74
2026-03-13,TX_NETFLIX,treatment,Netflix Ads,88364.71
2026-03-14,TX_NETFLIX,treatment,Netflix Ads,87549.71
2026-03-15,TX_NETFLIX,treatment,Netflix Ads,86156.48
2026-03-16,TX_NETFLIX,treatment,Netflix Ads,86111.53
2026-03-17,TX_NETFLIX,treatment,Netflix Ads,86732.98
2026-03-18,TX_NETFLIX,treatment,Netflix Ads,87589.4
2026-03-19,TX_NETFLIX,treatment,Netflix Ads,87205.66
2026-03-20,TX_NETFLIX,treatment,Netflix Ads,88138.45
2026-03-21,TX_NETFLIX,treatment,Netflix Ads,86096.14
2026-03-22,TX_NETFLIX,treatment,Netflix Ads,85776.39
2026-03-23,TX_NETFLIX,treatment,Netflix Ads,85322.87
2026-03-24,TX_NETFLIX,treatment,Netflix Ads,87116.24
2026-03-25,TX_NETFLIX,treatment,Netflix Ads,85842.27
2026-03-26,TX_NETFLIX,treatment,Netflix Ads,86896.34
2026-03-27,TX_NETFLIX,treatment,Netflix Ads,86433.17
2026-03-28,TX_NETFLIX,treatment,Netflix Ads,86116.64
2026-03-29,TX_NETFLIX,treatment,Netflix Ads,83678.26
2026-03-30,TX_NETFLIX,treatment,Netflix Ads,84075.76
2026-03-31,TX_NETFLIX,treatment,Netflix Ads,84114.59
