date,channel,campaign_id,spend,impressions,clicks,reported_conversions,reported_revenue
2026-01-01,Meta Ads,META_ADS_CMP_01,1062.18,88515,1131,49,3675.0
2026-01-01,Meta Ads,META_ADS_CMP_02,1406.32,117194,2128,97,7275.0
2026-01-01,Google Ads,GOOGLE_ADS_CMP_01,1832.44,122163,2912,133,9975.0
2026-01-01,Google Ads,GOOGLE_ADS_CMP_02,1524.76,101650,2191,102,7650.0
2026-01-01,TikTok Ads,TIKTOK_ADS_CMP_01,546.07,68259,587,8,600.0
2026-01-01,TikTok Ads,TIKTOK_ADS_CMP_02,657.12,82140,732,22,1650.0
2026-01-01,Netflix Ads,NETFLIX_ADS_CMP_01,639.03,25561,174,3,225.0
2026-01-01,Netflix Ads,NETFLIX_ADS_CMP_02,864.09,34564,276,3,225.0
2026-01-02,Meta Ads,META_ADS_CMP_01,981.15,81762,1020,50,3750.0
2026-01-02,Meta Ads,META_ADS_CMP_02,929.4,77450,1276,53,3975.0
2026-01-02,Google Ads,GOOGLE_ADS_CMP_01,1045.23,69682,1601,63,4725.0
2026-01-02,Google Ads,GOOGLE_ADS_CMP_02,1356.75,90450,2323,87,6525.0
2026-01-02,TikTok Ads,TIKTOK_ADS_CMP_01,437.28,54659,610,23,1725.0
2026-01-02,TikTok Ads,TIKTOK_ADS_CMP_02,437.02,54628,455,12,900.0
2026-01-02,Netflix Ads,NETFLIX_ADS_CMP_01,798.54,31942,244,4,300.0
2026-01-02,Netflix Ads,NETFLIX_ADS_CMP_02,982.53,39301,309,7,525.0
2026-01-03,Meta Ads,META_ADS_CMP_01,1332.55,111046,1998,88,6600.0
2026-01-03,Meta Ads,META_ADS_CMP_02,1099.28,91607,1390,55,4125.0
2026-01-03,Google Ads,GOOGLE_ADS_CMP_01,1907.57,127171,3043,126,9450.0
2026-01-03,Google Ads,GOOGLE_ADS_CMP_02,1076.98,71799,1679,81,6075.0
2026-01-03,TikTok Ads,TIKTOK_ADS_CMP_01,716.7,89588,942,29,2175.0
2026-01-03,TikTok Ads,TIKTOK_ADS_CMP_02,669.67,83709,720,19,1425.0
2026-01-03,Netflix Ads,NETFLIX_ADS_CMP_01,1090.81,43632,117,2,150.0
2026-01-03,Netflix Ads,NETFLIX_ADS_CMP_02,802.57,32103,246,5,375.0
2026-01-04,Meta Ads,META_ADS_CMP_01,1054.54,87878,1315,39,2925.0
2026-01-04,Meta Ads,META_ADS_CMP_02,825.82,68818,1041,60,4500.0
2026-01-04,Google Ads,GOOGLE_ADS_CMP_01,1908.27,127218,3034,144,10800.0
2026-01-04,Google Ads,GOOGLE_ADS_CMP_02,1242.06,82804,2259,121,9075.0
2026-01-04,TikTok Ads,TIKTOK_ADS_CMP_01,583.89,72986,935,37,2775.0
2026-01-04,TikTok Ads,TIKTOK_ADS_CMP_02,817.65,102206,820,20,1500.0
2026-01-04,Netflix Ads,NETFLIX_ADS_CMP_01,1006.54,40262,323,5,375.0
2026-01-04,Netflix Ads,NETFLIX_ADS_CMP_02,704.62,28185,174,5,375.0
2026-01-05,Meta Ads,META_ADS_CMP_01,1038.75,86562,1237,58,4350.0
2026-01-05,Meta Ads,META_ADS_CMP_02,1188.64,99053,1167,49,3675.0
2026-01-05,Google Ads,GOOGLE_ADS_CMP_01,1900.42,126695,2802,159,11925.0
2026-01-05,Google Ads,GOOGLE_ADS_CMP_02,1897.11,126474,3225,171,12825.0
2026-01-05,TikTok Ads,TIKTOK_ADS_CMP_01,480.81,60102,628,21,1575.0
2026-01-05,TikTok Ads,TIKTOK_ADS_CMP_02,731.75,91469,1256,42,3150.0
2026-01-05,Netflix Ads,NETFLIX_ADS_CMP_01,1027.31,41092,267,2,150.0
2026-01-05,Netflix Ads,NETFLIX_ADS_CMP_02,1109.53,44381,428,12,900.0
2026-01-06,Meta Ads,META_ADS_CMP_01,985.64,82137,1376,57,4275.0
2026-01-06,Meta Ads,META_ADS_CMP_02,1151.85,95987,1389,84,6300.0
2026-01-06,Google Ads,GOOGLE_ADS_CMP_01,1280.77,85385,2142,102,7650.0
2026-01-06,Google Ads,GOOGLE_ADS_CMP_02,1953.93,130262,3198,167,12525.0
2026-01-06,TikTok Ads,TIKTOK_ADS_CMP_01,614.09,76762,698,25,1875.0
2026-01-06,TikTok Ads,TIKTOK_ADS_CMP_02,558.46,69808,728,15,1125.0
2026-01-06,Netflix Ads,NETFLIX_ADS_CMP_01,942.04,37681,319,4,300.0
2026-01-06,Netflix Ads,NETFLIX_ADS_CMP_02,911.0,36440,318,7,525.0
2026-01-07,Meta Ads,META_ADS_CMP_01,1051.64,87637,1473,57,4275.0
2026-01-07,Meta Ads,META_ADS_CMP_02,1439.27,119939,1923,136,10200.0
2026-01-07,Google Ads,GOOGLE_ADS_CMP_01,1701.97,113464,2889,146,10950.0
2026-01-07,Google Ads,GOOGLE_ADS_CMP_02,1093.98,72932,1753,89,6675.0
2026-01-07,TikTok Ads,TIKTOK_ADS_CMP_01,543.27,67909,623,18,1350.0
2026-01-07,TikTok Ads,TIKTOK_ADS_CMP_02,580.1,72512,734,17,1275.0
2026-01-07,Netflix Ads,NETFLIX_ADS_CMP_01,973.73,38949,498,15,1125.0
2026-01-07,Netflix Ads,NETFLIX_ADS_CMP_02,1185.51,47420,187,4,300.0
2026-01-08,Meta Ads,META_ADS_CMP_01,1107.28,92273,1242,66,4950.0
2026-01-08,Meta Ads,META_ADS_CMP_02,975.17,81264,1506,68,5100.0
2026-01-08,Google Ads,GOOGLE_ADS_CMP_01,1954.87,130324,3356,204,15300.0
2026-01-08,Google Ads,GOOGLE_ADS_CMP_02,1247.73,83182,2290,100,7500.0
2026-01-08,TikTok Ads,TIKTOK_ADS_CMP_01,423.0,52875,504,21,1575.0
2026-01-08,TikTok Ads,TIKTOK_ADS_CMP_02,636.74,79592,756,15,1125.0
2026-01-08,Netflix Ads,NETFLIX_ADS_CMP_01,981.06,39242,304,5,375.0
2026-01-08,Netflix Ads,NETFLIX_ADS_CMP_02,1113.89,44556,269,6,450.0
2026-01-09,Meta Ads,META_ADS_CMP_01,818.56,68213,1111,48,3600.0
2026-01-09,Meta Ads,META_ADS_CMP_02,1250.3,104192,2007,59,4425.0
2026-01-09,Google Ads,GOOGLE_ADS_CMP_01,1961.19,130746,3141,159,11925.0
2026-01-09,Google Ads,GOOGLE_ADS_CMP_02,1023.27,68218,1625,87,6525.0
2026-01-09,TikTok Ads,TIKTOK_ADS_CMP_01,714.47,89309,958,33,2475.0
2026-01-09,TikTok Ads,TIKTOK_ADS_CMP_02,488.72,61090,702,25,1875.0
2026-01-09,Netflix Ads,NETFLIX_ADS_CMP_01,823.21,32928,219,6,450.0
2026-01-09,Netflix Ads,NETFLIX_ADS_CMP_02,857.4,34296,331,7,525.0
2026-01-10,Meta Ads,META_ADS_CMP_01,1153.68,96140,1342,68,5100.0
2026-01-10,Meta Ads,META_ADS_CMP_02,807.59,67299,1053,45,3375.0
2026-01-10,Google Ads,GOOGLE_ADS_CMP_01,1631.84,108789,2330,108,8100.0
2026-01-10,Google Ads,GOOGLE_ADS_CMP_02,1752.37,116825,3066,160,12000.0
2026-01-10,TikTok Ads,TIKTOK_ADS_CMP_01,428.78,53597,312,14,1050.0
2026-01-10,TikTok Ads,TIKTOK_ADS_CMP_02,458.53,57317,621,16,1200.0
2026-01-10,Netflix Ads,NETFLIX_ADS_CMP_01,650.46,26019,186,4,300.0
2026-01-10,Netflix Ads,NETFLIX_ADS_CMP_02,648.81,25952,132,1,75.0
2026-01-11,Meta Ads,META_ADS_CMP_01,1490.2,124183,1698,84,6300.0
2026-01-11,Meta Ads,META_ADS_CMP_02,1190.88,99240,1659,65,4875.0
2026-01-11,Google Ads,GOOGLE_ADS_CMP_01,1011.35,67424,1594,76,5700.0
2026-01-11,Google Ads,GOOGLE_ADS_CMP_02,1649.21,109947,2863,176,13200.0
2026-01-11,TikTok Ads,TIKTOK_ADS_CMP_01,542.86,67857,632,22,1650.0
2026-01-11,TikTok Ads,TIKTOK_ADS_CMP_02,884.94,110617,1156,32,2400.0
2026-01-11,Netflix Ads,NETFLIX_ADS_CMP_01,1181.58,47263,593,12,900.0
2026-01-11,Netflix Ads,NETFLIX_ADS_CMP_02,976.53,39061,381,7,525.0
2026-01-12,Meta Ads,META_ADS_CMP_01,1465.29,122107,1805,89,6675.0
2026-01-12,Meta Ads,META_ADS_CMP_02,931.68,77640,835,32,2400.0
2026-01-12,Google Ads,GOOGLE_ADS_CMP_01,1974.39,131626,2787,150,11250.0
2026-01-12,Google Ads,GOOGLE_ADS_CMP_02,1162.62,77508,1733,110,8250.0
2026-01-12,TikTok Ads,TIKTOK_ADS_CMP_01,422.61,52826,520,15,1125.0
2026-01-12,TikTok Ads,TIKTOK_ADS_CMP_02,475.21,59401,390,15,1125.0
2026-01-12,Netflix Ads,NETFLIX_ADS_CMP_01,1103.0,44120,137,1,75.0
2026-01-12,Netflix Ads,NETFLIX_ADS_CMP_02,1118.83,44753,358,6,450.0
2026-01-13,Meta Ads,META_ADS_CMP_01,1394.75,116229,1671,50,3750.0
2026-01-13,Meta Ads,META_ADS_CMP_02,1224.32,102027,1676,58,4350.0
2026-01-13,Google Ads,GOOGLE_ADS_CMP_01,1113.56,74237,1892,121,9075.0
2026-01-13,Google Ads,GOOGLE_ADS_CMP_02,1852.18,123479,3596,225,16875.0
2026-01-13,TikTok Ads,TIKTOK_ADS_CMP_01,467.01,58376,758,26,1950.0
2026-01-13,TikTok Ads,TIKTOK_ADS_CMP_02,407.27,50909,617,10,750.0
2026-01-13,Netflix Ads,NETFLIX_ADS_CMP_01,1142.5,45700,384,2,150.0
2026-01-13,Netflix Ads,NETFLIX_ADS_CMP_02,973.25,38930,179,4,300.0
2026-01-14,Meta Ads,META_ADS_CMP_01,1144.83,95403,1645,51,3825.0
2026-01-14,Meta Ads,META_ADS_CMP_02,890.22,74185,1167,41,3075.0
2026-01-14,Google Ads,GOOGLE_ADS_CMP_01,1896.79,126453,3681,172,12900.0
2026-01-14,Google Ads,GOOGLE_ADS_CMP_02,1040.87,69391,1661,73,5475.0
2026-01-14,TikTok Ads,TIKTOK_ADS_CMP_01,460.32,57540,410,12,900.0
2026-01-14,TikTok Ads,TIKTOK_ADS_CMP_02,745.2,93150,801,26,1950.0
2026-01-14,Netflix Ads,NETFLIX_ADS_CMP_01,636.65,25466,247,4,300.0
2026-01-14,Netflix Ads,NETFLIX_ADS_CMP_02,725.61,29024,216,1,75.0
2026-01-15,Meta Ads,META_ADS_CMP_01,1123.77,93648,1564,56,4200.0
2026-01-15,Meta Ads,META_ADS_CMP_02,1172.48,97707,1441,51,3825.0
2026-01-15,Google Ads,GOOGLE_ADS_CMP_01,1269.24,84616,2084,102,7650.0
2026-01-15,Google Ads,GOOGLE_ADS_CMP_02,1327.5,88500,2511,143,10725.0
2026-01-15,TikTok Ads,TIKTOK_ADS_CMP_01,443.46,55433,818,32,2400.0
2026-01-15,TikTok Ads,TIKTOK_ADS_CMP_02,463.79,57974,478,9,675.0
2026-01-15,Netflix Ads,NETFLIX_ADS_CMP_01,813.66,32546,262,5,375.0
2026-01-15,Netflix Ads,NETFLIX_ADS_CMP_02,691.72,27669,185,2,150.0
2026-01-16,Meta Ads,META_ADS_CMP_01,921.36,76780,767,38,2850.0
2026-01-16,Meta Ads,META_ADS_CMP_02,1078.5,89875,1244,57,4275.0
2026-01-16,Google Ads,GOOGLE_ADS_CMP_01,1929.38,128625,3741,221,16575.0
2026-01-16,Google Ads,GOOGLE_ADS_CMP_02,1187.04,79136,1858,73,5475.0
2026-01-16,TikTok Ads,TIKTOK_ADS_CMP_01,457.42,57177,397,15,1125.0
2026-01-16,TikTok Ads,TIKTOK_ADS_CMP_02,640.57,80071,696,20,1500.0
2026-01-16,Netflix Ads,NETFLIX_ADS_CMP_01,638.02,25521,173,4,300.0
2026-01-16,Netflix Ads,NETFLIX_ADS_CMP_02,957.38,38295,117,1,75.0
2026-01-17,Meta Ads,META_ADS_CMP_01,1381.43,115119,1766,74,5550.0
2026-01-17,Meta Ads,META_ADS_CMP_02,1318.78,109899,1905,82,6150.0
2026-01-17,Google Ads,GOOGLE_ADS_CMP_01,1201.63,80108,1952,96,7200.0
2026-01-17,Google Ads,GOOGLE_ADS_CMP_02,1523.07,101538,2715,129,9675.0
2026-01-17,TikTok Ads,TIKTOK_ADS_CMP_01,619.57,77446,670,9,675.0
2026-01-17,TikTok Ads,TIKTOK_ADS_CMP_02,651.36,81420,867,23,1725.0
2026-01-17,Netflix Ads,NETFLIX_ADS_CMP_01,1143.88,45755,285,6,450.0
2026-01-17,Netflix Ads,NETFLIX_ADS_CMP_02,800.94,32038,278,5,375.0
2026-01-18,Meta Ads,META_ADS_CMP_01,1425.72,118810,1666,73,5475.0
2026-01-18,Meta Ads,META_ADS_CMP_02,1320.76,110064,1667,66,4950.0
2026-01-18,Google Ads,GOOGLE_ADS_CMP_01,1342.08,89472,2467,113,8475.0
2026-01-18,Google Ads,GOOGLE_ADS_CMP_02,1722.25,114817,3070,183,13725.0
2026-01-18,TikTok Ads,TIKTOK_ADS_CMP_01,525.9,65737,518,14,1050.0
2026-01-18,TikTok Ads,TIKTOK_ADS_CMP_02,600.43,75053,849,24,1800.0
2026-01-18,Netflix Ads,NETFLIX_ADS_CMP_01,903.53,36141,274,5,375.0
2026-01-18,Netflix Ads,NETFLIX_ADS_CMP_02,939.08,37563,337,6,450.0
2026-01-19,Meta Ads,META_ADS_CMP_01,1203.4,100283,1235,70,5250.0
2026-01-19,Meta Ads,META_ADS_CMP_02,1447.9,120658,1571,67,5025.0
2026-01-19,Google Ads,GOOGLE_ADS_CMP_01,1124.66,74978,2255,119,8925.0
2026-01-19,Google Ads,GOOGLE_ADS_CMP_02,1335.2,89013,2045,81,6075.0
2026-01-19,TikTok Ads,TIKTOK_ADS_CMP_01,573.17,71647,898,21,1575.0
2026-01-19,TikTok Ads,TIKTOK_ADS_CMP_02,626.22,78277,744,21,1575.0
2026-01-19,Netflix Ads,NETFLIX_ADS_CMP_01,1148.91,45956,467,4,300.0
2026-01-19,Netflix Ads,NETFLIX_ADS_CMP_02,998.12,39925,298,3,225.0
2026-01-20,Meta Ads,META_ADS_CMP_01,1151.54,95961,1309,57,4275.0
2026-01-20,Meta Ads,META_ADS_CMP_02,1428.64,119053,1649,61,4575.0
2026-01-20,Google Ads,GOOGLE_ADS_CMP_01,1564.84,104323,2898,96,7200.0
2026-01-20,Google Ads,GOOGLE_ADS_CMP_02,1559.64,103976,2528,123,9225.0
2026-01-20,TikTok Ads,TIKTOK_ADS_CMP_01,586.65,73332,856,16,1200.0
2026-01-20,TikTok Ads,TIKTOK_ADS_CMP_02,478.08,59760,709,27,2025.0
2026-01-20,Netflix Ads,NETFLIX_ADS_CMP_01,738.64,29546,242,4,300.0
2026-01-20,Netflix Ads,NETFLIX_ADS_CMP_02,742.91,29716,223,4,300.0
2026-01-21,Meta Ads,META_ADS_CMP_01,1381.15,115096,2105,73,5475.0
2026-01-21,Meta Ads,META_ADS_CMP_02,1427.44,118953,1862,61,4575.0
2026-01-21,Google Ads,GOOGLE_ADS_CMP_01,1817.44,121163,2728,121,9075.0
2026-01-21,Google Ads,GOOGLE_ADS_CMP_02,1268.06,84538,1897,117,8775.0
2026-01-21,TikTok Ads,TIKTOK_ADS_CMP_01,547.23,68404,817,24,1800.0
2026-01-21,TikTok Ads,TIKTOK_ADS_CMP_02,411.23,51404,546,9,675.0
2026-01-21,Netflix Ads,NETFLIX_ADS_CMP_01,683.61,27345,148,2,150.0
2026-01-21,Netflix Ads,NETFLIX_ADS_CMP_02,1148.58,45943,386,5,375.0
2026-01-22,Meta Ads,META_ADS_CMP_01,1255.99,104666,1472,65,4875.0
2026-01-22,Meta Ads,META_ADS_CMP_02,1430.01,119168,1849,92,6900.0
2026-01-22,Google Ads,GOOGLE_ADS_CMP_01,1175.37,78358,1934,105,7875.0
2026-01-22,Google Ads,GOOGLE_ADS_CMP_02,1046.97,69798,1817,80,6000.0
2026-01-22,TikTok Ads,TIKTOK_ADS_CMP_01,522.67,65334,454,10,750.0
2026-01-22,TikTok Ads,TIKTOK_ADS_CMP_02,548.56,68570,555,27,2025.0
2026-01-22,Netflix Ads,NETFLIX_ADS_CMP_01,1039.54,41582,383,3,225.0
2026-01-22,Netflix Ads,NETFLIX_ADS_CMP_02,958.11,38324,395,6,450.0
2026-01-23,Meta Ads,META_ADS_CMP_01,1309.73,109144,2068,86,6450.0
2026-01-23,Meta Ads,META_ADS_CMP_02,1373.37,114448,1861,90,6750.0
2026-01-23,Google Ads,GOOGLE_ADS_CMP_01,1360.97,90732,2029,99,7425.0
2026-01-23,Google Ads,GOOGLE_ADS_CMP_02,1732.22,115482,3016,174,13050.0
2026-01-23,TikTok Ads,TIKTOK_ADS_CMP_01,524.83,65604,456,14,1050.0
2026-01-23,TikTok Ads,TIKTOK_ADS_CMP_02,419.71,52464,570,17,1275.0
2026-01-23,Netflix Ads,NETFLIX_ADS_CMP_01,1149.29,45972,409,7,525.0
2026-01-23,Netflix Ads,NETFLIX_ADS_CMP_02,884.53,35381,285,5,375.0
2026-01-24,Meta Ads,META_ADS_CMP_01,825.91,68825,839,37,2775.0
2026-01-24,Meta Ads,META_ADS_CMP_02,1287.4,107284,1879,65,4875.0
2026-01-24,Google Ads,GOOGLE_ADS_CMP_01,1539.49,102633,2432,139,10425.0
2026-01-24,Google Ads,GOOGLE_ADS_CMP_02,1615.86,107724,2711,159,11925.0
2026-01-24,TikTok Ads,TIKTOK_ADS_CMP_01,898.97,112371,1399,34,2550.0
2026-01-24,TikTok Ads,TIKTOK_ADS_CMP_02,713.75,89219,813,32,2400.0
2026-01-24,Netflix Ads,NETFLIX_ADS_CMP_01,743.27,29731,220,2,150.0
2026-01-24,Netflix Ads,NETFLIX_ADS_CMP_02,740.16,29607,235,5,375.0
2026-01-25,Meta Ads,META_ADS_CMP_01,952.78,79398,1165,43,3225.0
2026-01-25,Meta Ads,META_ADS_CMP_02,1127.18,93932,1198,55,4125.0
2026-01-25,Google Ads,GOOGLE_ADS_CMP_01,1942.73,129515,3540,213,15975.0
2026-01-25,Google Ads,GOOGLE_ADS_CMP_02,1176.53,78435,1863,88,6600.0
2026-01-25,TikTok Ads,TIKTOK_ADS_CMP_01,428.92,53615,496,11,825.0
2026-01-25,TikTok Ads,TIKTOK_ADS_CMP_02,476.95,59618,530,17,1275.0
2026-01-25,Netflix Ads,NETFLIX_ADS_CMP_01,955.76,38231,242,5,375.0
2026-01-25,Netflix Ads,NETFLIX_ADS_CMP_02,677.71,27108,232,5,375.0
2026-01-26,Meta Ads,META_ADS_CMP_01,860.89,71741,825,28,2100.0
2026-01-26,Meta Ads,META_ADS_CMP_02,1147.11,95593,1335,60,4500.0
2026-01-26,Google Ads,GOOGLE_ADS_CMP_01,1480.59,98706,2706,140,10500.0
2026-01-26,Google Ads,GOOGLE_ADS_CMP_02,1565.73,104382,2731,133,9975.0
2026-01-26,TikTok Ads,TIKTOK_ADS_CMP_01,825.29,103161,1115,40,3000.0
2026-01-26,TikTok Ads,TIKTOK_ADS_CMP_02,740.07,92509,1181,38,2850.0
2026-01-26,Netflix Ads,NETFLIX_ADS_CMP_01,1123.11,44924,326,5,375.0
2026-01-26,Netflix Ads,NETFLIX_ADS_CMP_02,1090.78,43631,352,9,675.0
2026-01-27,Meta Ads,META_ADS_CMP_01,1231.85,102654,1545,65,4875.0
2026-01-27,Meta Ads,META_ADS_CMP_02,1177.99,98166,1412,63,4725.0
2026-01-27,Google Ads,GOOGLE_ADS_CMP_01,1962.99,130866,3588,153,11475.0
2026-01-27,Google Ads,GOOGLE_ADS_CMP_02,1937.23,129149,3113,157,11775.0
2026-01-27,TikTok Ads,TIKTOK_ADS_CMP_01,433.68,54209,346,13,975.0
2026-01-27,TikTok Ads,TIKTOK_ADS_CMP_02,835.77,104471,928,30,2250.0
2026-01-27,Netflix Ads,NETFLIX_ADS_CMP_01,613.27,24531,190,1,75.0
2026-01-27,Netflix Ads,NETFLIX_ADS_CMP_02,867.54,34702,177,1,75.0
2026-01-28,Meta Ads,META_ADS_CMP_01,1285.58,107131,1847,94,7050.0
2026-01-28,Meta Ads,META_ADS_CMP_02,905.74,75478,1230,50,3750.0
2026-01-28,Google Ads,GOOGLE_ADS_CMP_01,1397.59,93173,2497,119,8925.0
2026-01-28,Google Ads,GOOGLE_ADS_CMP_02,1031.13,68742,1546,94,7050.0
2026-01-28,TikTok Ads,TIKTOK_ADS_CMP_01,884.1,110512,1165,33,2475.0
2026-01-28,TikTok Ads,TIKTOK_ADS_CMP_02,822.39,102799,1160,44,3300.0
2026-01-28,Netflix Ads,NETFLIX_ADS_CMP_01,1152.51,46100,484,10,750.0
2026-01-28,Netflix Ads,NETFLIX_ADS_CMP_02,675.11,27004,180,5,375.0
2026-01-29,Meta Ads,META_ADS_CMP_01,844.95,70412,832,39,2925.0
2026-01-29,Meta Ads,META_ADS_CMP_02,1118.65,93221,1314,32,2400.0
2026-01-29,Google Ads,GOOGLE_ADS_CMP_01,1694.98,112999,2909,148,11100.0
2026-01-29,Google Ads,GOOGLE_ADS_CMP_02,1104.93,73662,1841,79,5925.0
2026-01-29,TikTok Ads,TIKTOK_ADS_CMP_01,679.82,84978,701,20,1500.0
2026-01-29,TikTok Ads,TIKTOK_ADS_CMP_02,439.29,54911,439,12,900.0
2026-01-29,Netflix Ads,NETFLIX_ADS_CMP_01,1080.35,43214,303,5,375.0
2026-01-29,Netflix Ads,NETFLIX_ADS_CMP_02,1023.89,40955,333,5,375.0
2026-01-30,Meta Ads,META_ADS_CMP_01,1299.86,108322,1499,76,5700.0
2026-01-30,Meta Ads,META_ADS_CMP_02,1426.37,118864,2096,91,6825.0
2026-01-30,Google Ads,GOOGLE_ADS_CMP_01,1526.4,101760,2469,122,9150.0
2026-01-30,Google Ads,GOOGLE_ADS_CMP_02,1159.54,77303,1883,103,7725.0
2026-01-30,TikTok Ads,TIKTOK_ADS_CMP_01,491.06,61382,690,27,2025.0
2026-01-30,TikTok Ads,TIKTOK_ADS_CMP_02,759.6,94950,957,29,2175.0
2026-01-30,Netflix Ads,NETFLIX_ADS_CMP_01,643.32,25733,262,5,375.0
2026-01-30,Netflix Ads,NETFLIX_ADS_CMP_02,855.3,34212,190,1,75.0
2026-01-31,Meta Ads,META_ADS_CMP_01,1406.92,117244,1392,80,6000.0
2026-01-31,Meta Ads,META_ADS_CMP_02,1411.4,117616,1724,81,6075.0
2026-01-31,Google Ads,GOOGLE_ADS_CMP_01,1912.36,127491,3323,141,10575.0
2026-01-31,Google Ads,GOOGLE_ADS_CMP_02,1131.57,75438,1960,99,7425.0
2026-01-31,TikTok Ads,TIKTOK_ADS_CMP_01,885.7,110712,1179,32,2400.0
2026-01-31,TikTok Ads,TIKTOK_ADS_CMP_02,835.37,104422,1205,10,750.0
2026-01-31,Netflix Ads,NETFLIX_ADS_CMP_01,698.11,27925,244,5,375.0
2026-01-31,Netflix Ads,NETFLIX_ADS_CMP_02,795.11,31805,225,5,375.0
2026-02-01,Meta Ads,META_ADS_CMP_01,965.24,80436,869,39,2925.0
2026-02-01,Meta Ads,META_ADS_CMP_02,974.1,81175,1461,68,5100.0
2026-02-01,Google Ads,GOOGLE_ADS_CMP_01,1036.67,69111,1845,106,7950.0
2026-02-01,Google Ads,GOOGLE_ADS_CMP_02,1805.67,120378,3257,164,12300.0
2026-02-01,TikTok Ads,TIKTOK_ADS_CMP_01,534.87,66859,675,17,1275.0
2026-02-01,TikTok Ads,TIKTOK_ADS_CMP_02,461.05,57632,661,19,1425.0
2026-02-01,Netflix Ads,NETFLIX_ADS_CMP_01,624.94,24998,207,5,375.0
2026-02-01,Netflix Ads,NETFLIX_ADS_CMP_02,909.36,36374,443,7,525.0
2026-02-02,Meta Ads,META_ADS_CMP_01,1015.55,84629,1111,52,3900.0
2026-02-02,Meta Ads,META_ADS_CMP_02,865.73,72144,992,56,4200.0
2026-02-02,Google Ads,GOOGLE_ADS_CMP_01,1692.63,112842,2814,178,13350.0
2026-02-02,Google Ads,GOOGLE_ADS_CMP_02,1570.61,104707,2849,160,12000.0
2026-02-02,TikTok Ads,TIKTOK_ADS_CMP_01,596.93,74617,631,21,1575.0
2026-02-02,TikTok Ads,TIKTOK_ADS_CMP_02,424.11,53013,523,17,1275.0
2026-02-02,Netflix Ads,NETFLIX_ADS_CMP_01,940.21,37608,343,7,525.0
2026-02-02,Netflix Ads,NETFLIX_ADS_CMP_02,1000.56,40022,368,9,675.0
2026-02-03,Meta Ads,META_ADS_CMP_01,1372.48,114374,1743,58,4350.0
2026-02-03,Meta Ads,META_ADS_CMP_02,1056.52,88044,1601,57,4275.0
2026-02-03,Google Ads,GOOGLE_ADS_CMP_01,1237.54,82503,1849,82,6150.0
2026-02-03,Google Ads,GOOGLE_ADS_CMP_02,1668.21,111214,2627,167,12525.0
2026-02-03,TikTok Ads,TIKTOK_ADS_CMP_01,659.54,82443,750,22,1650.0
2026-02-03,TikTok Ads,TIKTOK_ADS_CMP_02,599.41,74926,902,43,3225.0
2026-02-03,Netflix Ads,NETFLIX_ADS_CMP_01,1087.79,43512,326,7,525.0
2026-02-03,Netflix Ads,NETFLIX_ADS_CMP_02,1160.66,46426,301,5,375.0
2026-02-04,Meta Ads,META_ADS_CMP_01,999.41,83284,1411,53,3975.0
2026-02-04,Meta Ads,META_ADS_CMP_02,1227.23,102269,1332,64,4800.0
2026-02-04,Google Ads,GOOGLE_ADS_CMP_01,1181.15,78743,1816,98,7350.0
2026-02-04,Google Ads,GOOGLE_ADS_CMP_02,1106.88,73792,1610,88,6600.0
2026-02-04,TikTok Ads,TIKTOK_ADS_CMP_01,803.0,100375,888,27,2025.0
2026-02-04,TikTok Ads,TIKTOK_ADS_CMP_02,700.81,87601,885,26,1950.0
2026-02-04,Netflix Ads,NETFLIX_ADS_CMP_01,966.59,38664,398,6,450.0
2026-02-04,Netflix Ads,NETFLIX_ADS_CMP_02,742.12,29685,195,5,375.0
2026-02-05,Meta Ads,META_ADS_CMP_01,1267.28,105607,1635,60,4500.0
2026-02-05,Meta Ads,META_ADS_CMP_02,917.61,76467,1244,55,4125.0
2026-02-05,Google Ads,GOOGLE_ADS_CMP_01,1023.64,68243,1873,113,8475.0
2026-02-05,Google Ads,GOOGLE_ADS_CMP_02,1390.91,92727,2302,158,11850.0
2026-02-05,TikTok Ads,TIKTOK_ADS_CMP_01,747.57,93447,666,11,825.0
2026-02-05,TikTok Ads,TIKTOK_ADS_CMP_02,895.63,111953,1247,50,3750.0
2026-02-05,Netflix Ads,NETFLIX_ADS_CMP_01,651.39,26056,151,2,150.0
2026-02-05,Netflix Ads,NETFLIX_ADS_CMP_02,911.44,36457,309,2,150.0
2026-02-06,Meta Ads,META_ADS_CMP_01,1173.07,97756,1237,41,3075.0
2026-02-06,Meta Ads,META_ADS_CMP_02,1263.29,105274,1931,87,6525.0
2026-02-06,Google Ads,GOOGLE_ADS_CMP_01,1562.3,104153,2397,129,9675.0
2026-02-06,Google Ads,GOOGLE_ADS_CMP_02,1450.37,96691,2275,133,9975.0
2026-02-06,TikTok Ads,TIKTOK_ADS_CMP_01,863.59,107949,964,17,1275.0
2026-02-06,TikTok Ads,TIKTOK_ADS_CMP_02,863.5,107938,1341,41,3075.0
2026-02-06,Netflix Ads,NETFLIX_ADS_CMP_01,653.47,26139,182,4,300.0
2026-02-06,Netflix Ads,NETFLIX_ADS_CMP_02,1025.25,41010,264,2,150.0
2026-02-07,Meta Ads,META_ADS_CMP_01,1187.66,98972,1317,40,3000.0
2026-02-07,Meta Ads,META_ADS_CMP_02,1160.98,96748,1450,72,5400.0
2026-02-07,Google Ads,GOOGLE_ADS_CMP_01,1208.51,80567,1944,115,8625.0
2026-02-07,Google Ads,GOOGLE_ADS_CMP_02,1805.93,120395,2849,155,11625.0
2026-02-07,TikTok Ads,TIKTOK_ADS_CMP_01,486.76,60845,482,20,1500.0
2026-02-07,TikTok Ads,TIKTOK_ADS_CMP_02,811.24,101405,1009,36,2700.0
2026-02-07,Netflix Ads,NETFLIX_ADS_CMP_01,704.9,28196,83,1,75.0
2026-02-07,Netflix Ads,NETFLIX_ADS_CMP_02,640.9,25636,208,5,375.0
2026-02-08,Meta Ads,META_ADS_CMP_01,1018.27,84856,783,34,2550.0
2026-02-08,Meta Ads,META_ADS_CMP_02,951.23,79269,1432,71,5325.0
2026-02-08,Google Ads,GOOGLE_ADS_CMP_01,1780.76,118717,2804,144,10800.0
2026-02-08,Google Ads,GOOGLE_ADS_CMP_02,1695.04,113002,2686,131,9825.0
2026-02-08,TikTok Ads,TIKTOK_ADS_CMP_01,654.71,81839,567,21,1575.0
2026-02-08,TikTok Ads,TIKTOK_ADS_CMP_02,613.04,76630,557,16,1200.0
2026-02-08,Netflix Ads,NETFLIX_ADS_CMP_01,1096.52,43861,428,9,675.0
2026-02-08,Netflix Ads,NETFLIX_ADS_CMP_02,888.81,35552,246,5,375.0
2026-02-09,Meta Ads,META_ADS_CMP_01,808.48,67374,877,37,2775.0
2026-02-09,Meta Ads,META_ADS_CMP_02,1391.05,115921,1732,60,4500.0
2026-02-09,Google Ads,GOOGLE_ADS_CMP_01,1737.36,115824,2362,110,8250.0
2026-02-09,Google Ads,GOOGLE_ADS_CMP_02,1785.02,119001,2816,161,12075.0
2026-02-09,TikTok Ads,TIKTOK_ADS_CMP_01,527.34,65917,648,24,1800.0
2026-02-09,TikTok Ads,TIKTOK_ADS_CMP_02,847.56,105945,1335,52,3900.0
2026-02-09,Netflix Ads,NETFLIX_ADS_CMP_01,690.1,27604,226,6,450.0
2026-02-09,Netflix Ads,NETFLIX_ADS_CMP_02,650.88,26035,189,3,225.0
2026-02-10,Meta Ads,META_ADS_CMP_01,1469.55,122463,1640,83,6225.0
2026-02-10,Meta Ads,META_ADS_CMP_02,1342.26,111855,1444,64,4800.0
2026-02-10,Google Ads,GOOGLE_ADS_CMP_01,1660.3,110687,2594,138,10350.0
2026-02-10,Google Ads,GOOGLE_ADS_CMP_02,1967.86,131191,3541,162,12150.0
2026-02-10,TikTok Ads,TIKTOK_ADS_CMP_01,502.84,62855,664,15,1125.0
2026-02-10,TikTok Ads,TIKTOK_ADS_CMP_02,665.15,83144,724,28,2100.0
2026-02-10,Netflix Ads,NETFLIX_ADS_CMP_01,949.45,37978,360,7,525.0
2026-02-10,Netflix Ads,NETFLIX_ADS_CMP_02,802.96,32118,190,1,75.0
2026-02-11,Meta Ads,META_ADS_CMP_01,1460.15,121679,1707,66,4950.0
2026-02-11,Meta Ads,META_ADS_CMP_02,1252.07,104339,1745,67,5025.0
2026-02-11,Google Ads,GOOGLE_ADS_CMP_01,1918.93,127928,3412,153,11475.0
2026-02-11,Google Ads,GOOGLE_ADS_CMP_02,1728.49,115233,3034,169,12675.0
2026-02-11,TikTok Ads,TIKTOK_ADS_CMP_01,892.33,111542,1094,32,2400.0
2026-02-11,TikTok Ads,TIKTOK_ADS_CMP_02,506.76,63344,790,24,1800.0
2026-02-11,Netflix Ads,NETFLIX_ADS_CMP_01,954.21,38168,160,2,150.0
2026-02-11,Netflix Ads,NETFLIX_ADS_CMP_02,1123.99,44960,476,10,750.0
2026-02-12,Meta Ads,META_ADS_CMP_01,806.53,67211,1120,41,3075.0
2026-02-12,Meta Ads,META_ADS_CMP_02,1081.05,90087,1247,58,4350.0
2026-02-12,Google Ads,GOOGLE_ADS_CMP_01,1615.99,107732,2582,114,8550.0
2026-02-12,Google Ads,GOOGLE_ADS_CMP_02,1005.23,67015,1570,88,6600.0
2026-02-12,TikTok Ads,TIKTOK_ADS_CMP_01,563.47,70433,640,15,1125.0
2026-02-12,TikTok Ads,TIKTOK_ADS_CMP_02,584.15,73019,982,28,2100.0
2026-02-12,Netflix Ads,NETFLIX_ADS_CMP_01,834.92,33397,379,5,375.0
2026-02-12,Netflix Ads,NETFLIX_ADS_CMP_02,813.3,32532,224,7,525.0
2026-02-13,Meta Ads,META_ADS_CMP_01,1205.99,100499,1882,104,7800.0
2026-02-13,Meta Ads,META_ADS_CMP_02,1363.49,113624,1881,71,5325.0
2026-02-13,Google Ads,GOOGLE_ADS_CMP_01,1058.55,70570,1922,90,6750.0
2026-02-13,Google Ads,GOOGLE_ADS_CMP_02,1517.27,101151,2298,111,8325.0
2026-02-13,TikTok Ads,TIKTOK_ADS_CMP_01,444.3,55538,609,12,900.0
2026-02-13,TikTok Ads,TIKTOK_ADS_CMP_02,866.56,108320,861,37,2775.0
2026-02-13,Netflix Ads,NETFLIX_ADS_CMP_01,671.0,26840,276,5,375.0
2026-02-13,Netflix Ads,NETFLIX_ADS_CMP_02,952.66,38106,268,4,300.0
2026-02-14,Meta Ads,META_ADS_CMP_01,816.93,68078,949,45,3375.0
2026-02-14,Meta Ads,META_ADS_CMP_02,1458.48,121540,1710,55,4125.0
2026-02-14,Google Ads,GOOGLE_ADS_CMP_01,1186.1,79073,1946,114,8550.0
2026-02-14,Google Ads,GOOGLE_ADS_CMP_02,1080.6,72040,1797,109,8175.0
2026-02-14,TikTok Ads,TIKTOK_ADS_CMP_01,782.76,97845,1048,21,1575.0
2026-02-14,TikTok Ads,TIKTOK_ADS_CMP_02,728.48,91060,892,24,1800.0
2026-02-14,Netflix Ads,NETFLIX_ADS_CMP_01,1143.75,45750,289,4,300.0
2026-02-14,Netflix Ads,NETFLIX_ADS_CMP_02,1066.03,42641,339,5,375.0
2026-02-15,Meta Ads,META_ADS_CMP_01,1434.51,119542,1817,61,4575.0
2026-02-15,Meta Ads,META_ADS_CMP_02,1429.88,119157,1803,85,6375.0
2026-02-15,Google Ads,GOOGLE_ADS_CMP_01,1418.79,94586,2532,117,8775.0
2026-02-15,Google Ads,GOOGLE_ADS_CMP_02,1654.17,110278,2822,117,8775.0
2026-02-15,TikTok Ads,TIKTOK_ADS_CMP_01,704.26,88033,738,20,1500.0
2026-02-15,TikTok Ads,TIKTOK_ADS_CMP_02,525.48,65685,683,27,2025.0
2026-02-15,Netflix Ads,NETFLIX_ADS_CMP_01,1116.08,44643,331,6,450.0
2026-02-15,Netflix Ads,NETFLIX_ADS_CMP_02,649.04,25961,152,0,0.0
2026-02-16,Meta Ads,META_ADS_CMP_01,1394.98,116249,1639,92,6900.0
2026-02-16,Meta Ads,META_ADS_CMP_02,1181.8,98484,1481,56,4200.0
2026-02-16,Google Ads,GOOGLE_ADS_CMP_01,1051.96,70130,1665,88,6600.0
2026-02-16,Google Ads,GOOGLE_ADS_CMP_02,1330.22,88681,2239,132,9900.0
2026-02-16,TikTok Ads,TIKTOK_ADS_CMP_01,839.79,104974,974,32,2400.0
2026-02-16,TikTok Ads,TIKTOK_ADS_CMP_02,786.01,98251,1156,34,2550.0
2026-02-16,Netflix Ads,NETFLIX_ADS_CMP_01,663.28,26531,267,6,450.0
2026-02-16,Netflix Ads,NETFLIX_ADS_CMP_02,1178.69,47147,388,4,300.0
2026-02-17,Meta Ads,META_ADS_CMP_01,1204.32,100360,1744,79,5925.0
2026-02-17,Meta Ads,META_ADS_CMP_02,1173.12,97760,1561,57,4275.0
2026-02-17,Google Ads,GOOGLE_ADS_CMP_01,1857.18,123812,3030,167,12525.0
2026-02-17,Google Ads,GOOGLE_ADS_CMP_02,1202.02,80134,1850,97,7275.0
2026-02-17,TikTok Ads,TIKTOK_ADS_CMP_01,441.73,55217,573,18,1350.0
2026-02-17,TikTok Ads,TIKTOK_ADS_CMP_02,608.88,76110,599,20,1500.0
2026-02-17,Netflix Ads,NETFLIX_ADS_CMP_01,697.34,27894,225,4,300.0
2026-02-17,Netflix Ads,NETFLIX_ADS_CMP_02,1134.15,45366,381,6,450.0
2026-02-18,Meta Ads,META_ADS_CMP_01,1373.34,114445,2130,94,7050.0
2026-02-18,Meta Ads,META_ADS_CMP_02,1375.15,114595,1233,46,3450.0
2026-02-18,Google Ads,GOOGLE_ADS_CMP_01,1335.21,89014,2323,106,7950.0
2026-02-18,Google Ads,GOOGLE_ADS_CMP_02,1239.87,82658,2002,88,6600.0
2026-02-18,TikTok Ads,TIKTOK_ADS_CMP_01,725.57,90697,632,26,1950.0
2026-02-18,TikTok Ads,TIKTOK_ADS_CMP_02,889.55,111194,911,30,2250.0
2026-02-18,Netflix Ads,NETFLIX_ADS_CMP_01,1011.8,40472,291,6,450.0
2026-02-18,Netflix Ads,NETFLIX_ADS_CMP_02,985.73,39429,325,9,675.0
2026-02-19,Meta Ads,META_ADS_CMP_01,823.23,68603,1170,39,2925.0
2026-02-19,Meta Ads,META_ADS_CMP_02,1336.25,111354,1812,88,6600.0
2026-02-19,Google Ads,GOOGLE_ADS_CMP_01,1670.73,111382,2569,131,9825.0
2026-02-19,Google Ads,GOOGLE_ADS_CMP_02,1864.56,124304,2567,148,11100.0
2026-02-19,TikTok Ads,TIKTOK_ADS_CMP_01,611.27,76409,730,24,1800.0
2026-02-19,TikTok Ads,TIKTOK_ADS_CMP_02,855.39,106923,1227,39,2925.0
2026-02-19,Netflix Ads,NETFLIX_ADS_CMP_01,1036.0,41440,405,6,450.0
2026-02-19,Netflix Ads,NETFLIX_ADS_CMP_02,667.55,26702,233,7,525.0
2026-02-20,Meta Ads,META_ADS_CMP_01,808.68,67390,757,31,2325.0
2026-02-20,Meta Ads,META_ADS_CMP_02,1009.94,84162,1422,79,5925.0
2026-02-20,Google Ads,GOOGLE_ADS_CMP_01,1078.97,71931,1904,84,6300.0
2026-02-20,Google Ads,GOOGLE_ADS_CMP_02,1995.44,133029,3344,185,13875.0
2026-02-20,TikTok Ads,TIKTOK_ADS_CMP_01,699.49,87436,921,32,2400.0
2026-02-20,TikTok Ads,TIKTOK_ADS_CMP_02,685.89,85736,394,13,975.0
2026-02-20,Netflix Ads,NETFLIX_ADS_CMP_01,1064.33,42573,416,8,600.0
2026-02-20,Netflix Ads,NETFLIX_ADS_CMP_02,978.78,39151,442,9,675.0
2026-02-21,Meta Ads,META_ADS_CMP_01,872.96,72746,1054,27,2025.0
2026-02-21,Meta Ads,META_ADS_CMP_02,1220.46,101705,1534,83,6225.0
2026-02-21,Google Ads,GOOGLE_ADS_CMP_01,1254.39,83626,2017,70,5250.0
2026-02-21,Google Ads,GOOGLE_ADS_CMP_02,1276.81,85121,1889,95,7125.0
2026-02-21,TikTok Ads,TIKTOK_ADS_CMP_01,503.5,62937,604,17,1275.0
2026-02-21,TikTok Ads,TIKTOK_ADS_CMP_02,418.36,52295,491,12,900.0
2026-02-21,Netflix Ads,NETFLIX_ADS_CMP_01,907.6,36304,318,5,375.0
2026-02-21,Netflix Ads,NETFLIX_ADS_CMP_02,970.24,38810,286,4,300.0
2026-02-22,Meta Ads,META_ADS_CMP_01,1145.48,95457,1356,50,3750.0
2026-02-22,Meta Ads,META_ADS_CMP_02,1087.71,90643,1408,65,4875.0
2026-02-22,Google Ads,GOOGLE_ADS_CMP_01,1823.79,121586,3075,145,10875.0
2026-02-22,Google Ads,GOOGLE_ADS_CMP_02,1383.84,92256,1909,84,6300.0
2026-02-22,TikTok Ads,TIKTOK_ADS_CMP_01,775.59,96949,1069,30,2250.0
2026-02-22,TikTok Ads,TIKTOK_ADS_CMP_02,580.96,72620,712,21,1575.0
2026-02-22,Netflix Ads,NETFLIX_ADS_CMP_01,967.54,38702,339,7,525.0
2026-02-22,Netflix Ads,NETFLIX_ADS_CMP_02,639.87,25595,146,2,150.0
2026-02-23,Meta Ads,META_ADS_CMP_01,1006.53,83877,1707,64,4800.0
2026-02-23,Meta Ads,META_ADS_CMP_02,1191.05,99254,1740,64,4800.0
2026-02-23,Google Ads,GOOGLE_ADS_CMP_01,1692.49,112833,3236,144,10800.0
2026-02-23,Google Ads,GOOGLE_ADS_CMP_02,1788.99,119266,3314,164,12300.0
2026-02-23,TikTok Ads,TIKTOK_ADS_CMP_01,858.32,107290,683,16,1200.0
2026-02-23,TikTok Ads,TIKTOK_ADS_CMP_02,700.54,87567,1057,39,2925.0
2026-02-23,Netflix Ads,NETFLIX_ADS_CMP_01,858.32,34333,208,3,225.0
2026-02-23,Netflix Ads,NETFLIX_ADS_CMP_02,982.14,39286,270,5,375.0
2026-02-24,Meta Ads,META_ADS_CMP_01,1273.98,106165,1247,62,4650.0
2026-02-24,Meta Ads,META_ADS_CMP_02,1117.8,93150,1246,56,4200.0
2026-02-24,Google Ads,GOOGLE_ADS_CMP_01,1505.46,100364,2489,126,9450.0
2026-02-24,Google Ads,GOOGLE_ADS_CMP_02,1387.99,92532,2265,134,10050.0
2026-02-24,TikTok Ads,TIKTOK_ADS_CMP_01,458.07,57259,562,18,1350.0
2026-02-24,TikTok Ads,TIKTOK_ADS_CMP_02,813.35,101669,995,32,2400.0
2026-02-24,Netflix Ads,NETFLIX_ADS_CMP_01,924.84,36994,310,4,300.0
2026-02-24,Netflix Ads,NETFLIX_ADS_CMP_02,1100.19,44008,194,2,150.0
2026-02-25,Meta Ads,META_ADS_CMP_01,840.35,70029,874,32,2400.0
2026-02-25,Meta Ads,META_ADS_CMP_02,1043.09,86924,1117,49,3675.0
2026-02-25,Google Ads,GOOGLE_ADS_CMP_01,1488.9,99260,2539,142,10650.0
2026-02-25,Google Ads,GOOGLE_ADS_CMP_02,1201.31,80087,1928,95,7125.0
2026-02-25,TikTok Ads,TIKTOK_ADS_CMP_01,513.87,64234,676,29,2175.0
2026-02-25,TikTok Ads,TIKTOK_ADS_CMP_02,795.25,99407,1048,27,2025.0
2026-02-25,Netflix Ads,NETFLIX_ADS_CMP_01,1166.43,46657,362,4,300.0
2026-02-25,Netflix Ads,NETFLIX_ADS_CMP_02,1118.13,44725,199,5,375.0
2026-02-26,Meta Ads,META_ADS_CMP_01,1333.26,111105,1720,43,3225.0
2026-02-26,Meta Ads,META_ADS_CMP_02,1405.9,117159,1745,79,5925.0
2026-02-26,Google Ads,GOOGLE_ADS_CMP_01,1573.53,104902,2867,144,10800.0
2026-02-26,Google Ads,GOOGLE_ADS_CMP_02,1883.46,125564,3288,105,7875.0
2026-02-26,TikTok Ads,TIKTOK_ADS_CMP_01,409.56,51195,712,20,1500.0
2026-02-26,TikTok Ads,TIKTOK_ADS_CMP_02,467.22,58402,471,9,675.0
2026-02-26,Netflix Ads,NETFLIX_ADS_CMP_01,726.42,29057,201,5,375.0
2026-02-26,Netflix Ads,NETFLIX_ADS_CMP_02,1100.49,44019,296,6,450.0
2026-02-27,Meta Ads,META_ADS_CMP_01,1260.98,105082,1699,78,5850.0
2026-02-27,Meta Ads,META_ADS_CMP_02,1141.34,95112,1396,51,3825.0
2026-02-27,Google Ads,GOOGLE_ADS_CMP_01,1348.82,89921,2267,115,8625.0
2026-02-27,Google Ads,GOOGLE_ADS_CMP_02,1955.12,130341,2765,138,10350.0
2026-02-27,TikTok Ads,TIKTOK_ADS_CMP_01,797.26,99657,961,28,2100.0
2026-02-27,TikTok Ads,TIKTOK_ADS_CMP_02,547.65,68456,579,14,1050.0
2026-02-27,Netflix Ads,NETFLIX_ADS_CMP_01,843.06,33722,251,6,450.0
2026-02-27,Netflix Ads,NETFLIX_ADS_CMP_02,984.29,39371,320,6,450.0
2026-02-28,Meta Ads,META_ADS_CMP_01,886.04,73837,1109,54,4050.0
2026-02-28,Meta Ads,META_ADS_CMP_02,1237.35,103112,1590,60,4500.0
2026-02-28,Google Ads,GOOGLE_ADS_CMP_01,1822.53,121502,3095,182,13650.0
2026-02-28,Google Ads,GOOGLE_ADS_CMP_02,1775.35,118356,2953,113,8475.0
2026-02-28,TikTok Ads,TIKTOK_ADS_CMP_01,714.78,89347,782,23,1725.0
2026-02-28,TikTok Ads,TIKTOK_ADS_CMP_02,431.34,53918,628,14,1050.0
2026-02-28,Netflix Ads,NETFLIX_ADS_CMP_01,816.14,32646,309,5,375.0
2026-02-28,Netflix Ads,NETFLIX_ADS_CMP_02,1135.12,45405,441,7,525.0
2026-03-01,Meta Ads,META_ADS_CMP_01,862.5,71875,1069,60,4500.0
2026-03-01,Meta Ads,META_ADS_CMP_02,1292.7,107725,1824,95,7125.0
2026-03-01,Google Ads,GOOGLE_ADS_CMP_01,1950.77,130052,2977,163,12225.0
2026-03-01,Google Ads,GOOGLE_ADS_CMP_02,1644.15,109610,2710,132,9900.0
2026-03-01,TikTok Ads,TIKTOK_ADS_CMP_01,616.36,77046,548,15,1125.0
2026-03-01,TikTok Ads,TIKTOK_ADS_CMP_02,426.18,53272,484,20,1500.0
2026-03-01,Netflix Ads,NETFLIX_ADS_CMP_01,727.2,29088,211,6,450.0
2026-03-01,Netflix Ads,NETFLIX_ADS_CMP_02,1006.69,40268,197,5,375.0
2026-03-02,Meta Ads,META_ADS_CMP_01,1317.02,109752,1882,61,4575.0
2026-03-02,Meta Ads,META_ADS_CMP_02,939.45,78288,1123,51,3825.0
2026-03-02,Google Ads,GOOGLE_ADS_CMP_01,1111.51,74101,1594,83,6225.0
2026-03-02,Google Ads,GOOGLE_ADS_CMP_02,1379.09,91940,2256,99,7425.0
2026-03-02,TikTok Ads,TIKTOK_ADS_CMP_01,665.47,83184,819,24,1800.0
2026-03-02,TikTok Ads,TIKTOK_ADS_CMP_02,659.52,82440,630,24,1800.0
2026-03-02,Netflix Ads,NETFLIX_ADS_CMP_01,912.78,36511,275,5,375.0
2026-03-02,Netflix Ads,NETFLIX_ADS_CMP_02,775.99,31039,255,7,525.0
2026-03-03,Meta Ads,META_ADS_CMP_01,800.95,66746,1133,38,2850.0
2026-03-03,Meta Ads,META_ADS_CMP_02,816.52,68043,1044,47,3525.0
2026-03-03,Google Ads,GOOGLE_ADS_CMP_01,1398.01,93200,2256,108,8100.0
2026-03-03,Google Ads,GOOGLE_ADS_CMP_02,1484.08,98938,2439,142,10650.0
2026-03-03,TikTok Ads,TIKTOK_ADS_CMP_01,871.36,108920,1206,34,2550.0
2026-03-03,TikTok Ads,TIKTOK_ADS_CMP_02,512.69,64086,593,16,1200.0
2026-03-03,Netflix Ads,NETFLIX_ADS_CMP_01,946.98,37879,328,5,375.0
2026-03-03,Netflix Ads,NETFLIX_ADS_CMP_02,1004.48,40179,256,2,150.0
2026-03-04,Meta Ads,META_ADS_CMP_01,1128.99,94083,1473,66,4950.0
2026-03-04,Meta Ads,META_ADS_CMP_02,805.49,67124,895,49,3675.0
2026-03-04,Google Ads,GOOGLE_ADS_CMP_01,1529.66,101977,2550,103,7725.0
2026-03-04,Google Ads,GOOGLE_ADS_CMP_02,1274.7,84980,2094,123,9225.0
2026-03-04,TikTok Ads,TIKTOK_ADS_CMP_01,421.95,52744,506,10,750.0
2026-03-04,TikTok Ads,TIKTOK_ADS_CMP_02,821.82,102728,939,34,2550.0
2026-03-04,Netflix Ads,NETFLIX_ADS_CMP_01,1170.86,46834,379,7,525.0
2026-03-04,Netflix Ads,NETFLIX_ADS_CMP_02,956.14,38245,320,5,375.0
2026-03-05,Meta Ads,META_ADS_CMP_01,1354.82,112901,1700,81,6075.0
2026-03-05,Meta Ads,META_ADS_CMP_02,913.17,76098,1416,56,4200.0
2026-03-05,Google Ads,GOOGLE_ADS_CMP_01,1666.6,111107,2829,123,9225.0
2026-03-05,Google Ads,GOOGLE_ADS_CMP_02,1012.1,67474,1518,80,6000.0
2026-03-05,TikTok Ads,TIKTOK_ADS_CMP_01,764.43,95554,926,20,1500.0
2026-03-05,TikTok Ads,TIKTOK_ADS_CMP_02,731.22,91402,849,20,1500.0
2026-03-05,Netflix Ads,NETFLIX_ADS_CMP_01,1195.95,47838,254,2,150.0
2026-03-05,Netflix Ads,NETFLIX_ADS_CMP_02,1170.56,46822,200,5,375.0
2026-03-06,Meta Ads,META_ADS_CMP_01,1194.85,99571,1768,58,4350.0
2026-03-06,Meta Ads,META_ADS_CMP_02,1442.77,120231,1807,63,4725.0
2026-03-06,Google Ads,GOOGLE_ADS_CMP_01,1036.02,69068,1756,85,6375.0
2026-03-06,Google Ads,GOOGLE_ADS_CMP_02,1581.62,105441,3053,123,9225.0
2026-03-06,TikTok Ads,TIKTOK_ADS_CMP_01,541.25,67656,782,23,1725.0
2026-03-06,TikTok Ads,TIKTOK_ADS_CMP_02,609.72,76215,743,29,2175.0
2026-03-06,Netflix Ads,NETFLIX_ADS_CMP_01,954.68,38187,263,4,300.0
2026-03-06,Netflix Ads,NETFLIX_ADS_CMP_02,642.69,25708,72,1,75.0
2026-03-07,Meta Ads,META_ADS_CMP_01,1032.53,86044,1469,71,5325.0
2026-03-07,Meta Ads,META_ADS_CMP_02,1413.12,117760,1348,60,4500.0
2026-03-07,Google Ads,GOOGLE_ADS_CMP_01,1127.87,75191,1984,65,4875.0
2026-03-07,Google Ads,GOOGLE_ADS_CMP_02,1226.13,81742,1866,79,5925.0
2026-03-07,TikTok Ads,TIKTOK_ADS_CMP_01,764.67,95584,1189,44,3300.0
2026-03-07,TikTok Ads,TIKTOK_ADS_CMP_02,551.47,68933,854,20,1500.0
2026-03-07,Netflix Ads,NETFLIX_ADS_CMP_01,822.56,32903,359,2,150.0
2026-03-07,Netflix Ads,NETFLIX_ADS_CMP_02,926.7,37068,235,5,375.0
2026-03-08,Meta Ads,META_ADS_CMP_01,1466.56,122213,1445,70,5250.0
2026-03-08,Meta Ads,META_ADS_CMP_02,871.76,72647,1380,87,6525.0
2026-03-08,Google Ads,GOOGLE_ADS_CMP_01,1827.51,121834,3309,186,13950.0
2026-03-08,Google Ads,GOOGLE_ADS_CMP_02,1694.6,112973,2975,153,11475.0
2026-03-08,TikTok Ads,TIKTOK_ADS_CMP_01,497.62,62203,460,9,675.0
2026-03-08,TikTok Ads,TIKTOK_ADS_CMP_02,750.58,93823,1024,45,3375.0
2026-03-08,Netflix Ads,NETFLIX_ADS_CMP_01,828.31,33132,295,5,375.0
2026-03-08,Netflix Ads,NETFLIX_ADS_CMP_02,615.12,24605,122,2,150.0
2026-03-09,Meta Ads,META_ADS_CMP_01,1182.5,98542,1837,79,5925.0
2026-03-09,Meta Ads,META_ADS_CMP_02,1360.0,113334,1212,59,4425.0
2026-03-09,Google Ads,GOOGLE_ADS_CMP_01,1157.27,77152,1756,79,5925.0
2026-03-09,Google Ads,GOOGLE_ADS_CMP_02,1796.68,119779,3158,132,9900.0
2026-03-09,TikTok Ads,TIKTOK_ADS_CMP_01,853.04,106630,1081,26,1950.0
2026-03-09,TikTok Ads,TIKTOK_ADS_CMP_02,576.48,72060,501,20,1500.0
2026-03-09,Netflix Ads,NETFLIX_ADS_CMP_01,641.01,25640,169,4,300.0
2026-03-09,Netflix Ads,NETFLIX_ADS_CMP_02,799.47,31979,246,4,300.0
2026-03-10,Meta Ads,META_ADS_CMP_01,1270.04,105836,1337,61,4575.0
2026-03-10,Meta Ads,META_ADS_CMP_02,870.96,72580,949,33,2475.0
2026-03-10,Google Ads,GOOGLE_ADS_CMP_01,1067.5,71167,1590,83,6225.0
2026-03-10,Google Ads,GOOGLE_ADS_CMP_02,1403.6,93573,2506,140,10500.0
2026-03-10,TikTok Ads,TIKTOK_ADS_CMP_01,598.81,74851,624,15,1125.0
2026-03-10,TikTok Ads,TIKTOK_ADS_CMP_02,543.73,67966,708,21,1575.0
2026-03-10,Netflix Ads,NETFLIX_ADS_CMP_01,645.35,25814,202,3,225.0
2026-03-10,Netflix Ads,NETFLIX_ADS_CMP_02,974.19,38968,210,5,375.0
2026-03-11,Meta Ads,META_ADS_CMP_01,975.63,81302,1413,71,5325.0
2026-03-11,Meta Ads,META_ADS_CMP_02,989.77,82481,1405,64,4800.0
2026-03-11,Google Ads,GOOGLE_ADS_CMP_01,1154.83,76989,1892,98,7350.0
2026-03-11,Google Ads,GOOGLE_ADS_CMP_02,1680.11,112007,2749,137,10275.0
2026-03-11,TikTok Ads,TIKTOK_ADS_CMP_01,625.13,78141,764,26,1950.0
2026-03-11,TikTok Ads,TIKTOK_ADS_CMP_02,736.23,92029,916,25,1875.0
2026-03-11,Netflix Ads,NETFLIX_ADS_CMP_01,1148.73,45949,220,4,300.0
2026-03-11,Netflix Ads,NETFLIX_ADS_CMP_02,605.43,24217,278,7,525.0
2026-03-12,Meta Ads,META_ADS_CMP_01,1299.84,108320,1703,76,5700.0
2026-03-12,Meta Ads,META_ADS_CMP_02,950.08,79174,1043,37,2775.0
2026-03-12,Google Ads,GOOGLE_ADS_CMP_01,1732.73,115516,3261,178,13350.0
2026-03-12,Google Ads,GOOGLE_ADS_CMP_02,1838.49,122566,3187,175,13125.0
2026-03-12,TikTok Ads,TIKTOK_ADS_CMP_01,500.14,62518,802,29,2175.0
2026-03-12,TikTok Ads,TIKTOK_ADS_CMP_02,434.23,54279,617,18,1350.0
2026-03-12,Netflix Ads,NETFLIX_ADS_CMP_01,761.31,30452,293,5,375.0
2026-03-12,Netflix Ads,NETFLIX_ADS_CMP_02,872.61,34904,186,4,300.0
2026-03-13,Meta Ads,META_ADS_CMP_01,1109.78,92482,1487,62,4650.0
2026-03-13,Meta Ads,META_ADS_CMP_02,1004.67,83722,1191,48,3600.0
2026-03-13,Google Ads,GOOGLE_ADS_CMP_01,1056.18,70412,1872,91,6825.0
2026-03-13,Google Ads,GOOGLE_ADS_CMP_02,1409.67,93978,2113,113,8475.0
2026-03-13,TikTok Ads,TIKTOK_ADS_CMP_01,435.25,54406,603,14,1050.0
2026-03-13,TikTok Ads,TIKTOK_ADS_CMP_02,742.57,92821,867,22,1650.0
2026-03-13,Netflix Ads,NETFLIX_ADS_CMP_01,909.0,36360,135,2,150.0
2026-03-13,Netflix Ads,NETFLIX_ADS_CMP_02,1073.58,42943,391,6,450.0
2026-03-14,Meta Ads,META_ADS_CMP_01,1048.1,87341,1434,62,4650.0
2026-03-14,Meta Ads,META_ADS_CMP_02,1074.91,89576,1375,85,6375.0
2026-03-14,Google Ads,GOOGLE_ADS_CMP_01,1676.94,111796,2834,148,11100.0
2026-03-14,Google Ads,GOOGLE_ADS_CMP_02,1610.55,107370,2786,121,9075.0
2026-03-14,TikTok Ads,TIKTOK_ADS_CMP_01,514.8,64350,658,27,2025.0
2026-03-14,TikTok Ads,TIKTOK_ADS_CMP_02,409.56,51196,439,8,600.0
2026-03-14,Netflix Ads,NETFLIX_ADS_CMP_01,911.53,36461,188,3,225.0
2026-03-14,Netflix Ads,NETFLIX_ADS_CMP_02,740.52,29621,297,10,750.0
2026-03-15,Meta Ads,META_ADS_CMP_01,1178.63,98219,1687,82,6150.0
2026-03-15,Meta Ads,META_ADS_CMP_02,1088.37,90698,1420,69,5175.0
2026-03-15,Google Ads,GOOGLE_ADS_CMP_01,1605.64,107043,2604,114,8550.0
2026-03-15,Google Ads,GOOGLE_ADS_CMP_02,1206.25,80417,2148,101,7575.0
2026-03-15,TikTok Ads,TIKTOK_ADS_CMP_01,609.64,76204,755,18,1350.0
2026-03-15,TikTok Ads,TIKTOK_ADS_CMP_02,744.32,93039,983,43,3225.0
2026-03-15,Netflix Ads,NETFLIX_ADS_CMP_01,1106.0,44240,169,2,150.0
2026-03-15,Netflix Ads,NETFLIX_ADS_CMP_02,710.07,28403,182,4,300.0
2026-03-16,Meta Ads,META_ADS_CMP_01,1431.24,119270,1723,84,6300.0
2026-03-16,Meta Ads,META_ADS_CMP_02,846.6,70550,973,42,3150.0
2026-03-16,Google Ads,GOOGLE_ADS_CMP_01,1433.47,95565,2183,99,7425.0
2026-03-16,Google Ads,GOOGLE_ADS_CMP_02,1068.71,71248,1695,62,4650.0
2026-03-16,TikTok Ads,TIKTOK_ADS_CMP_01,754.38,94298,904,39,2925.0
2026-03-16,TikTok Ads,TIKTOK_ADS_CMP_02,786.4,98301,839,26,1950.0
2026-03-16,Netflix Ads,NETFLIX_ADS_CMP_01,1069.18,42767,406,8,600.0
2026-03-16,Netflix Ads,NETFLIX_ADS_CMP_02,1002.69,40108,433,9,675.0
2026-03-17,Meta Ads,META_ADS_CMP_01,1423.29,118607,1864,83,6225.0
2026-03-17,Meta Ads,META_ADS_CMP_02,1257.89,104824,1612,79,5925.0
2026-03-17,Google Ads,GOOGLE_ADS_CMP_01,1473.92,98261,2262,123,9225.0
2026-03-17,Google Ads,GOOGLE_ADS_CMP_02,1241.5,82767,2008,85,6375.0
2026-03-17,TikTok Ads,TIKTOK_ADS_CMP_01,493.96,61745,645,16,1200.0
2026-03-17,TikTok Ads,TIKTOK_ADS_CMP_02,729.76,91219,792,29,2175.0
2026-03-17,Netflix Ads,NETFLIX_ADS_CMP_01,1163.44,46538,240,6,450.0
2026-03-17,Netflix Ads,NETFLIX_ADS_CMP_02,1016.78,40671,363,4,300.0
2026-03-18,Meta Ads,META_ADS_CMP_01,1370.46,114205,1876,86,6450.0
2026-03-18,Meta Ads,META_ADS_CMP_02,1289.26,107439,1395,38,2850.0
2026-03-18,Google Ads,GOOGLE_ADS_CMP_01,1033.68,68912,1677,89,6675.0
2026-03-18,Google Ads,GOOGLE_ADS_CMP_02,1666.85,111123,2929,146,10950.0
2026-03-18,TikTok Ads,TIKTOK_ADS_CMP_01,850.48,106310,963,33,2475.0
2026-03-18,TikTok Ads,TIKTOK_ADS_CMP_02,447.46,55932,644,23,1725.0
2026-03-18,Netflix Ads,NETFLIX_ADS_CMP_01,744.9,29796,233,3,225.0
2026-03-18,Netflix Ads,NETFLIX_ADS_CMP_02,816.26,32650,283,7,525.0
2026-03-19,Meta Ads,META_ADS_CMP_01,962.41,80201,1417,64,4800.0
2026-03-19,Meta Ads,META_ADS_CMP_02,1233.67,102806,1956,99,7425.0
2026-03-19,Google Ads,GOOGLE_ADS_CMP_01,1580.95,105397,3008,140,10500.0
2026-03-19,Google Ads,GOOGLE_ADS_CMP_02,1596.85,106457,2740,99,7425.0
2026-03-19,TikTok Ads,TIKTOK_ADS_CMP_01,890.56,111320,1362,47,3525.0
2026-03-19,TikTok Ads,TIKTOK_ADS_CMP_02,426.67,53334,742,20,1500.0
2026-03-19,Netflix Ads,NETFLIX_ADS_CMP_01,1165.02,46601,373,4,300.0
2026-03-19,Netflix Ads,NETFLIX_ADS_CMP_02,989.18,39567,258,4,300.0
2026-03-20,Meta Ads,META_ADS_CMP_01,925.55,77129,1096,61,4575.0
2026-03-20,Meta Ads,META_ADS_CMP_02,918.81,76567,1386,67,5025.0
2026-03-20,Google Ads,GOOGLE_ADS_CMP_01,1960.92,130728,3012,207,15525.0
2026-03-20,Google Ads,GOOGLE_ADS_CMP_02,1572.61,104840,2702,132,9900.0
2026-03-20,TikTok Ads,TIKTOK_ADS_CMP_01,577.46,72183,605,18,1350.0
2026-03-20,TikTok Ads,TIKTOK_ADS_CMP_02,841.46,105182,814,29,2175.0
2026-03-20,Netflix Ads,NETFLIX_ADS_CMP_01,717.99,28720,178,5,375.0
2026-03-20,Netflix Ads,NETFLIX_ADS_CMP_02,618.02,24721,210,5,375.0
2026-03-21,Meta Ads,META_ADS_CMP_01,1393.17,116098,1699,64,4800.0
2026-03-21,Meta Ads,META_ADS_CMP_02,1371.88,114323,1668,60,4500.0
2026-03-21,Google Ads,GOOGLE_ADS_CMP_01,1229.37,81958,1765,83,6225.0
2026-03-21,Google Ads,GOOGLE_ADS_CMP_02,1147.28,76485,1903,99,7425.0
2026-03-21,TikTok Ads,TIKTOK_ADS_CMP_01,563.13,70391,561,13,975.0
2026-03-21,TikTok Ads,TIKTOK_ADS_CMP_02,577.66,72207,656,20,1500.0
2026-03-21,Netflix Ads,NETFLIX_ADS_CMP_01,688.15,27526,269,5,375.0
2026-03-21,Netflix Ads,NETFLIX_ADS_CMP_02,890.72,35629,326,2,150.0
2026-03-22,Meta Ads,META_ADS_CMP_01,1206.49,100541,1274,54,4050.0
2026-03-22,Meta Ads,META_ADS_CMP_02,1141.48,95124,1412,50,3750.0
2026-03-22,Google Ads,GOOGLE_ADS_CMP_01,1056.98,70465,1595,57,4275.0
2026-03-22,Google Ads,GOOGLE_ADS_CMP_02,1667.21,111147,2886,149,11175.0
2026-03-22,TikTok Ads,TIKTOK_ADS_CMP_01,820.05,102507,782,21,1575.0
2026-03-22,TikTok Ads,TIKTOK_ADS_CMP_02,646.28,80786,1009,29,2175.0
2026-03-22,Netflix Ads,NETFLIX_ADS_CMP_01,844.08,33763,235,1,75.0
2026-03-22,Netflix Ads,NETFLIX_ADS_CMP_02,717.85,28714,339,10,750.0
2026-03-23,Meta Ads,META_ADS_CMP_01,960.88,80073,865,42,3150.0
2026-03-23,Meta Ads,META_ADS_CMP_02,1199.61,99968,1382,49,3675.0
2026-03-23,Google Ads,GOOGLE_ADS_CMP_01,1825.71,121714,3135,158,11850.0
2026-03-23,Google Ads,GOOGLE_ADS_CMP_02,1143.0,76200,2091,96,7200.0
2026-03-23,TikTok Ads,TIKTOK_ADS_CMP_01,678.39,84799,916,29,2175.0
2026-03-23,TikTok Ads,TIKTOK_ADS_CMP_02,510.25,63782,690,19,1425.0
2026-03-23,Netflix Ads,NETFLIX_ADS_CMP_01,600.39,24016,206,4,300.0
2026-03-23,Netflix Ads,NETFLIX_ADS_CMP_02,691.23,27649,106,1,75.0
2026-03-24,Meta Ads,META_ADS_CMP_01,1444.52,120376,1648,62,4650.0
2026-03-24,Meta Ads,META_ADS_CMP_02,1126.41,93867,1294,59,4425.0
2026-03-24,Google Ads,GOOGLE_ADS_CMP_01,1596.91,106461,2911,135,10125.0
2026-03-24,Google Ads,GOOGLE_ADS_CMP_02,1204.45,80297,2030,76,5700.0
2026-03-24,TikTok Ads,TIKTOK_ADS_CMP_01,654.93,81866,712,20,1500.0
2026-03-24,TikTok Ads,TIKTOK_ADS_CMP_02,619.09,77386,729,22,1650.0
2026-03-24,Netflix Ads,NETFLIX_ADS_CMP_01,742.49,29699,252,4,300.0
2026-03-24,Netflix Ads,NETFLIX_ADS_CMP_02,827.85,33114,235,6,450.0
2026-03-25,Meta Ads,META_ADS_CMP_01,1340.94,111745,1845,63,4725.0
2026-03-25,Meta Ads,META_ADS_CMP_02,1071.13,89260,1356,70,5250.0
2026-03-25,Google Ads,GOOGLE_ADS_CMP_01,1345.08,89672,2332,118,8850.0
2026-03-25,Google Ads,GOOGLE_ADS_CMP_02,1678.5,111900,2992,146,10950.0
2026-03-25,TikTok Ads,TIKTOK_ADS_CMP_01,769.53,96192,777,19,1425.0
2026-03-25,TikTok Ads,TIKTOK_ADS_CMP_02,758.02,94753,1114,46,3450.0
2026-03-25,Netflix Ads,NETFLIX_ADS_CMP_01,803.98,32159,250,4,300.0
2026-03-25,Netflix Ads,NETFLIX_ADS_CMP_02,1100.74,44030,409,7,525.0
2026-03-26,Meta Ads,META_ADS_CMP_01,913.95,76163,976,45,3375.0
2026-03-26,Meta Ads,META_ADS_CMP_02,1151.06,95922,1403,44,3300.0
2026-03-26,Google Ads,GOOGLE_ADS_CMP_01,1753.87,116925,3125,164,12300.0
2026-03-26,Google Ads,GOOGLE_ADS_CMP_02,1055.61,70374,1626,98,7350.0
2026-03-26,TikTok Ads,TIKTOK_ADS_CMP_01,847.78,105973,1002,35,2625.0
2026-03-26,TikTok Ads,TIKTOK_ADS_CMP_02,495.3,61913,554,12,900.0
2026-03-26,Netflix Ads,NETFLIX_ADS_CMP_01,671.93,26877,227,6,450.0
2026-03-26,Netflix Ads,NETFLIX_ADS_CMP_02,779.97,31199,164,5,375.0
2026-03-27,Meta Ads,META_ADS_CMP_01,1182.69,98557,1424,68,5100.0
2026-03-27,Meta Ads,META_ADS_CMP_02,1452.09,121007,1879,96,7200.0
2026-03-27,Google Ads,GOOGLE_ADS_CMP_01,1399.52,93301,2420,125,9375.0
2026-03-27,Google Ads,GOOGLE_ADS_CMP_02,1463.98,97599,2736,142,10650.0
2026-03-27,TikTok Ads,TIKTOK_ADS_CMP_01,666.15,83268,542,18,1350.0
2026-03-27,TikTok Ads,TIKTOK_ADS_CMP_02,891.78,111473,689,15,1125.0
2026-03-27,Netflix Ads,NETFLIX_ADS_CMP_01,1015.21,40608,201,4,300.0
2026-03-27,Netflix Ads,NETFLIX_ADS_CMP_02,946.58,37863,385,6,450.0
2026-03-28,Meta Ads,META_ADS_CMP_01,1045.57,87131,1508,57,4275.0
2026-03-28,Meta Ads,META_ADS_CMP_02,859.28,71607,857,20,1500.0
2026-03-28,Google Ads,GOOGLE_ADS_CMP_01,1380.99,92066,2391,125,9375.0
2026-03-28,Google Ads,GOOGLE_ADS_CMP_02,1303.29,86886,2205,117,8775.0
2026-03-28,TikTok Ads,TIKTOK_ADS_CMP_01,637.8,79725,614,16,1200.0
2026-03-28,TikTok Ads,TIKTOK_ADS_CMP_02,681.09,85137,793,25,1875.0
2026-03-28,Netflix Ads,NETFLIX_ADS_CMP_01,967.68,38707,324,7,525.0
2026-03-28,Netflix Ads,NETFLIX_ADS_CMP_02,930.4,37216,384,6,450.0
2026-03-29,Meta Ads,META_ADS_CMP_01,1061.42,88452,1244,50,3750.0
2026-03-29,Meta Ads,META_ADS_CMP_02,1273.08,106090,1473,64,4800.0
2026-03-29,Google Ads,GOOGLE_ADS_CMP_01,1156.81,77121,1743,86,6450.0
2026-03-29,Google Ads,GOOGLE_ADS_CMP_02,1231.38,82092,2340,122,9150.0
2026-03-29,TikTok Ads,TIKTOK_ADS_CMP_01,843.09,105386,1343,53,3975.0
2026-03-29,TikTok Ads,TIKTOK_ADS_CMP_02,665.65,83206,710,32,2400.0
2026-03-29,Netflix Ads,NETFLIX_ADS_CMP_01,687.86,27514,228,6,450.0
2026-03-29,Netflix Ads,NETFLIX_ADS_CMP_02,827.42,33097,252,5,375.0
2026-03-30,Meta Ads,META_ADS_CMP_01,1159.87,96656,1580,46,3450.0
2026-03-30,Meta Ads,META_ADS_CMP_02,990.4,82533,1222,55,4125.0
2026-03-30,Google Ads,GOOGLE_ADS_CMP_01,1671.09,111406,3085,142,10650.0
2026-03-30,Google Ads,GOOGLE_ADS_CMP_02,1025.77,68385,1935,112,8400.0
2026-03-30,TikTok Ads,TIKTOK_ADS_CMP_01,869.26,108658,1183,24,1800.0
2026-03-30,TikTok Ads,TIKTOK_ADS_CMP_02,673.23,84154,646,17,1275.0
2026-03-30,Netflix Ads,NETFLIX_ADS_CMP_01,1054.37,42175,267,5,375.0
2026-03-30,Netflix Ads,NETFLIX_ADS_CMP_02,961.47,38459,270,3,225.0
2026-03-31,Meta Ads,META_ADS_CMP_01,1482.28,123524,1761,69,5175.0
2026-03-31,Meta Ads,META_ADS_CMP_02,1093.74,91145,1019,50,3750.0
2026-03-31,Google Ads,GOOGLE_ADS_CMP_01,1011.3,67420,1594,87,6525.0
2026-03-31,Google Ads,GOOGLE_ADS_CMP_02,1397.68,93179,2337,122,9150.0
2026-03-31,TikTok Ads,TIKTOK_ADS_CMP_01,535.75,66968,637,22,1650.0
2026-03-31,TikTok Ads,TIKTOK_ADS_CMP_02,613.06,76633,833,27,2025.0
2026-03-31,Netflix Ads,NETFLIX_ADS_CMP_01,1090.38,43615,176,2,150.0
2026-03-31,Netflix Ads,NETFLIX_ADS_CMP_02,726.68,29067,64,1,75.0
