date,channel,campaign_id,mta_attributed_conversions,mta_attributed_revenue,mta_attribution_weight,model_version
2026-01-01,Meta Ads,META_ADS_CMP_01,39,2925.0,0.806,linear_decay_v1.2
2026-01-01,Meta Ads,META_ADS_CMP_02,87,6525.0,0.897,linear_decay_v1.2
2026-01-01,Google Ads,GOOGLE_ADS_CMP_01,110,8250.0,0.83,linear_decay_v1.2
2026-01-01,Google Ads,GOOGLE_ADS_CMP_02,83,6225.0,0.814,linear_decay_v1.2
2026-01-01,TikTok Ads,TIKTOK_ADS_CMP_01,7,525.0,0.82,linear_decay_v1.2
2026-01-01,TikTok Ads,TIKTOK_ADS_CMP_02,18,1350.0,0.817,linear_decay_v1.2
2026-01-01,Netflix Ads,NETFLIX_ADS_CMP_01,3,225.0,0.868,linear_decay_v1.2
2026-01-01,Netflix Ads,NETFLIX_ADS_CMP_02,3,225.0,0.891,linear_decay_v1.2
2026-01-02,Meta Ads,META_ADS_CMP_01,43,3225.0,0.855,linear_decay_v1.2
2026-01-02,Meta Ads,META_ADS_CMP_02,43,3225.0,0.82,linear_decay_v1.2
2026-01-02,Google Ads,GOOGLE_ADS_CMP_01,56,4200.0,0.883,linear_decay_v1.2
2026-01-02,Google Ads,GOOGLE_ADS_CMP_02,77,5775.0,0.88,linear_decay_v1.2
2026-01-02,TikTok Ads,TIKTOK_ADS_CMP_01,20,1500.0,0.877,linear_decay_v1.2
2026-01-02,TikTok Ads,TIKTOK_ADS_CMP_02,10,750.0,0.862,linear_decay_v1.2
2026-01-02,Netflix Ads,NETFLIX_ADS_CMP_01,3,225.0,0.873,linear_decay_v1.2
2026-01-02,Netflix Ads,NETFLIX_ADS_CMP_02,6,450.0,0.871,linear_decay_v1.2
2026-01-03,Meta Ads,META_ADS_CMP_01,75,5625.0,0.852,linear_decay_v1.2
2026-01-03,Meta Ads,META_ADS_CMP_02,47,3525.0,0.851,linear_decay_v1.2
2026-01-03,Google Ads,GOOGLE_ADS_CMP_01,104,7800.0,0.823,linear_decay_v1.2
2026-01-03,Google Ads,GOOGLE_ADS_CMP_02,71,5325.0,0.881,linear_decay_v1.2
2026-01-03,TikTok Ads,TIKTOK_ADS_CMP_01,26,1950.0,0.889,linear_decay_v1.2
2026-01-03,TikTok Ads,TIKTOK_ADS_CMP_02,16,1200.0,0.843,linear_decay_v1.2
2026-01-03,Netflix Ads,NETFLIX_ADS_CMP_01,2,150.0,0.812,linear_decay_v1.2
2026-01-03,Netflix Ads,NETFLIX_ADS_CMP_02,4,300.0,0.87,linear_decay_v1.2
2026-01-04,Meta Ads,META_ADS_CMP_01,32,2400.0,0.828,linear_decay_v1.2
2026-01-04,Meta Ads,META_ADS_CMP_02,50,3750.0,0.828,linear_decay_v1.2
2026-01-04,Google Ads,GOOGLE_ADS_CMP_01,129,9675.0,0.899,linear_decay_v1.2
2026-01-04,Google Ads,GOOGLE_ADS_CMP_02,106,7950.0,0.873,linear_decay_v1.2
2026-01-04,TikTok Ads,TIKTOK_ADS_CMP_01,30,2250.0,0.809,linear_decay_v1.2
2026-01-04,TikTok Ads,TIKTOK_ADS_CMP_02,17,1275.0,0.859,linear_decay_v1.2
2026-01-04,Netflix Ads,NETFLIX_ADS_CMP_01,4,300.0,0.865,linear_decay_v1.2
2026-01-04,Netflix Ads,NETFLIX_ADS_CMP_02,4,300.0,0.814,linear_decay_v1.2
2026-01-05,Meta Ads,META_ADS_CMP_01,51,3825.0,0.882,linear_decay_v1.2
2026-01-05,Meta Ads,META_ADS_CMP_02,44,3300.0,0.89,linear_decay_v1.2
2026-01-05,Google Ads,GOOGLE_ADS_CMP_01,139,10425.0,0.873,linear_decay_v1.2
2026-01-05,Google Ads,GOOGLE_ADS_CMP_02,138,10350.0,0.808,linear_decay_v1.2
2026-01-05,TikTok Ads,TIKTOK_ADS_CMP_01,17,1275.0,0.81,linear_decay_v1.2
2026-01-05,TikTok Ads,TIKTOK_ADS_CMP_02,35,2625.0,0.822,linear_decay_v1.2
2026-01-05,Netflix Ads,NETFLIX_ADS_CMP_01,2,150.0,0.865,linear_decay_v1.2
2026-01-05,Netflix Ads,NETFLIX_ADS_CMP_02,10,750.0,0.837,linear_decay_v1.2
2026-01-06,Meta Ads,META_ADS_CMP_01,50,3750.0,0.879,linear_decay_v1.2
2026-01-06,Meta Ads,META_ADS_CMP_02,73,5475.0,0.872,linear_decay_v1.2
2026-01-06,Google Ads,GOOGLE_ADS_CMP_01,91,6825.0,0.894,linear_decay_v1.2
2026-01-06,Google Ads,GOOGLE_ADS_CMP_02,149,11175.0,0.893,linear_decay_v1.2
2026-01-06,TikTok Ads,TIKTOK_ADS_CMP_01,22,1650.0,0.885,linear_decay_v1.2
2026-01-06,TikTok Ads,TIKTOK_ADS_CMP_02,13,975.0,0.87,linear_decay_v1.2
2026-01-06,Netflix Ads,NETFLIX_ADS_CMP_01,3,225.0,0.814,linear_decay_v1.2
2026-01-06,Netflix Ads,NETFLIX_ADS_CMP_02,6,450.0,0.87,linear_decay_v1.2
2026-01-07,Meta Ads,META_ADS_CMP_01,51,3825.0,0.887,linear_decay_v1.2
2026-01-07,Meta Ads,META_ADS_CMP_02,118,8850.0,0.865,linear_decay_v1.2
2026-01-07,Google Ads,GOOGLE_ADS_CMP_01,122,9150.0,0.838,linear_decay_v1.2
2026-01-07,Google Ads,GOOGLE_ADS_CMP_02,76,5700.0,0.854,linear_decay_v1.2
2026-01-07,TikTok Ads,TIKTOK_ADS_CMP_01,16,1200.0,0.882,linear_decay_v1.2
2026-01-07,TikTok Ads,TIKTOK_ADS_CMP_02,14,1050.0,0.822,linear_decay_v1.2
2026-01-07,Netflix Ads,NETFLIX_ADS_CMP_01,13,975.0,0.873,linear_decay_v1.2
2026-01-07,Netflix Ads,NETFLIX_ADS_CMP_02,3,225.0,0.827,linear_decay_v1.2
2026-01-08,Meta Ads,META_ADS_CMP_01,54,4050.0,0.816,linear_decay_v1.2
2026-01-08,Meta Ads,META_ADS_CMP_02,56,4200.0,0.828,linear_decay_v1.2
2026-01-08,Google Ads,GOOGLE_ADS_CMP_01,172,12900.0,0.842,linear_decay_v1.2
2026-01-08,Google Ads,GOOGLE_ADS_CMP_02,81,6075.0,0.812,linear_decay_v1.2
2026-01-08,TikTok Ads,TIKTOK_ADS_CMP_01,18,1350.0,0.849,linear_decay_v1.2
2026-01-08,TikTok Ads,TIKTOK_ADS_CMP_02,13,975.0,0.862,linear_decay_v1.2
2026-01-08,Netflix Ads,NETFLIX_ADS_CMP_01,4,300.0,0.85,linear_decay_v1.2
2026-01-08,Netflix Ads,NETFLIX_ADS_CMP_02,5,375.0,0.864,linear_decay_v1.2
2026-01-09,Meta Ads,META_ADS_CMP_01,40,3000.0,0.839,linear_decay_v1.2
2026-01-09,Meta Ads,META_ADS_CMP_02,49,3675.0,0.839,linear_decay_v1.2
2026-01-09,Google Ads,GOOGLE_ADS_CMP_01,141,10575.0,0.884,linear_decay_v1.2
2026-01-09,Google Ads,GOOGLE_ADS_CMP_02,76,5700.0,0.87,linear_decay_v1.2
2026-01-09,TikTok Ads,TIKTOK_ADS_CMP_01,27,2025.0,0.828,linear_decay_v1.2
2026-01-09,TikTok Ads,TIKTOK_ADS_CMP_02,21,1575.0,0.841,linear_decay_v1.2
2026-01-09,Netflix Ads,NETFLIX_ADS_CMP_01,5,375.0,0.886,linear_decay_v1.2
2026-01-09,Netflix Ads,NETFLIX_ADS_CMP_02,6,450.0,0.89,linear_decay_v1.2
2026-01-10,Meta Ads,META_ADS_CMP_01,57,4275.0,0.839,linear_decay_v1.2
2026-01-10,Meta Ads,META_ADS_CMP_02,39,2925.0,0.857,linear_decay_v1.2
2026-01-10,Google Ads,GOOGLE_ADS_CMP_01,94,7050.0,0.867,linear_decay_v1.2
2026-01-10,Google Ads,GOOGLE_ADS_CMP_02,136,10200.0,0.849,linear_decay_v1.2
2026-01-10,TikTok Ads,TIKTOK_ADS_CMP_01,12,900.0,0.835,linear_decay_v1.2
2026-01-10,TikTok Ads,TIKTOK_ADS_CMP_02,13,975.0,0.81,linear_decay_v1.2
2026-01-10,Netflix Ads,NETFLIX_ADS_CMP_01,3,225.0,0.871,linear_decay_v1.2
2026-01-10,Netflix Ads,NETFLIX_ADS_CMP_02,1,75.0,0.895,linear_decay_v1.2
2026-01-11,Meta Ads,META_ADS_CMP_01,74,5550.0,0.878,linear_decay_v1.2
2026-01-11,Meta Ads,META_ADS_CMP_02,55,4125.0,0.849,linear_decay_v1.2
2026-01-11,Google Ads,GOOGLE_ADS_CMP_01,62,4650.0,0.812,linear_decay_v1.2
2026-01-11,Google Ads,GOOGLE_ADS_CMP_02,147,11025.0,0.837,linear_decay_v1.2
2026-01-11,TikTok Ads,TIKTOK_ADS_CMP_01,18,1350.0,0.801,linear_decay_v1.2
2026-01-11,TikTok Ads,TIKTOK_ADS_CMP_02,27,2025.0,0.855,linear_decay_v1.2
2026-01-11,Netflix Ads,NETFLIX_ADS_CMP_01,10,750.0,0.845,linear_decay_v1.2
2026-01-11,Netflix Ads,NETFLIX_ADS_CMP_02,6,450.0,0.828,linear_decay_v1.2
2026-01-12,Meta Ads,META_ADS_CMP_01,74,5550.0,0.828,linear_decay_v1.2
2026-01-12,Meta Ads,META_ADS_CMP_02,26,1950.0,0.808,linear_decay_v1.2
2026-01-12,Google Ads,GOOGLE_ADS_CMP_01,130,9750.0,0.868,linear_decay_v1.2
2026-01-12,Google Ads,GOOGLE_ADS_CMP_02,98,7350.0,0.887,linear_decay_v1.2
2026-01-12,TikTok Ads,TIKTOK_ADS_CMP_01,13,975.0,0.899,linear_decay_v1.2
2026-01-12,TikTok Ads,TIKTOK_ADS_CMP_02,13,975.0,0.884,linear_decay_v1.2
2026-01-12,Netflix Ads,NETFLIX_ADS_CMP_01,1,75.0,0.806,linear_decay_v1.2
2026-01-12,Netflix Ads,NETFLIX_ADS_CMP_02,5,375.0,0.894,linear_decay_v1.2
2026-01-13,Meta Ads,META_ADS_CMP_01,45,3375.0,0.895,linear_decay_v1.2
2026-01-13,Meta Ads,META_ADS_CMP_02,48,3600.0,0.836,linear_decay_v1.2
2026-01-13,Google Ads,GOOGLE_ADS_CMP_01,103,7725.0,0.852,linear_decay_v1.2
2026-01-13,Google Ads,GOOGLE_ADS_CMP_02,189,14175.0,0.84,linear_decay_v1.2
2026-01-13,TikTok Ads,TIKTOK_ADS_CMP_01,21,1575.0,0.814,linear_decay_v1.2
2026-01-13,TikTok Ads,TIKTOK_ADS_CMP_02,8,600.0,0.844,linear_decay_v1.2
2026-01-13,Netflix Ads,NETFLIX_ADS_CMP_01,2,150.0,0.84,linear_decay_v1.2
2026-01-13,Netflix Ads,NETFLIX_ADS_CMP_02,4,300.0,0.898,linear_decay_v1.2
2026-01-14,Meta Ads,META_ADS_CMP_01,41,3075.0,0.808,linear_decay_v1.2
2026-01-14,Meta Ads,META_ADS_CMP_02,34,2550.0,0.835,linear_decay_v1.2
2026-01-14,Google Ads,GOOGLE_ADS_CMP_01,141,10575.0,0.819,linear_decay_v1.2
2026-01-14,Google Ads,GOOGLE_ADS_CMP_02,59,4425.0,0.809,linear_decay_v1.2
2026-01-14,TikTok Ads,TIKTOK_ADS_CMP_01,10,750.0,0.85,linear_decay_v1.2
2026-01-14,TikTok Ads,TIKTOK_ADS_CMP_02,23,1725.0,0.892,linear_decay_v1.2
2026-01-14,Netflix Ads,NETFLIX_ADS_CMP_01,3,225.0,0.818,linear_decay_v1.2
2026-01-14,Netflix Ads,NETFLIX_ADS_CMP_02,1,75.0,0.837,linear_decay_v1.2
2026-01-15,Meta Ads,META_ADS_CMP_01,48,3600.0,0.851,linear_decay_v1.2
2026-01-15,Meta Ads,META_ADS_CMP_02,42,3150.0,0.824,linear_decay_v1.2
2026-01-15,Google Ads,GOOGLE_ADS_CMP_01,84,6300.0,0.821,linear_decay_v1.2
2026-01-15,Google Ads,GOOGLE_ADS_CMP_02,122,9150.0,0.85,linear_decay_v1.2
2026-01-15,TikTok Ads,TIKTOK_ADS_CMP_01,27,2025.0,0.843,linear_decay_v1.2
2026-01-15,TikTok Ads,TIKTOK_ADS_CMP_02,8,600.0,0.857,linear_decay_v1.2
2026-01-15,Netflix Ads,NETFLIX_ADS_CMP_01,4,300.0,0.81,linear_decay_v1.2
2026-01-15,Netflix Ads,NETFLIX_ADS_CMP_02,2,150.0,0.829,linear_decay_v1.2
2026-01-16,Meta Ads,META_ADS_CMP_01,31,2325.0,0.811,linear_decay_v1.2
2026-01-16,Meta Ads,META_ADS_CMP_02,49,3675.0,0.867,linear_decay_v1.2
2026-01-16,Google Ads,GOOGLE_ADS_CMP_01,194,14550.0,0.877,linear_decay_v1.2
2026-01-16,Google Ads,GOOGLE_ADS_CMP_02,60,4500.0,0.824,linear_decay_v1.2
2026-01-16,TikTok Ads,TIKTOK_ADS_CMP_01,12,900.0,0.815,linear_decay_v1.2
2026-01-16,TikTok Ads,TIKTOK_ADS_CMP_02,16,1200.0,0.813,linear_decay_v1.2
2026-01-16,Netflix Ads,NETFLIX_ADS_CMP_01,4,300.0,0.876,linear_decay_v1.2
2026-01-16,Netflix Ads,NETFLIX_ADS_CMP_02,1,75.0,0.893,linear_decay_v1.2
2026-01-17,Meta Ads,META_ADS_CMP_01,60,4500.0,0.807,linear_decay_v1.2
2026-01-17,Meta Ads,META_ADS_CMP_02,72,5400.0,0.88,linear_decay_v1.2
2026-01-17,Google Ads,GOOGLE_ADS_CMP_01,83,6225.0,0.867,linear_decay_v1.2
2026-01-17,Google Ads,GOOGLE_ADS_CMP_02,114,8550.0,0.882,linear_decay_v1.2
2026-01-17,TikTok Ads,TIKTOK_ADS_CMP_01,8,600.0,0.875,linear_decay_v1.2
2026-01-17,TikTok Ads,TIKTOK_ADS_CMP_02,20,1500.0,0.854,linear_decay_v1.2
2026-01-17,Netflix Ads,NETFLIX_ADS_CMP_01,5,375.0,0.863,linear_decay_v1.2
2026-01-17,Netflix Ads,NETFLIX_ADS_CMP_02,4,300.0,0.853,linear_decay_v1.2
2026-01-18,Meta Ads,META_ADS_CMP_01,60,4500.0,0.825,linear_decay_v1.2
2026-01-18,Meta Ads,META_ADS_CMP_02,59,4425.0,0.888,linear_decay_v1.2
2026-01-18,Google Ads,GOOGLE_ADS_CMP_01,93,6975.0,0.823,linear_decay_v1.2
2026-01-18,Google Ads,GOOGLE_ADS_CMP_02,156,11700.0,0.854,linear_decay_v1.2
2026-01-18,TikTok Ads,TIKTOK_ADS_CMP_01,12,900.0,0.858,linear_decay_v1.2
2026-01-18,TikTok Ads,TIKTOK_ADS_CMP_02,21,1575.0,0.859,linear_decay_v1.2
2026-01-18,Netflix Ads,NETFLIX_ADS_CMP_01,4,300.0,0.893,linear_decay_v1.2
2026-01-18,Netflix Ads,NETFLIX_ADS_CMP_02,5,375.0,0.815,linear_decay_v1.2
2026-01-19,Meta Ads,META_ADS_CMP_01,63,4725.0,0.893,linear_decay_v1.2
2026-01-19,Meta Ads,META_ADS_CMP_02,59,4425.0,0.884,linear_decay_v1.2
2026-01-19,Google Ads,GOOGLE_ADS_CMP_01,96,7200.0,0.805,linear_decay_v1.2
2026-01-19,Google Ads,GOOGLE_ADS_CMP_02,72,5400.0,0.892,linear_decay_v1.2
2026-01-19,TikTok Ads,TIKTOK_ADS_CMP_01,17,1275.0,0.822,linear_decay_v1.2
2026-01-19,TikTok Ads,TIKTOK_ADS_CMP_02,18,1350.0,0.842,linear_decay_v1.2
2026-01-19,Netflix Ads,NETFLIX_ADS_CMP_01,3,225.0,0.801,linear_decay_v1.2
2026-01-19,Netflix Ads,NETFLIX_ADS_CMP_02,3,225.0,0.9,linear_decay_v1.2
2026-01-20,Meta Ads,META_ADS_CMP_01,47,3525.0,0.821,linear_decay_v1.2
2026-01-20,Meta Ads,META_ADS_CMP_02,52,3900.0,0.847,linear_decay_v1.2
2026-01-20,Google Ads,GOOGLE_ADS_CMP_01,81,6075.0,0.84,linear_decay_v1.2
2026-01-20,Google Ads,GOOGLE_ADS_CMP_02,110,8250.0,0.895,linear_decay_v1.2
2026-01-20,TikTok Ads,TIKTOK_ADS_CMP_01,13,975.0,0.803,linear_decay_v1.2
2026-01-20,TikTok Ads,TIKTOK_ADS_CMP_02,22,1650.0,0.822,linear_decay_v1.2
2026-01-20,Netflix Ads,NETFLIX_ADS_CMP_01,3,225.0,0.865,linear_decay_v1.2
2026-01-20,Netflix Ads,NETFLIX_ADS_CMP_02,4,300.0,0.886,linear_decay_v1.2
2026-01-21,Meta Ads,META_ADS_CMP_01,61,4575.0,0.829,linear_decay_v1.2
2026-01-21,Meta Ads,META_ADS_CMP_02,54,4050.0,0.889,linear_decay_v1.2
2026-01-21,Google Ads,GOOGLE_ADS_CMP_01,104,7800.0,0.859,linear_decay_v1.2
2026-01-21,Google Ads,GOOGLE_ADS_CMP_02,99,7425.0,0.844,linear_decay_v1.2
2026-01-21,TikTok Ads,TIKTOK_ADS_CMP_01,20,1500.0,0.843,linear_decay_v1.2
2026-01-21,TikTok Ads,TIKTOK_ADS_CMP_02,7,525.0,0.826,linear_decay_v1.2
2026-01-21,Netflix Ads,NETFLIX_ADS_CMP_01,2,150.0,0.802,linear_decay_v1.2
2026-01-21,Netflix Ads,NETFLIX_ADS_CMP_02,4,300.0,0.855,linear_decay_v1.2
2026-01-22,Meta Ads,META_ADS_CMP_01,53,3975.0,0.814,linear_decay_v1.2
2026-01-22,Meta Ads,META_ADS_CMP_02,80,6000.0,0.867,linear_decay_v1.2
2026-01-22,Google Ads,GOOGLE_ADS_CMP_01,89,6675.0,0.852,linear_decay_v1.2
2026-01-22,Google Ads,GOOGLE_ADS_CMP_02,69,5175.0,0.86,linear_decay_v1.2
2026-01-22,TikTok Ads,TIKTOK_ADS_CMP_01,9,675.0,0.872,linear_decay_v1.2
2026-01-22,TikTok Ads,TIKTOK_ADS_CMP_02,24,1800.0,0.894,linear_decay_v1.2
2026-01-22,Netflix Ads,NETFLIX_ADS_CMP_01,3,225.0,0.85,linear_decay_v1.2
2026-01-22,Netflix Ads,NETFLIX_ADS_CMP_02,5,375.0,0.808,linear_decay_v1.2
2026-01-23,Meta Ads,META_ADS_CMP_01,71,5325.0,0.825,linear_decay_v1.2
2026-01-23,Meta Ads,META_ADS_CMP_02,77,5775.0,0.859,linear_decay_v1.2
2026-01-23,Google Ads,GOOGLE_ADS_CMP_01,88,6600.0,0.887,linear_decay_v1.2
2026-01-23,Google Ads,GOOGLE_ADS_CMP_02,154,11550.0,0.885,linear_decay_v1.2
2026-01-23,TikTok Ads,TIKTOK_ADS_CMP_01,13,975.0,0.894,linear_decay_v1.2
2026-01-23,TikTok Ads,TIKTOK_ADS_CMP_02,15,1125.0,0.857,linear_decay_v1.2
2026-01-23,Netflix Ads,NETFLIX_ADS_CMP_01,6,450.0,0.894,linear_decay_v1.2
2026-01-23,Netflix Ads,NETFLIX_ADS_CMP_02,4,300.0,0.883,linear_decay_v1.2
2026-01-24,Meta Ads,META_ADS_CMP_01,30,2250.0,0.808,linear_decay_v1.2
2026-01-24,Meta Ads,META_ADS_CMP_02,54,4050.0,0.832,linear_decay_v1.2
2026-01-24,Google Ads,GOOGLE_ADS_CMP_01,124,9300.0,0.889,linear_decay_v1.2
2026-01-24,Google Ads,GOOGLE_ADS_CMP_02,140,10500.0,0.88,linear_decay_v1.2
2026-01-24,TikTok Ads,TIKTOK_ADS_CMP_01,29,2175.0,0.848,linear_decay_v1.2
2026-01-24,TikTok Ads,TIKTOK_ADS_CMP_02,28,2100.0,0.874,linear_decay_v1.2
2026-01-24,Netflix Ads,NETFLIX_ADS_CMP_01,2,150.0,0.83,linear_decay_v1.2
2026-01-24,Netflix Ads,NETFLIX_ADS_CMP_02,4,300.0,0.868,linear_decay_v1.2
2026-01-25,Meta Ads,META_ADS_CMP_01,38,2850.0,0.894,linear_decay_v1.2
2026-01-25,Meta Ads,META_ADS_CMP_02,45,3375.0,0.823,linear_decay_v1.2
2026-01-25,Google Ads,GOOGLE_ADS_CMP_01,175,13125.0,0.823,linear_decay_v1.2
2026-01-25,Google Ads,GOOGLE_ADS_CMP_02,73,5475.0,0.835,linear_decay_v1.2
2026-01-25,TikTok Ads,TIKTOK_ADS_CMP_01,10,750.0,0.87,linear_decay_v1.2
2026-01-25,TikTok Ads,TIKTOK_ADS_CMP_02,15,1125.0,0.854,linear_decay_v1.2
2026-01-25,Netflix Ads,NETFLIX_ADS_CMP_01,4,300.0,0.827,linear_decay_v1.2
2026-01-25,Netflix Ads,NETFLIX_ADS_CMP_02,4,300.0,0.855,linear_decay_v1.2
2026-01-26,Meta Ads,META_ADS_CMP_01,24,1800.0,0.872,linear_decay_v1.2
2026-01-26,Meta Ads,META_ADS_CMP_02,51,3825.0,0.85,linear_decay_v1.2
2026-01-26,Google Ads,GOOGLE_ADS_CMP_01,121,9075.0,0.868,linear_decay_v1.2
2026-01-26,Google Ads,GOOGLE_ADS_CMP_02,115,8625.0,0.866,linear_decay_v1.2
2026-01-26,TikTok Ads,TIKTOK_ADS_CMP_01,35,2625.0,0.87,linear_decay_v1.2
2026-01-26,TikTok Ads,TIKTOK_ADS_CMP_02,34,2550.0,0.888,linear_decay_v1.2
2026-01-26,Netflix Ads,NETFLIX_ADS_CMP_01,4,300.0,0.816,linear_decay_v1.2
2026-01-26,Netflix Ads,NETFLIX_ADS_CMP_02,7,525.0,0.829,linear_decay_v1.2
2026-01-27,Meta Ads,META_ADS_CMP_01,56,4200.0,0.863,linear_decay_v1.2
2026-01-27,Meta Ads,META_ADS_CMP_02,54,4050.0,0.854,linear_decay_v1.2
2026-01-27,Google Ads,GOOGLE_ADS_CMP_01,124,9300.0,0.81,linear_decay_v1.2
2026-01-27,Google Ads,GOOGLE_ADS_CMP_02,137,10275.0,0.871,linear_decay_v1.2
2026-01-27,TikTok Ads,TIKTOK_ADS_CMP_01,10,750.0,0.805,linear_decay_v1.2
2026-01-27,TikTok Ads,TIKTOK_ADS_CMP_02,24,1800.0,0.802,linear_decay_v1.2
2026-01-27,Netflix Ads,NETFLIX_ADS_CMP_01,1,75.0,0.868,linear_decay_v1.2
2026-01-27,Netflix Ads,NETFLIX_ADS_CMP_02,1,75.0,0.879,linear_decay_v1.2
2026-01-28,Meta Ads,META_ADS_CMP_01,84,6300.0,0.895,linear_decay_v1.2
2026-01-28,Meta Ads,META_ADS_CMP_02,43,3225.0,0.864,linear_decay_v1.2
2026-01-28,Google Ads,GOOGLE_ADS_CMP_01,98,7350.0,0.821,linear_decay_v1.2
2026-01-28,Google Ads,GOOGLE_ADS_CMP_02,80,6000.0,0.847,linear_decay_v1.2
2026-01-28,TikTok Ads,TIKTOK_ADS_CMP_01,29,2175.0,0.877,linear_decay_v1.2
2026-01-28,TikTok Ads,TIKTOK_ADS_CMP_02,35,2625.0,0.803,linear_decay_v1.2
2026-01-28,Netflix Ads,NETFLIX_ADS_CMP_01,8,600.0,0.812,linear_decay_v1.2
2026-01-28,Netflix Ads,NETFLIX_ADS_CMP_02,4,300.0,0.849,linear_decay_v1.2
2026-01-29,Meta Ads,META_ADS_CMP_01,32,2400.0,0.831,linear_decay_v1.2
2026-01-29,Meta Ads,META_ADS_CMP_02,27,2025.0,0.829,linear_decay_v1.2
2026-01-29,Google Ads,GOOGLE_ADS_CMP_01,126,9450.0,0.848,linear_decay_v1.2
2026-01-29,Google Ads,GOOGLE_ADS_CMP_02,69,5175.0,0.87,linear_decay_v1.2
2026-01-29,TikTok Ads,TIKTOK_ADS_CMP_01,16,1200.0,0.803,linear_decay_v1.2
2026-01-29,TikTok Ads,TIKTOK_ADS_CMP_02,10,750.0,0.869,linear_decay_v1.2
2026-01-29,Netflix Ads,NETFLIX_ADS_CMP_01,4,300.0,0.864,linear_decay_v1.2
2026-01-29,Netflix Ads,NETFLIX_ADS_CMP_02,4,300.0,0.887,linear_decay_v1.2
2026-01-30,Meta Ads,META_ADS_CMP_01,61,4575.0,0.808,linear_decay_v1.2
2026-01-30,Meta Ads,META_ADS_CMP_02,79,5925.0,0.864,linear_decay_v1.2
2026-01-30,Google Ads,GOOGLE_ADS_CMP_01,101,7575.0,0.825,linear_decay_v1.2
2026-01-30,Google Ads,GOOGLE_ADS_CMP_02,86,6450.0,0.834,linear_decay_v1.2
2026-01-30,TikTok Ads,TIKTOK_ADS_CMP_01,23,1725.0,0.856,linear_decay_v1.2
2026-01-30,TikTok Ads,TIKTOK_ADS_CMP_02,25,1875.0,0.868,linear_decay_v1.2
2026-01-30,Netflix Ads,NETFLIX_ADS_CMP_01,4,300.0,0.874,linear_decay_v1.2
2026-01-30,Netflix Ads,NETFLIX_ADS_CMP_02,1,75.0,0.804,linear_decay_v1.2
2026-01-31,Meta Ads,META_ADS_CMP_01,68,5100.0,0.849,linear_decay_v1.2
2026-01-31,Meta Ads,META_ADS_CMP_02,70,5250.0,0.859,linear_decay_v1.2
2026-01-31,Google Ads,GOOGLE_ADS_CMP_01,123,9225.0,0.873,linear_decay_v1.2
2026-01-31,Google Ads,GOOGLE_ADS_CMP_02,82,6150.0,0.824,linear_decay_v1.2
2026-01-31,TikTok Ads,TIKTOK_ADS_CMP_01,26,1950.0,0.825,linear_decay_v1.2
2026-01-31,TikTok Ads,TIKTOK_ADS_CMP_02,9,675.0,0.859,linear_decay_v1.2
2026-01-31,Netflix Ads,NETFLIX_ADS_CMP_01,4,300.0,0.866,linear_decay_v1.2
2026-01-31,Netflix Ads,NETFLIX_ADS_CMP_02,4,300.0,0.845,linear_decay_v1.2
2026-02-01,Meta Ads,META_ADS_CMP_01,33,2475.0,0.843,linear_decay_v1.2
2026-02-01,Meta Ads,META_ADS_CMP_02,56,4200.0,0.817,linear_decay_v1.2
2026-02-01,Google Ads,GOOGLE_ADS_CMP_01,94,7050.0,0.884,linear_decay_v1.2
2026-02-01,Google Ads,GOOGLE_ADS_CMP_02,133,9975.0,0.811,linear_decay_v1.2
2026-02-01,TikTok Ads,TIKTOK_ADS_CMP_01,14,1050.0,0.804,linear_decay_v1.2
2026-02-01,TikTok Ads,TIKTOK_ADS_CMP_02,16,1200.0,0.851,linear_decay_v1.2
2026-02-01,Netflix Ads,NETFLIX_ADS_CMP_01,4,300.0,0.845,linear_decay_v1.2
2026-02-01,Netflix Ads,NETFLIX_ADS_CMP_02,6,450.0,0.803,linear_decay_v1.2
2026-02-02,Meta Ads,META_ADS_CMP_01,47,3525.0,0.897,linear_decay_v1.2
2026-02-02,Meta Ads,META_ADS_CMP_02,46,3450.0,0.818,linear_decay_v1.2
2026-02-02,Google Ads,GOOGLE_ADS_CMP_01,158,11850.0,0.887,linear_decay_v1.2
2026-02-02,Google Ads,GOOGLE_ADS_CMP_02,139,10425.0,0.866,linear_decay_v1.2
2026-02-02,TikTok Ads,TIKTOK_ADS_CMP_01,19,1425.0,0.9,linear_decay_v1.2
2026-02-02,TikTok Ads,TIKTOK_ADS_CMP_02,15,1125.0,0.878,linear_decay_v1.2
2026-02-02,Netflix Ads,NETFLIX_ADS_CMP_01,6,450.0,0.833,linear_decay_v1.2
2026-02-02,Netflix Ads,NETFLIX_ADS_CMP_02,8,600.0,0.844,linear_decay_v1.2
2026-02-03,Meta Ads,META_ADS_CMP_01,48,3600.0,0.832,linear_decay_v1.2
2026-02-03,Meta Ads,META_ADS_CMP_02,48,3600.0,0.845,linear_decay_v1.2
2026-02-03,Google Ads,GOOGLE_ADS_CMP_01,71,5325.0,0.86,linear_decay_v1.2
2026-02-03,Google Ads,GOOGLE_ADS_CMP_02,148,11100.0,0.886,linear_decay_v1.2
2026-02-03,TikTok Ads,TIKTOK_ADS_CMP_01,18,1350.0,0.838,linear_decay_v1.2
2026-02-03,TikTok Ads,TIKTOK_ADS_CMP_02,38,2850.0,0.876,linear_decay_v1.2
2026-02-03,Netflix Ads,NETFLIX_ADS_CMP_01,6,450.0,0.806,linear_decay_v1.2
2026-02-03,Netflix Ads,NETFLIX_ADS_CMP_02,4,300.0,0.826,linear_decay_v1.2
2026-02-04,Meta Ads,META_ADS_CMP_01,44,3300.0,0.831,linear_decay_v1.2
2026-02-04,Meta Ads,META_ADS_CMP_02,52,3900.0,0.812,linear_decay_v1.2
2026-02-04,Google Ads,GOOGLE_ADS_CMP_01,85,6375.0,0.871,linear_decay_v1.2
2026-02-04,Google Ads,GOOGLE_ADS_CMP_02,75,5625.0,0.848,linear_decay_v1.2
2026-02-04,TikTok Ads,TIKTOK_ADS_CMP_01,24,1800.0,0.895,linear_decay_v1.2
2026-02-04,TikTok Ads,TIKTOK_ADS_CMP_02,21,1575.0,0.821,linear_decay_v1.2
2026-02-04,Netflix Ads,NETFLIX_ADS_CMP_01,5,375.0,0.835,linear_decay_v1.2
2026-02-04,Netflix Ads,NETFLIX_ADS_CMP_02,4,300.0,0.842,linear_decay_v1.2
2026-02-05,Meta Ads,META_ADS_CMP_01,52,3900.0,0.859,linear_decay_v1.2
2026-02-05,Meta Ads,META_ADS_CMP_02,45,3375.0,0.81,linear_decay_v1.2
2026-02-05,Google Ads,GOOGLE_ADS_CMP_01,93,6975.0,0.823,linear_decay_v1.2
2026-02-05,Google Ads,GOOGLE_ADS_CMP_02,129,9675.0,0.814,linear_decay_v1.2
2026-02-05,TikTok Ads,TIKTOK_ADS_CMP_01,10,750.0,0.869,linear_decay_v1.2
2026-02-05,TikTok Ads,TIKTOK_ADS_CMP_02,40,3000.0,0.808,linear_decay_v1.2
2026-02-05,Netflix Ads,NETFLIX_ADS_CMP_01,2,150.0,0.807,linear_decay_v1.2
2026-02-05,Netflix Ads,NETFLIX_ADS_CMP_02,2,150.0,0.865,linear_decay_v1.2
2026-02-06,Meta Ads,META_ADS_CMP_01,37,2775.0,0.899,linear_decay_v1.2
2026-02-06,Meta Ads,META_ADS_CMP_02,70,5250.0,0.806,linear_decay_v1.2
2026-02-06,Google Ads,GOOGLE_ADS_CMP_01,104,7800.0,0.81,linear_decay_v1.2
2026-02-06,Google Ads,GOOGLE_ADS_CMP_02,117,8775.0,0.88,linear_decay_v1.2
2026-02-06,TikTok Ads,TIKTOK_ADS_CMP_01,15,1125.0,0.899,linear_decay_v1.2
2026-02-06,TikTok Ads,TIKTOK_ADS_CMP_02,35,2625.0,0.862,linear_decay_v1.2
2026-02-06,Netflix Ads,NETFLIX_ADS_CMP_01,4,300.0,0.878,linear_decay_v1.2
2026-02-06,Netflix Ads,NETFLIX_ADS_CMP_02,2,150.0,0.894,linear_decay_v1.2
2026-02-07,Meta Ads,META_ADS_CMP_01,34,2550.0,0.86,linear_decay_v1.2
2026-02-07,Meta Ads,META_ADS_CMP_02,64,4800.0,0.885,linear_decay_v1.2
2026-02-07,Google Ads,GOOGLE_ADS_CMP_01,102,7650.0,0.887,linear_decay_v1.2
2026-02-07,Google Ads,GOOGLE_ADS_CMP_02,130,9750.0,0.84,linear_decay_v1.2
2026-02-07,TikTok Ads,TIKTOK_ADS_CMP_01,17,1275.0,0.864,linear_decay_v1.2
2026-02-07,TikTok Ads,TIKTOK_ADS_CMP_02,32,2400.0,0.876,linear_decay_v1.2
2026-02-07,Netflix Ads,NETFLIX_ADS_CMP_01,1,75.0,0.837,linear_decay_v1.2
2026-02-07,Netflix Ads,NETFLIX_ADS_CMP_02,4,300.0,0.843,linear_decay_v1.2
2026-02-08,Meta Ads,META_ADS_CMP_01,29,2175.0,0.864,linear_decay_v1.2
2026-02-08,Meta Ads,META_ADS_CMP_02,57,4275.0,0.806,linear_decay_v1.2
2026-02-08,Google Ads,GOOGLE_ADS_CMP_01,116,8700.0,0.806,linear_decay_v1.2
2026-02-08,Google Ads,GOOGLE_ADS_CMP_02,106,7950.0,0.806,linear_decay_v1.2
2026-02-08,TikTok Ads,TIKTOK_ADS_CMP_01,18,1350.0,0.853,linear_decay_v1.2
2026-02-08,TikTok Ads,TIKTOK_ADS_CMP_02,13,975.0,0.841,linear_decay_v1.2
2026-02-08,Netflix Ads,NETFLIX_ADS_CMP_01,8,600.0,0.842,linear_decay_v1.2
2026-02-08,Netflix Ads,NETFLIX_ADS_CMP_02,4,300.0,0.822,linear_decay_v1.2
2026-02-09,Meta Ads,META_ADS_CMP_01,31,2325.0,0.845,linear_decay_v1.2
2026-02-09,Meta Ads,META_ADS_CMP_02,50,3750.0,0.832,linear_decay_v1.2
2026-02-09,Google Ads,GOOGLE_ADS_CMP_01,93,6975.0,0.846,linear_decay_v1.2
2026-02-09,Google Ads,GOOGLE_ADS_CMP_02,136,10200.0,0.844,linear_decay_v1.2
2026-02-09,TikTok Ads,TIKTOK_ADS_CMP_01,21,1575.0,0.866,linear_decay_v1.2
2026-02-09,TikTok Ads,TIKTOK_ADS_CMP_02,44,3300.0,0.852,linear_decay_v1.2
2026-02-09,Netflix Ads,NETFLIX_ADS_CMP_01,5,375.0,0.804,linear_decay_v1.2
2026-02-09,Netflix Ads,NETFLIX_ADS_CMP_02,2,150.0,0.801,linear_decay_v1.2
2026-02-10,Meta Ads,META_ADS_CMP_01,69,5175.0,0.835,linear_decay_v1.2
2026-02-10,Meta Ads,META_ADS_CMP_02,52,3900.0,0.81,linear_decay_v1.2
2026-02-10,Google Ads,GOOGLE_ADS_CMP_01,112,8400.0,0.808,linear_decay_v1.2
2026-02-10,Google Ads,GOOGLE_ADS_CMP_02,136,10200.0,0.838,linear_decay_v1.2
2026-02-10,TikTok Ads,TIKTOK_ADS_CMP_01,13,975.0,0.864,linear_decay_v1.2
2026-02-10,TikTok Ads,TIKTOK_ADS_CMP_02,24,1800.0,0.86,linear_decay_v1.2
2026-02-10,Netflix Ads,NETFLIX_ADS_CMP_01,6,450.0,0.813,linear_decay_v1.2
2026-02-10,Netflix Ads,NETFLIX_ADS_CMP_02,1,75.0,0.861,linear_decay_v1.2
2026-02-11,Meta Ads,META_ADS_CMP_01,59,4425.0,0.889,linear_decay_v1.2
2026-02-11,Meta Ads,META_ADS_CMP_02,59,4425.0,0.885,linear_decay_v1.2
2026-02-11,Google Ads,GOOGLE_ADS_CMP_01,135,10125.0,0.884,linear_decay_v1.2
2026-02-11,Google Ads,GOOGLE_ADS_CMP_02,144,10800.0,0.855,linear_decay_v1.2
2026-02-11,TikTok Ads,TIKTOK_ADS_CMP_01,28,2100.0,0.882,linear_decay_v1.2
2026-02-11,TikTok Ads,TIKTOK_ADS_CMP_02,21,1575.0,0.854,linear_decay_v1.2
2026-02-11,Netflix Ads,NETFLIX_ADS_CMP_01,2,150.0,0.869,linear_decay_v1.2
2026-02-11,Netflix Ads,NETFLIX_ADS_CMP_02,8,600.0,0.846,linear_decay_v1.2
2026-02-12,Meta Ads,META_ADS_CMP_01,33,2475.0,0.81,linear_decay_v1.2
2026-02-12,Meta Ads,META_ADS_CMP_02,51,3825.0,0.873,linear_decay_v1.2
2026-02-12,Google Ads,GOOGLE_ADS_CMP_01,98,7350.0,0.855,linear_decay_v1.2
2026-02-12,Google Ads,GOOGLE_ADS_CMP_02,74,5550.0,0.837,linear_decay_v1.2
2026-02-12,TikTok Ads,TIKTOK_ADS_CMP_01,13,975.0,0.9,linear_decay_v1.2
2026-02-12,TikTok Ads,TIKTOK_ADS_CMP_02,24,1800.0,0.859,linear_decay_v1.2
2026-02-12,Netflix Ads,NETFLIX_ADS_CMP_01,4,300.0,0.862,linear_decay_v1.2
2026-02-12,Netflix Ads,NETFLIX_ADS_CMP_02,6,450.0,0.806,linear_decay_v1.2
2026-02-13,Meta Ads,META_ADS_CMP_01,90,6750.0,0.868,linear_decay_v1.2
2026-02-13,Meta Ads,META_ADS_CMP_02,57,4275.0,0.808,linear_decay_v1.2
2026-02-13,Google Ads,GOOGLE_ADS_CMP_01,79,5925.0,0.879,linear_decay_v1.2
2026-02-13,Google Ads,GOOGLE_ADS_CMP_02,94,7050.0,0.843,linear_decay_v1.2
2026-02-13,TikTok Ads,TIKTOK_ADS_CMP_01,11,825.0,0.9,linear_decay_v1.2
2026-02-13,TikTok Ads,TIKTOK_ADS_CMP_02,33,2475.0,0.879,linear_decay_v1.2
2026-02-13,Netflix Ads,NETFLIX_ADS_CMP_01,4,300.0,0.857,linear_decay_v1.2
2026-02-13,Netflix Ads,NETFLIX_ADS_CMP_02,3,225.0,0.803,linear_decay_v1.2
2026-02-14,Meta Ads,META_ADS_CMP_01,37,2775.0,0.83,linear_decay_v1.2
2026-02-14,Meta Ads,META_ADS_CMP_02,49,3675.0,0.884,linear_decay_v1.2
2026-02-14,Google Ads,GOOGLE_ADS_CMP_01,93,6975.0,0.813,linear_decay_v1.2
2026-02-14,Google Ads,GOOGLE_ADS_CMP_02,95,7125.0,0.873,linear_decay_v1.2
2026-02-14,TikTok Ads,TIKTOK_ADS_CMP_01,18,1350.0,0.875,linear_decay_v1.2
2026-02-14,TikTok Ads,TIKTOK_ADS_CMP_02,20,1500.0,0.825,linear_decay_v1.2
2026-02-14,Netflix Ads,NETFLIX_ADS_CMP_01,3,225.0,0.845,linear_decay_v1.2
2026-02-14,Netflix Ads,NETFLIX_ADS_CMP_02,4,300.0,0.806,linear_decay_v1.2
2026-02-15,Meta Ads,META_ADS_CMP_01,51,3825.0,0.835,linear_decay_v1.2
2026-02-15,Meta Ads,META_ADS_CMP_02,68,5100.0,0.805,linear_decay_v1.2
2026-02-15,Google Ads,GOOGLE_ADS_CMP_01,97,7275.0,0.826,linear_decay_v1.2
2026-02-15,Google Ads,GOOGLE_ADS_CMP_02,105,7875.0,0.897,linear_decay_v1.2
2026-02-15,TikTok Ads,TIKTOK_ADS_CMP_01,16,1200.0,0.823,linear_decay_v1.2
2026-02-15,TikTok Ads,TIKTOK_ADS_CMP_02,22,1650.0,0.811,linear_decay_v1.2
2026-02-15,Netflix Ads,NETFLIX_ADS_CMP_01,5,375.0,0.854,linear_decay_v1.2
2026-02-15,Netflix Ads,NETFLIX_ADS_CMP_02,0,0.0,0.895,linear_decay_v1.2
2026-02-16,Meta Ads,META_ADS_CMP_01,80,6000.0,0.865,linear_decay_v1.2
2026-02-16,Meta Ads,META_ADS_CMP_02,47,3525.0,0.846,linear_decay_v1.2
2026-02-16,Google Ads,GOOGLE_ADS_CMP_01,72,5400.0,0.816,linear_decay_v1.2
2026-02-16,Google Ads,GOOGLE_ADS_CMP_02,117,8775.0,0.888,linear_decay_v1.2
2026-02-16,TikTok Ads,TIKTOK_ADS_CMP_01,29,2175.0,0.898,linear_decay_v1.2
2026-02-16,TikTok Ads,TIKTOK_ADS_CMP_02,29,2175.0,0.85,linear_decay_v1.2
2026-02-16,Netflix Ads,NETFLIX_ADS_CMP_01,5,375.0,0.878,linear_decay_v1.2
2026-02-16,Netflix Ads,NETFLIX_ADS_CMP_02,4,300.0,0.879,linear_decay_v1.2
2026-02-17,Meta Ads,META_ADS_CMP_01,70,5250.0,0.892,linear_decay_v1.2
2026-02-17,Meta Ads,META_ADS_CMP_02,47,3525.0,0.832,linear_decay_v1.2
2026-02-17,Google Ads,GOOGLE_ADS_CMP_01,136,10200.0,0.814,linear_decay_v1.2
2026-02-17,Google Ads,GOOGLE_ADS_CMP_02,84,6300.0,0.862,linear_decay_v1.2
2026-02-17,TikTok Ads,TIKTOK_ADS_CMP_01,16,1200.0,0.897,linear_decay_v1.2
2026-02-17,TikTok Ads,TIKTOK_ADS_CMP_02,17,1275.0,0.843,linear_decay_v1.2
2026-02-17,Netflix Ads,NETFLIX_ADS_CMP_01,3,225.0,0.872,linear_decay_v1.2
2026-02-17,Netflix Ads,NETFLIX_ADS_CMP_02,5,375.0,0.886,linear_decay_v1.2
2026-02-18,Meta Ads,META_ADS_CMP_01,80,6000.0,0.847,linear_decay_v1.2
2026-02-18,Meta Ads,META_ADS_CMP_02,41,3075.0,0.883,linear_decay_v1.2
2026-02-18,Google Ads,GOOGLE_ADS_CMP_01,86,6450.0,0.81,linear_decay_v1.2
2026-02-18,Google Ads,GOOGLE_ADS_CMP_02,77,5775.0,0.875,linear_decay_v1.2
2026-02-18,TikTok Ads,TIKTOK_ADS_CMP_01,22,1650.0,0.847,linear_decay_v1.2
2026-02-18,TikTok Ads,TIKTOK_ADS_CMP_02,25,1875.0,0.833,linear_decay_v1.2
2026-02-18,Netflix Ads,NETFLIX_ADS_CMP_01,5,375.0,0.828,linear_decay_v1.2
2026-02-18,Netflix Ads,NETFLIX_ADS_CMP_02,7,525.0,0.821,linear_decay_v1.2
2026-02-19,Meta Ads,META_ADS_CMP_01,35,2625.0,0.887,linear_decay_v1.2
2026-02-19,Meta Ads,META_ADS_CMP_02,78,5850.0,0.891,linear_decay_v1.2
2026-02-19,Google Ads,GOOGLE_ADS_CMP_01,111,8325.0,0.846,linear_decay_v1.2
2026-02-19,Google Ads,GOOGLE_ADS_CMP_02,120,9000.0,0.811,linear_decay_v1.2
2026-02-19,TikTok Ads,TIKTOK_ADS_CMP_01,20,1500.0,0.829,linear_decay_v1.2
2026-02-19,TikTok Ads,TIKTOK_ADS_CMP_02,35,2625.0,0.896,linear_decay_v1.2
2026-02-19,Netflix Ads,NETFLIX_ADS_CMP_01,5,375.0,0.887,linear_decay_v1.2
2026-02-19,Netflix Ads,NETFLIX_ADS_CMP_02,6,450.0,0.824,linear_decay_v1.2
2026-02-20,Meta Ads,META_ADS_CMP_01,26,1950.0,0.83,linear_decay_v1.2
2026-02-20,Meta Ads,META_ADS_CMP_02,65,4875.0,0.819,linear_decay_v1.2
2026-02-20,Google Ads,GOOGLE_ADS_CMP_01,72,5400.0,0.858,linear_decay_v1.2
2026-02-20,Google Ads,GOOGLE_ADS_CMP_02,163,12225.0,0.883,linear_decay_v1.2
2026-02-20,TikTok Ads,TIKTOK_ADS_CMP_01,28,2100.0,0.888,linear_decay_v1.2
2026-02-20,TikTok Ads,TIKTOK_ADS_CMP_02,11,825.0,0.843,linear_decay_v1.2
2026-02-20,Netflix Ads,NETFLIX_ADS_CMP_01,7,525.0,0.861,linear_decay_v1.2
2026-02-20,Netflix Ads,NETFLIX_ADS_CMP_02,8,600.0,0.851,linear_decay_v1.2
2026-02-21,Meta Ads,META_ADS_CMP_01,24,1800.0,0.895,linear_decay_v1.2
2026-02-21,Meta Ads,META_ADS_CMP_02,67,5025.0,0.807,linear_decay_v1.2
2026-02-21,Google Ads,GOOGLE_ADS_CMP_01,57,4275.0,0.814,linear_decay_v1.2
2026-02-21,Google Ads,GOOGLE_ADS_CMP_02,79,5925.0,0.828,linear_decay_v1.2
2026-02-21,TikTok Ads,TIKTOK_ADS_CMP_01,14,1050.0,0.822,linear_decay_v1.2
2026-02-21,TikTok Ads,TIKTOK_ADS_CMP_02,10,750.0,0.857,linear_decay_v1.2
2026-02-21,Netflix Ads,NETFLIX_ADS_CMP_01,4,300.0,0.809,linear_decay_v1.2
2026-02-21,Netflix Ads,NETFLIX_ADS_CMP_02,4,300.0,0.887,linear_decay_v1.2
2026-02-22,Meta Ads,META_ADS_CMP_01,42,3150.0,0.842,linear_decay_v1.2
2026-02-22,Meta Ads,META_ADS_CMP_02,54,4050.0,0.831,linear_decay_v1.2
2026-02-22,Google Ads,GOOGLE_ADS_CMP_01,118,8850.0,0.811,linear_decay_v1.2
2026-02-22,Google Ads,GOOGLE_ADS_CMP_02,71,5325.0,0.842,linear_decay_v1.2
2026-02-22,TikTok Ads,TIKTOK_ADS_CMP_01,26,1950.0,0.868,linear_decay_v1.2
2026-02-22,TikTok Ads,TIKTOK_ADS_CMP_02,19,1425.0,0.891,linear_decay_v1.2
2026-02-22,Netflix Ads,NETFLIX_ADS_CMP_01,6,450.0,0.89,linear_decay_v1.2
2026-02-22,Netflix Ads,NETFLIX_ADS_CMP_02,2,150.0,0.842,linear_decay_v1.2
2026-02-23,Meta Ads,META_ADS_CMP_01,52,3900.0,0.812,linear_decay_v1.2
2026-02-23,Meta Ads,META_ADS_CMP_02,57,4275.0,0.885,linear_decay_v1.2
2026-02-23,Google Ads,GOOGLE_ADS_CMP_01,120,9000.0,0.831,linear_decay_v1.2
2026-02-23,Google Ads,GOOGLE_ADS_CMP_02,145,10875.0,0.886,linear_decay_v1.2
2026-02-23,TikTok Ads,TIKTOK_ADS_CMP_01,13,975.0,0.837,linear_decay_v1.2
2026-02-23,TikTok Ads,TIKTOK_ADS_CMP_02,32,2400.0,0.817,linear_decay_v1.2
2026-02-23,Netflix Ads,NETFLIX_ADS_CMP_01,3,225.0,0.865,linear_decay_v1.2
2026-02-23,Netflix Ads,NETFLIX_ADS_CMP_02,4,300.0,0.831,linear_decay_v1.2
2026-02-24,Meta Ads,META_ADS_CMP_01,56,4200.0,0.899,linear_decay_v1.2
2026-02-24,Meta Ads,META_ADS_CMP_02,45,3375.0,0.803,linear_decay_v1.2
2026-02-24,Google Ads,GOOGLE_ADS_CMP_01,101,7575.0,0.803,linear_decay_v1.2
2026-02-24,Google Ads,GOOGLE_ADS_CMP_02,119,8925.0,0.89,linear_decay_v1.2
2026-02-24,TikTok Ads,TIKTOK_ADS_CMP_01,15,1125.0,0.86,linear_decay_v1.2
2026-02-24,TikTok Ads,TIKTOK_ADS_CMP_02,27,2025.0,0.834,linear_decay_v1.2
2026-02-24,Netflix Ads,NETFLIX_ADS_CMP_01,4,300.0,0.876,linear_decay_v1.2
2026-02-24,Netflix Ads,NETFLIX_ADS_CMP_02,2,150.0,0.819,linear_decay_v1.2
2026-02-25,Meta Ads,META_ADS_CMP_01,27,2025.0,0.856,linear_decay_v1.2
2026-02-25,Meta Ads,META_ADS_CMP_02,42,3150.0,0.863,linear_decay_v1.2
2026-02-25,Google Ads,GOOGLE_ADS_CMP_01,122,9150.0,0.862,linear_decay_v1.2
2026-02-25,Google Ads,GOOGLE_ADS_CMP_02,81,6075.0,0.854,linear_decay_v1.2
2026-02-25,TikTok Ads,TIKTOK_ADS_CMP_01,24,1800.0,0.813,linear_decay_v1.2
2026-02-25,TikTok Ads,TIKTOK_ADS_CMP_02,24,1800.0,0.888,linear_decay_v1.2
2026-02-25,Netflix Ads,NETFLIX_ADS_CMP_01,3,225.0,0.848,linear_decay_v1.2
2026-02-25,Netflix Ads,NETFLIX_ADS_CMP_02,4,300.0,0.82,linear_decay_v1.2
2026-02-26,Meta Ads,META_ADS_CMP_01,37,2775.0,0.858,linear_decay_v1.2
2026-02-26,Meta Ads,META_ADS_CMP_02,69,5175.0,0.876,linear_decay_v1.2
2026-02-26,Google Ads,GOOGLE_ADS_CMP_01,116,8700.0,0.806,linear_decay_v1.2
2026-02-26,Google Ads,GOOGLE_ADS_CMP_02,94,7050.0,0.893,linear_decay_v1.2
2026-02-26,TikTok Ads,TIKTOK_ADS_CMP_01,17,1275.0,0.869,linear_decay_v1.2
2026-02-26,TikTok Ads,TIKTOK_ADS_CMP_02,7,525.0,0.828,linear_decay_v1.2
2026-02-26,Netflix Ads,NETFLIX_ADS_CMP_01,4,300.0,0.874,linear_decay_v1.2
2026-02-26,Netflix Ads,NETFLIX_ADS_CMP_02,5,375.0,0.877,linear_decay_v1.2
2026-02-27,Meta Ads,META_ADS_CMP_01,63,4725.0,0.809,linear_decay_v1.2
2026-02-27,Meta Ads,META_ADS_CMP_02,41,3075.0,0.807,linear_decay_v1.2
2026-02-27,Google Ads,GOOGLE_ADS_CMP_01,93,6975.0,0.807,linear_decay_v1.2
2026-02-27,Google Ads,GOOGLE_ADS_CMP_02,117,8775.0,0.85,linear_decay_v1.2
2026-02-27,TikTok Ads,TIKTOK_ADS_CMP_01,24,1800.0,0.84,linear_decay_v1.2
2026-02-27,TikTok Ads,TIKTOK_ADS_CMP_02,13,975.0,0.893,linear_decay_v1.2
2026-02-27,Netflix Ads,NETFLIX_ADS_CMP_01,5,375.0,0.823,linear_decay_v1.2
2026-02-27,Netflix Ads,NETFLIX_ADS_CMP_02,5,375.0,0.865,linear_decay_v1.2
2026-02-28,Meta Ads,META_ADS_CMP_01,46,3450.0,0.859,linear_decay_v1.2
2026-02-28,Meta Ads,META_ADS_CMP_02,52,3900.0,0.871,linear_decay_v1.2
2026-02-28,Google Ads,GOOGLE_ADS_CMP_01,148,11100.0,0.814,linear_decay_v1.2
2026-02-28,Google Ads,GOOGLE_ADS_CMP_02,92,6900.0,0.813,linear_decay_v1.2
2026-02-28,TikTok Ads,TIKTOK_ADS_CMP_01,20,1500.0,0.871,linear_decay_v1.2
2026-02-28,TikTok Ads,TIKTOK_ADS_CMP_02,11,825.0,0.81,linear_decay_v1.2
2026-02-28,Netflix Ads,NETFLIX_ADS_CMP_01,4,300.0,0.879,linear_decay_v1.2
2026-02-28,Netflix Ads,NETFLIX_ADS_CMP_02,6,450.0,0.896,linear_decay_v1.2
2026-03-01,Meta Ads,META_ADS_CMP_01,52,3900.0,0.863,linear_decay_v1.2
2026-03-01,Meta Ads,META_ADS_CMP_02,83,6225.0,0.876,linear_decay_v1.2
2026-03-01,Google Ads,GOOGLE_ADS_CMP_01,143,10725.0,0.878,linear_decay_v1.2
2026-03-01,Google Ads,GOOGLE_ADS_CMP_02,112,8400.0,0.85,linear_decay_v1.2
2026-03-01,TikTok Ads,TIKTOK_ADS_CMP_01,13,975.0,0.837,linear_decay_v1.2
2026-03-01,TikTok Ads,TIKTOK_ADS_CMP_02,18,1350.0,0.885,linear_decay_v1.2
2026-03-01,Netflix Ads,NETFLIX_ADS_CMP_01,5,375.0,0.822,linear_decay_v1.2
2026-03-01,Netflix Ads,NETFLIX_ADS_CMP_02,4,300.0,0.865,linear_decay_v1.2
2026-03-02,Meta Ads,META_ADS_CMP_01,53,3975.0,0.871,linear_decay_v1.2
2026-03-02,Meta Ads,META_ADS_CMP_02,41,3075.0,0.806,linear_decay_v1.2
2026-03-02,Google Ads,GOOGLE_ADS_CMP_01,67,5025.0,0.801,linear_decay_v1.2
2026-03-02,Google Ads,GOOGLE_ADS_CMP_02,83,6225.0,0.84,linear_decay_v1.2
2026-03-02,TikTok Ads,TIKTOK_ADS_CMP_01,22,1650.0,0.896,linear_decay_v1.2
2026-03-02,TikTok Ads,TIKTOK_ADS_CMP_02,21,1575.0,0.877,linear_decay_v1.2
2026-03-02,Netflix Ads,NETFLIX_ADS_CMP_01,4,300.0,0.802,linear_decay_v1.2
2026-03-02,Netflix Ads,NETFLIX_ADS_CMP_02,6,450.0,0.837,linear_decay_v1.2
2026-03-03,Meta Ads,META_ADS_CMP_01,34,2550.0,0.885,linear_decay_v1.2
2026-03-03,Meta Ads,META_ADS_CMP_02,40,3000.0,0.846,linear_decay_v1.2
2026-03-03,Google Ads,GOOGLE_ADS_CMP_01,89,6675.0,0.825,linear_decay_v1.2
2026-03-03,Google Ads,GOOGLE_ADS_CMP_02,127,9525.0,0.896,linear_decay_v1.2
2026-03-03,TikTok Ads,TIKTOK_ADS_CMP_01,28,2100.0,0.837,linear_decay_v1.2
2026-03-03,TikTok Ads,TIKTOK_ADS_CMP_02,14,1050.0,0.878,linear_decay_v1.2
2026-03-03,Netflix Ads,NETFLIX_ADS_CMP_01,4,300.0,0.839,linear_decay_v1.2
2026-03-03,Netflix Ads,NETFLIX_ADS_CMP_02,2,150.0,0.829,linear_decay_v1.2
2026-03-04,Meta Ads,META_ADS_CMP_01,54,4050.0,0.815,linear_decay_v1.2
2026-03-04,Meta Ads,META_ADS_CMP_02,44,3300.0,0.896,linear_decay_v1.2
2026-03-04,Google Ads,GOOGLE_ADS_CMP_01,83,6225.0,0.808,linear_decay_v1.2
2026-03-04,Google Ads,GOOGLE_ADS_CMP_02,104,7800.0,0.843,linear_decay_v1.2
2026-03-04,TikTok Ads,TIKTOK_ADS_CMP_01,8,600.0,0.805,linear_decay_v1.2
2026-03-04,TikTok Ads,TIKTOK_ADS_CMP_02,28,2100.0,0.82,linear_decay_v1.2
2026-03-04,Netflix Ads,NETFLIX_ADS_CMP_01,6,450.0,0.844,linear_decay_v1.2
2026-03-04,Netflix Ads,NETFLIX_ADS_CMP_02,4,300.0,0.819,linear_decay_v1.2
2026-03-05,Meta Ads,META_ADS_CMP_01,71,5325.0,0.876,linear_decay_v1.2
2026-03-05,Meta Ads,META_ADS_CMP_02,48,3600.0,0.864,linear_decay_v1.2
2026-03-05,Google Ads,GOOGLE_ADS_CMP_01,105,7875.0,0.85,linear_decay_v1.2
2026-03-05,Google Ads,GOOGLE_ADS_CMP_02,71,5325.0,0.885,linear_decay_v1.2
2026-03-05,TikTok Ads,TIKTOK_ADS_CMP_01,17,1275.0,0.848,linear_decay_v1.2
2026-03-05,TikTok Ads,TIKTOK_ADS_CMP_02,18,1350.0,0.892,linear_decay_v1.2
2026-03-05,Netflix Ads,NETFLIX_ADS_CMP_01,2,150.0,0.892,linear_decay_v1.2
2026-03-05,Netflix Ads,NETFLIX_ADS_CMP_02,4,300.0,0.825,linear_decay_v1.2
2026-03-06,Meta Ads,META_ADS_CMP_01,48,3600.0,0.819,linear_decay_v1.2
2026-03-06,Meta Ads,META_ADS_CMP_02,51,3825.0,0.804,linear_decay_v1.2
2026-03-06,Google Ads,GOOGLE_ADS_CMP_01,76,5700.0,0.895,linear_decay_v1.2
2026-03-06,Google Ads,GOOGLE_ADS_CMP_02,108,8100.0,0.876,linear_decay_v1.2
2026-03-06,TikTok Ads,TIKTOK_ADS_CMP_01,20,1500.0,0.889,linear_decay_v1.2
2026-03-06,TikTok Ads,TIKTOK_ADS_CMP_02,24,1800.0,0.82,linear_decay_v1.2
2026-03-06,Netflix Ads,NETFLIX_ADS_CMP_01,3,225.0,0.821,linear_decay_v1.2
2026-03-06,Netflix Ads,NETFLIX_ADS_CMP_02,1,75.0,0.884,linear_decay_v1.2
2026-03-07,Meta Ads,META_ADS_CMP_01,58,4350.0,0.815,linear_decay_v1.2
2026-03-07,Meta Ads,META_ADS_CMP_02,48,3600.0,0.804,linear_decay_v1.2
2026-03-07,Google Ads,GOOGLE_ADS_CMP_01,58,4350.0,0.897,linear_decay_v1.2
2026-03-07,Google Ads,GOOGLE_ADS_CMP_02,63,4725.0,0.8,linear_decay_v1.2
2026-03-07,TikTok Ads,TIKTOK_ADS_CMP_01,37,2775.0,0.842,linear_decay_v1.2
2026-03-07,TikTok Ads,TIKTOK_ADS_CMP_02,16,1200.0,0.818,linear_decay_v1.2
2026-03-07,Netflix Ads,NETFLIX_ADS_CMP_01,2,150.0,0.808,linear_decay_v1.2
2026-03-07,Netflix Ads,NETFLIX_ADS_CMP_02,4,300.0,0.858,linear_decay_v1.2
2026-03-08,Meta Ads,META_ADS_CMP_01,61,4575.0,0.876,linear_decay_v1.2
2026-03-08,Meta Ads,META_ADS_CMP_02,78,5850.0,0.893,linear_decay_v1.2
2026-03-08,Google Ads,GOOGLE_ADS_CMP_01,166,12450.0,0.892,linear_decay_v1.2
2026-03-08,Google Ads,GOOGLE_ADS_CMP_02,135,10125.0,0.881,linear_decay_v1.2
2026-03-08,TikTok Ads,TIKTOK_ADS_CMP_01,8,600.0,0.886,linear_decay_v1.2
2026-03-08,TikTok Ads,TIKTOK_ADS_CMP_02,38,2850.0,0.85,linear_decay_v1.2
2026-03-08,Netflix Ads,NETFLIX_ADS_CMP_01,4,300.0,0.838,linear_decay_v1.2
2026-03-08,Netflix Ads,NETFLIX_ADS_CMP_02,2,150.0,0.882,linear_decay_v1.2
2026-03-09,Meta Ads,META_ADS_CMP_01,65,4875.0,0.818,linear_decay_v1.2
2026-03-09,Meta Ads,META_ADS_CMP_02,52,3900.0,0.887,linear_decay_v1.2
2026-03-09,Google Ads,GOOGLE_ADS_CMP_01,69,5175.0,0.867,linear_decay_v1.2
2026-03-09,Google Ads,GOOGLE_ADS_CMP_02,117,8775.0,0.883,linear_decay_v1.2
2026-03-09,TikTok Ads,TIKTOK_ADS_CMP_01,22,1650.0,0.831,linear_decay_v1.2
2026-03-09,TikTok Ads,TIKTOK_ADS_CMP_02,17,1275.0,0.84,linear_decay_v1.2
2026-03-09,Netflix Ads,NETFLIX_ADS_CMP_01,3,225.0,0.869,linear_decay_v1.2
2026-03-09,Netflix Ads,NETFLIX_ADS_CMP_02,3,225.0,0.864,linear_decay_v1.2
2026-03-10,Meta Ads,META_ADS_CMP_01,53,3975.0,0.875,linear_decay_v1.2
2026-03-10,Meta Ads,META_ADS_CMP_02,30,2250.0,0.898,linear_decay_v1.2
2026-03-10,Google Ads,GOOGLE_ADS_CMP_01,67,5025.0,0.811,linear_decay_v1.2
2026-03-10,Google Ads,GOOGLE_ADS_CMP_02,117,8775.0,0.835,linear_decay_v1.2
2026-03-10,TikTok Ads,TIKTOK_ADS_CMP_01,12,900.0,0.827,linear_decay_v1.2
2026-03-10,TikTok Ads,TIKTOK_ADS_CMP_02,17,1275.0,0.808,linear_decay_v1.2
2026-03-10,Netflix Ads,NETFLIX_ADS_CMP_01,3,225.0,0.86,linear_decay_v1.2
2026-03-10,Netflix Ads,NETFLIX_ADS_CMP_02,4,300.0,0.897,linear_decay_v1.2
2026-03-11,Meta Ads,META_ADS_CMP_01,59,4425.0,0.831,linear_decay_v1.2
2026-03-11,Meta Ads,META_ADS_CMP_02,52,3900.0,0.811,linear_decay_v1.2
2026-03-11,Google Ads,GOOGLE_ADS_CMP_01,85,6375.0,0.87,linear_decay_v1.2
2026-03-11,Google Ads,GOOGLE_ADS_CMP_02,113,8475.0,0.825,linear_decay_v1.2
2026-03-11,TikTok Ads,TIKTOK_ADS_CMP_01,21,1575.0,0.819,linear_decay_v1.2
2026-03-11,TikTok Ads,TIKTOK_ADS_CMP_02,22,1650.0,0.875,linear_decay_v1.2
2026-03-11,Netflix Ads,NETFLIX_ADS_CMP_01,3,225.0,0.872,linear_decay_v1.2
2026-03-11,Netflix Ads,NETFLIX_ADS_CMP_02,6,450.0,0.824,linear_decay_v1.2
2026-03-12,Meta Ads,META_ADS_CMP_01,63,4725.0,0.825,linear_decay_v1.2
2026-03-12,Meta Ads,META_ADS_CMP_02,31,2325.0,0.846,linear_decay_v1.2
2026-03-12,Google Ads,GOOGLE_ADS_CMP_01,159,11925.0,0.895,linear_decay_v1.2
2026-03-12,Google Ads,GOOGLE_ADS_CMP_02,150,11250.0,0.854,linear_decay_v1.2
2026-03-12,TikTok Ads,TIKTOK_ADS_CMP_01,25,1875.0,0.852,linear_decay_v1.2
2026-03-12,TikTok Ads,TIKTOK_ADS_CMP_02,15,1125.0,0.854,linear_decay_v1.2
2026-03-12,Netflix Ads,NETFLIX_ADS_CMP_01,4,300.0,0.879,linear_decay_v1.2
2026-03-12,Netflix Ads,NETFLIX_ADS_CMP_02,3,225.0,0.843,linear_decay_v1.2
2026-03-13,Meta Ads,META_ADS_CMP_01,55,4125.0,0.882,linear_decay_v1.2
2026-03-13,Meta Ads,META_ADS_CMP_02,41,3075.0,0.85,linear_decay_v1.2
2026-03-13,Google Ads,GOOGLE_ADS_CMP_01,80,6000.0,0.876,linear_decay_v1.2
2026-03-13,Google Ads,GOOGLE_ADS_CMP_02,92,6900.0,0.816,linear_decay_v1.2
2026-03-13,TikTok Ads,TIKTOK_ADS_CMP_01,12,900.0,0.881,linear_decay_v1.2
2026-03-13,TikTok Ads,TIKTOK_ADS_CMP_02,18,1350.0,0.825,linear_decay_v1.2
2026-03-13,Netflix Ads,NETFLIX_ADS_CMP_01,2,150.0,0.883,linear_decay_v1.2
2026-03-13,Netflix Ads,NETFLIX_ADS_CMP_02,5,375.0,0.833,linear_decay_v1.2
2026-03-14,Meta Ads,META_ADS_CMP_01,50,3750.0,0.81,linear_decay_v1.2
2026-03-14,Meta Ads,META_ADS_CMP_02,75,5625.0,0.886,linear_decay_v1.2
2026-03-14,Google Ads,GOOGLE_ADS_CMP_01,125,9375.0,0.844,linear_decay_v1.2
2026-03-14,Google Ads,GOOGLE_ADS_CMP_02,105,7875.0,0.869,linear_decay_v1.2
2026-03-14,TikTok Ads,TIKTOK_ADS_CMP_01,22,1650.0,0.808,linear_decay_v1.2
2026-03-14,TikTok Ads,TIKTOK_ADS_CMP_02,7,525.0,0.822,linear_decay_v1.2
2026-03-14,Netflix Ads,NETFLIX_ADS_CMP_01,3,225.0,0.839,linear_decay_v1.2
2026-03-14,Netflix Ads,NETFLIX_ADS_CMP_02,8,600.0,0.843,linear_decay_v1.2
2026-03-15,Meta Ads,META_ADS_CMP_01,70,5250.0,0.85,linear_decay_v1.2
2026-03-15,Meta Ads,META_ADS_CMP_02,56,4200.0,0.812,linear_decay_v1.2
2026-03-15,Google Ads,GOOGLE_ADS_CMP_01,99,7425.0,0.869,linear_decay_v1.2
2026-03-15,Google Ads,GOOGLE_ADS_CMP_02,86,6450.0,0.851,linear_decay_v1.2
2026-03-15,TikTok Ads,TIKTOK_ADS_CMP_01,16,1200.0,0.863,linear_decay_v1.2
2026-03-15,TikTok Ads,TIKTOK_ADS_CMP_02,38,2850.0,0.882,linear_decay_v1.2
2026-03-15,Netflix Ads,NETFLIX_ADS_CMP_01,2,150.0,0.845,linear_decay_v1.2
2026-03-15,Netflix Ads,NETFLIX_ADS_CMP_02,4,300.0,0.88,linear_decay_v1.2
2026-03-16,Meta Ads,META_ADS_CMP_01,75,5625.0,0.897,linear_decay_v1.2
2026-03-16,Meta Ads,META_ADS_CMP_02,37,2775.0,0.88,linear_decay_v1.2
2026-03-16,Google Ads,GOOGLE_ADS_CMP_01,83,6225.0,0.837,linear_decay_v1.2
2026-03-16,Google Ads,GOOGLE_ADS_CMP_02,54,4050.0,0.866,linear_decay_v1.2
2026-03-16,TikTok Ads,TIKTOK_ADS_CMP_01,34,2550.0,0.88,linear_decay_v1.2
2026-03-16,TikTok Ads,TIKTOK_ADS_CMP_02,22,1650.0,0.858,linear_decay_v1.2
2026-03-16,Netflix Ads,NETFLIX_ADS_CMP_01,7,525.0,0.814,linear_decay_v1.2
2026-03-16,Netflix Ads,NETFLIX_ADS_CMP_02,7,525.0,0.819,linear_decay_v1.2
2026-03-17,Meta Ads,META_ADS_CMP_01,71,5325.0,0.86,linear_decay_v1.2
2026-03-17,Meta Ads,META_ADS_CMP_02,64,4800.0,0.816,linear_decay_v1.2
2026-03-17,Google Ads,GOOGLE_ADS_CMP_01,102,7650.0,0.831,linear_decay_v1.2
2026-03-17,Google Ads,GOOGLE_ADS_CMP_02,72,5400.0,0.851,linear_decay_v1.2
2026-03-17,TikTok Ads,TIKTOK_ADS_CMP_01,14,1050.0,0.882,linear_decay_v1.2
2026-03-17,TikTok Ads,TIKTOK_ADS_CMP_02,24,1800.0,0.826,linear_decay_v1.2
2026-03-17,Netflix Ads,NETFLIX_ADS_CMP_01,5,375.0,0.819,linear_decay_v1.2
2026-03-17,Netflix Ads,NETFLIX_ADS_CMP_02,3,225.0,0.866,linear_decay_v1.2
2026-03-18,Meta Ads,META_ADS_CMP_01,70,5250.0,0.809,linear_decay_v1.2
2026-03-18,Meta Ads,META_ADS_CMP_02,31,2325.0,0.826,linear_decay_v1.2
2026-03-18,Google Ads,GOOGLE_ADS_CMP_01,72,5400.0,0.804,linear_decay_v1.2
2026-03-18,Google Ads,GOOGLE_ADS_CMP_02,122,9150.0,0.833,linear_decay_v1.2
2026-03-18,TikTok Ads,TIKTOK_ADS_CMP_01,27,2025.0,0.807,linear_decay_v1.2
2026-03-18,TikTok Ads,TIKTOK_ADS_CMP_02,21,1575.0,0.9,linear_decay_v1.2
2026-03-18,Netflix Ads,NETFLIX_ADS_CMP_01,2,150.0,0.802,linear_decay_v1.2
2026-03-18,Netflix Ads,NETFLIX_ADS_CMP_02,6,450.0,0.865,linear_decay_v1.2
2026-03-19,Meta Ads,META_ADS_CMP_01,57,4275.0,0.884,linear_decay_v1.2
2026-03-19,Meta Ads,META_ADS_CMP_02,85,6375.0,0.859,linear_decay_v1.2
2026-03-19,Google Ads,GOOGLE_ADS_CMP_01,115,8625.0,0.823,linear_decay_v1.2
2026-03-19,Google Ads,GOOGLE_ADS_CMP_02,89,6675.0,0.9,linear_decay_v1.2
2026-03-19,TikTok Ads,TIKTOK_ADS_CMP_01,40,3000.0,0.859,linear_decay_v1.2
2026-03-19,TikTok Ads,TIKTOK_ADS_CMP_02,17,1275.0,0.837,linear_decay_v1.2
2026-03-19,Netflix Ads,NETFLIX_ADS_CMP_01,3,225.0,0.87,linear_decay_v1.2
2026-03-19,Netflix Ads,NETFLIX_ADS_CMP_02,3,225.0,0.86,linear_decay_v1.2
2026-03-20,Meta Ads,META_ADS_CMP_01,54,4050.0,0.884,linear_decay_v1.2
2026-03-20,Meta Ads,META_ADS_CMP_02,59,4425.0,0.88,linear_decay_v1.2
2026-03-20,Google Ads,GOOGLE_ADS_CMP_01,169,12675.0,0.815,linear_decay_v1.2
2026-03-20,Google Ads,GOOGLE_ADS_CMP_02,113,8475.0,0.859,linear_decay_v1.2
2026-03-20,TikTok Ads,TIKTOK_ADS_CMP_01,16,1200.0,0.888,linear_decay_v1.2
2026-03-20,TikTok Ads,TIKTOK_ADS_CMP_02,26,1950.0,0.889,linear_decay_v1.2
2026-03-20,Netflix Ads,NETFLIX_ADS_CMP_01,4,300.0,0.9,linear_decay_v1.2
2026-03-20,Netflix Ads,NETFLIX_ADS_CMP_02,4,300.0,0.847,linear_decay_v1.2
2026-03-21,Meta Ads,META_ADS_CMP_01,57,4275.0,0.898,linear_decay_v1.2
2026-03-21,Meta Ads,META_ADS_CMP_02,49,3675.0,0.821,linear_decay_v1.2
2026-03-21,Google Ads,GOOGLE_ADS_CMP_01,68,5100.0,0.817,linear_decay_v1.2
2026-03-21,Google Ads,GOOGLE_ADS_CMP_02,87,6525.0,0.88,linear_decay_v1.2
2026-03-21,TikTok Ads,TIKTOK_ADS_CMP_01,11,825.0,0.826,linear_decay_v1.2
2026-03-21,TikTok Ads,TIKTOK_ADS_CMP_02,18,1350.0,0.881,linear_decay_v1.2
2026-03-21,Netflix Ads,NETFLIX_ADS_CMP_01,4,300.0,0.808,linear_decay_v1.2
2026-03-21,Netflix Ads,NETFLIX_ADS_CMP_02,2,150.0,0.814,linear_decay_v1.2
2026-03-22,Meta Ads,META_ADS_CMP_01,45,3375.0,0.827,linear_decay_v1.2
2026-03-22,Meta Ads,META_ADS_CMP_02,44,3300.0,0.882,linear_decay_v1.2
2026-03-22,Google Ads,GOOGLE_ADS_CMP_01,49,3675.0,0.857,linear_decay_v1.2
2026-03-22,Google Ads,GOOGLE_ADS_CMP_02,127,9525.0,0.854,linear_decay_v1.2
2026-03-22,TikTok Ads,TIKTOK_ADS_CMP_01,18,1350.0,0.874,linear_decay_v1.2
2026-03-22,TikTok Ads,TIKTOK_ADS_CMP_02,26,1950.0,0.886,linear_decay_v1.2
2026-03-22,Netflix Ads,NETFLIX_ADS_CMP_01,1,75.0,0.813,linear_decay_v1.2
2026-03-22,Netflix Ads,NETFLIX_ADS_CMP_02,9,675.0,0.864,linear_decay_v1.2
2026-03-23,Meta Ads,META_ADS_CMP_01,34,2550.0,0.814,linear_decay_v1.2
2026-03-23,Meta Ads,META_ADS_CMP_02,40,3000.0,0.818,linear_decay_v1.2
2026-03-23,Google Ads,GOOGLE_ADS_CMP_01,135,10125.0,0.857,linear_decay_v1.2
2026-03-23,Google Ads,GOOGLE_ADS_CMP_02,78,5850.0,0.809,linear_decay_v1.2
2026-03-23,TikTok Ads,TIKTOK_ADS_CMP_01,25,1875.0,0.867,linear_decay_v1.2
2026-03-23,TikTok Ads,TIKTOK_ADS_CMP_02,16,1200.0,0.826,linear_decay_v1.2
2026-03-23,Netflix Ads,NETFLIX_ADS_CMP_01,4,300.0,0.875,linear_decay_v1.2
2026-03-23,Netflix Ads,NETFLIX_ADS_CMP_02,1,75.0,0.849,linear_decay_v1.2
2026-03-24,Meta Ads,META_ADS_CMP_01,53,3975.0,0.847,linear_decay_v1.2
2026-03-24,Meta Ads,META_ADS_CMP_02,50,3750.0,0.843,linear_decay_v1.2
2026-03-24,Google Ads,GOOGLE_ADS_CMP_01,108,8100.0,0.803,linear_decay_v1.2
2026-03-24,Google Ads,GOOGLE_ADS_CMP_02,68,5100.0,0.891,linear_decay_v1.2
2026-03-24,TikTok Ads,TIKTOK_ADS_CMP_01,17,1275.0,0.855,linear_decay_v1.2
2026-03-24,TikTok Ads,TIKTOK_ADS_CMP_02,19,1425.0,0.845,linear_decay_v1.2
2026-03-24,Netflix Ads,NETFLIX_ADS_CMP_01,3,225.0,0.817,linear_decay_v1.2
2026-03-24,Netflix Ads,NETFLIX_ADS_CMP_02,5,375.0,0.813,linear_decay_v1.2
2026-03-25,Meta Ads,META_ADS_CMP_01,56,4200.0,0.893,linear_decay_v1.2
2026-03-25,Meta Ads,META_ADS_CMP_02,58,4350.0,0.823,linear_decay_v1.2
2026-03-25,Google Ads,GOOGLE_ADS_CMP_01,102,7650.0,0.861,linear_decay_v1.2
2026-03-25,Google Ads,GOOGLE_ADS_CMP_02,130,9750.0,0.888,linear_decay_v1.2
2026-03-25,TikTok Ads,TIKTOK_ADS_CMP_01,15,1125.0,0.801,linear_decay_v1.2
2026-03-25,TikTok Ads,TIKTOK_ADS_CMP_02,38,2850.0,0.831,linear_decay_v1.2
2026-03-25,Netflix Ads,NETFLIX_ADS_CMP_01,3,225.0,0.834,linear_decay_v1.2
2026-03-25,Netflix Ads,NETFLIX_ADS_CMP_02,6,450.0,0.809,linear_decay_v1.2
2026-03-26,Meta Ads,META_ADS_CMP_01,38,2850.0,0.845,linear_decay_v1.2
2026-03-26,Meta Ads,META_ADS_CMP_02,39,2925.0,0.875,linear_decay_v1.2
2026-03-26,Google Ads,GOOGLE_ADS_CMP_01,144,10800.0,0.876,linear_decay_v1.2
2026-03-26,Google Ads,GOOGLE_ADS_CMP_02,87,6525.0,0.888,linear_decay_v1.2
2026-03-26,TikTok Ads,TIKTOK_ADS_CMP_01,29,2175.0,0.827,linear_decay_v1.2
2026-03-26,TikTok Ads,TIKTOK_ADS_CMP_02,11,825.0,0.883,linear_decay_v1.2
2026-03-26,Netflix Ads,NETFLIX_ADS_CMP_01,5,375.0,0.849,linear_decay_v1.2
2026-03-26,Netflix Ads,NETFLIX_ADS_CMP_02,4,300.0,0.812,linear_decay_v1.2
2026-03-27,Meta Ads,META_ADS_CMP_01,59,4425.0,0.866,linear_decay_v1.2
2026-03-27,Meta Ads,META_ADS_CMP_02,85,6375.0,0.89,linear_decay_v1.2
2026-03-27,Google Ads,GOOGLE_ADS_CMP_01,107,8025.0,0.858,linear_decay_v1.2
2026-03-27,Google Ads,GOOGLE_ADS_CMP_02,123,9225.0,0.866,linear_decay_v1.2
2026-03-27,TikTok Ads,TIKTOK_ADS_CMP_01,16,1200.0,0.882,linear_decay_v1.2
2026-03-27,TikTok Ads,TIKTOK_ADS_CMP_02,12,900.0,0.805,linear_decay_v1.2
2026-03-27,Netflix Ads,NETFLIX_ADS_CMP_01,3,225.0,0.825,linear_decay_v1.2
2026-03-27,Netflix Ads,NETFLIX_ADS_CMP_02,5,375.0,0.848,linear_decay_v1.2
2026-03-28,Meta Ads,META_ADS_CMP_01,47,3525.0,0.821,linear_decay_v1.2
2026-03-28,Meta Ads,META_ADS_CMP_02,16,1200.0,0.822,linear_decay_v1.2
2026-03-28,Google Ads,GOOGLE_ADS_CMP_01,106,7950.0,0.846,linear_decay_v1.2
2026-03-28,Google Ads,GOOGLE_ADS_CMP_02,94,7050.0,0.803,linear_decay_v1.2
2026-03-28,TikTok Ads,TIKTOK_ADS_CMP_01,14,1050.0,0.897,linear_decay_v1.2
2026-03-28,TikTok Ads,TIKTOK_ADS_CMP_02,20,1500.0,0.812,linear_decay_v1.2
2026-03-28,Netflix Ads,NETFLIX_ADS_CMP_01,6,450.0,0.835,linear_decay_v1.2
2026-03-28,Netflix Ads,NETFLIX_ADS_CMP_02,5,375.0,0.861,linear_decay_v1.2
2026-03-29,Meta Ads,META_ADS_CMP_01,42,3150.0,0.841,linear_decay_v1.2
2026-03-29,Meta Ads,META_ADS_CMP_02,52,3900.0,0.818,linear_decay_v1.2
2026-03-29,Google Ads,GOOGLE_ADS_CMP_01,74,5550.0,0.856,linear_decay_v1.2
2026-03-29,Google Ads,GOOGLE_ADS_CMP_02,100,7500.0,0.822,linear_decay_v1.2
2026-03-29,TikTok Ads,TIKTOK_ADS_CMP_01,46,3450.0,0.875,linear_decay_v1.2
2026-03-29,TikTok Ads,TIKTOK_ADS_CMP_02,28,2100.0,0.882,linear_decay_v1.2
2026-03-29,Netflix Ads,NETFLIX_ADS_CMP_01,5,375.0,0.843,linear_decay_v1.2
2026-03-29,Netflix Ads,NETFLIX_ADS_CMP_02,4,300.0,0.848,linear_decay_v1.2
2026-03-30,Meta Ads,META_ADS_CMP_01,37,2775.0,0.804,linear_decay_v1.2
2026-03-30,Meta Ads,META_ADS_CMP_02,46,3450.0,0.835,linear_decay_v1.2
2026-03-30,Google Ads,GOOGLE_ADS_CMP_01,128,9600.0,0.899,linear_decay_v1.2
2026-03-30,Google Ads,GOOGLE_ADS_CMP_02,91,6825.0,0.812,linear_decay_v1.2
2026-03-30,TikTok Ads,TIKTOK_ADS_CMP_01,20,1500.0,0.831,linear_decay_v1.2
2026-03-30,TikTok Ads,TIKTOK_ADS_CMP_02,14,1050.0,0.842,linear_decay_v1.2
2026-03-30,Netflix Ads,NETFLIX_ADS_CMP_01,4,300.0,0.866,linear_decay_v1.2
2026-03-30,Netflix Ads,NETFLIX_ADS_CMP_02,3,225.0,0.883,linear_decay_v1.2
2026-03-31,Meta Ads,META_ADS_CMP_01,62,4650.0,0.893,linear_decay_v1.2
2026-03-31,Meta Ads,META_ADS_CMP_02,43,3225.0,0.858,linear_decay_v1.2
2026-03-31,Google Ads,GOOGLE_ADS_CMP_01,75,5625.0,0.859,linear_decay_v1.2
2026-03-31,Google Ads,GOOGLE_ADS_CMP_02,106,7950.0,0.871,linear_decay_v1.2
2026-03-31,TikTok Ads,TIKTOK_ADS_CMP_01,18,1350.0,0.805,linear_decay_v1.2
2026-03-31,TikTok Ads,TIKTOK_ADS_CMP_02,22,1650.0,0.823,linear_decay_v1.2
2026-03-31,Netflix Ads,NETFLIX_ADS_CMP_01,2,150.0,0.808,linear_decay_v1.2
2026-03-31,Netflix Ads,NETFLIX_ADS_CMP_02,1,75.0,0.839,linear_decay_v1.2
