date,channel,campaign_id,platform_spend,rolling_7d_spend,rolling_7d_platform_revenue,rolling_7d_holdout_revenue,rolling_7d_reported_roas,rolling_7d_iroas
2026-01-01,Google Ads,GOOGLE_ADS_CMP_01,1832.44,1832.44,9975.00,8250.00,5.44,4.50
2026-01-02,Google Ads,GOOGLE_ADS_CMP_01,1045.23,2877.67,14700.00,12000.00,5.11,4.17
2026-01-03,Google Ads,GOOGLE_ADS_CMP_01,1907.57,4785.24,24150.00,19500.00,5.05,4.08
2026-01-04,Google Ads,GOOGLE_ADS_CMP_01,1908.27,6693.51,34950.00,28125.00,5.22,4.20
2026-01-05,Google Ads,GOOGLE_ADS_CMP_01,1900.42,8593.93,46875.00,37875.00,5.45,4.41
2026-01-06,Google Ads,GOOGLE_ADS_CMP_01,1280.77,9874.70,54525.00,44250.00,5.52,4.48
2026-01-07,Google Ads,GOOGLE_ADS_CMP_01,1701.97,11576.67,65475.00,53062.50,5.66,4.58
2026-01-08,Google Ads,GOOGLE_ADS_CMP_01,1954.87,11699.10,70800.00,57000.00,6.05,4.87
2026-01-09,Google Ads,GOOGLE_ADS_CMP_01,1961.19,12615.06,78000.00,63000.00,6.18,4.99
2026-01-10,Google Ads,GOOGLE_ADS_CMP_01,1631.84,12339.33,76650.00,62062.50,6.21,5.03
2026-01-11,Google Ads,GOOGLE_ADS_CMP_01,1011.35,11442.41,71550.00,58125.00,6.25,5.08
2026-01-12,Google Ads,GOOGLE_ADS_CMP_01,1974.39,11516.38,70875.00,57187.50,6.15,4.97
2026-01-13,Google Ads,GOOGLE_ADS_CMP_01,1113.56,11349.17,72300.00,57937.50,6.37,5.10
2026-01-14,Google Ads,GOOGLE_ADS_CMP_01,1896.79,11543.99,74250.00,59625.00,6.43,5.17
2026-01-15,Google Ads,GOOGLE_ADS_CMP_01,1269.24,10858.36,66600.00,53625.00,6.13,4.94
2026-01-16,Google Ads,GOOGLE_ADS_CMP_01,1929.38,10826.55,71250.00,57375.00,6.58,5.30
2026-01-17,Google Ads,GOOGLE_ADS_CMP_01,1201.63,10396.34,70350.00,56437.50,6.77,5.43
2026-01-18,Google Ads,GOOGLE_ADS_CMP_01,1342.08,10727.07,73125.00,58687.50,6.82,5.47
2026-01-19,Google Ads,GOOGLE_ADS_CMP_01,1124.66,9877.34,70800.00,57000.00,7.17,5.77
2026-01-20,Google Ads,GOOGLE_ADS_CMP_01,1564.84,10328.62,68925.00,55687.50,6.67,5.39
2026-01-21,Google Ads,GOOGLE_ADS_CMP_01,1817.44,10249.27,65100.00,52500.00,6.35,5.12
2026-01-22,Google Ads,GOOGLE_ADS_CMP_01,1175.37,10155.40,65325.00,52687.50,6.43,5.19
2026-01-23,Google Ads,GOOGLE_ADS_CMP_01,1360.97,9586.99,56175.00,45187.50,5.86,4.71
2026-01-24,Google Ads,GOOGLE_ADS_CMP_01,1539.49,9924.85,59400.00,47812.50,5.98,4.82
2026-01-25,Google Ads,GOOGLE_ADS_CMP_01,1942.73,10525.50,66900.00,53625.00,6.36,5.09
2026-01-26,Google Ads,GOOGLE_ADS_CMP_01,1480.59,10881.43,68475.00,54937.50,6.29,5.05
2026-01-27,Google Ads,GOOGLE_ADS_CMP_01,1962.99,11279.58,72750.00,57937.50,6.45,5.14
2026-01-28,Google Ads,GOOGLE_ADS_CMP_01,1397.59,10859.73,72600.00,57937.50,6.69,5.34
2026-01-29,Google Ads,GOOGLE_ADS_CMP_01,1694.98,11379.34,75825.00,60750.00,6.66,5.34
2026-01-30,Google Ads,GOOGLE_ADS_CMP_01,1526.4,11544.77,77550.00,62250.00,6.72,5.39
2026-01-31,Google Ads,GOOGLE_ADS_CMP_01,1912.36,11917.64,77700.00,64125.00,6.52,5.38
2026-02-01,Google Ads,GOOGLE_ADS_CMP_01,1036.67,11011.58,69675.00,59062.50,6.33,5.36
2026-02-02,Google Ads,GOOGLE_ADS_CMP_01,1692.63,11223.62,72525.00,63187.50,6.46,5.63
2026-02-03,Google Ads,GOOGLE_ADS_CMP_01,1237.54,10498.17,67200.00,60375.00,6.40,5.75
2026-02-04,Google Ads,GOOGLE_ADS_CMP_01,1181.15,10281.73,65625.00,60000.00,6.38,5.84
2026-02-05,Google Ads,GOOGLE_ADS_CMP_01,1023.64,9610.39,63000.00,58875.00,6.56,6.13
2026-02-06,Google Ads,GOOGLE_ADS_CMP_01,1562.3,9646.29,63525.00,60562.50,6.59,6.28
2026-02-07,Google Ads,GOOGLE_ADS_CMP_01,1208.51,8942.44,61575.00,58500.00,6.89,6.54
2026-02-08,Google Ads,GOOGLE_ADS_CMP_01,1780.76,9686.53,64425.00,60750.00,6.65,6.27
2026-02-09,Google Ads,GOOGLE_ADS_CMP_01,1737.36,9731.26,59325.00,56250.00,6.10,5.78
2026-02-10,Google Ads,GOOGLE_ADS_CMP_01,1660.3,10154.02,63525.00,60562.50,6.26,5.96
2026-02-11,Google Ads,GOOGLE_ADS_CMP_01,1918.93,10891.80,67650.00,64687.50,6.21,5.94
2026-02-12,Google Ads,GOOGLE_ADS_CMP_01,1615.99,11484.15,67725.00,64687.50,5.90,5.63
2026-02-13,Google Ads,GOOGLE_ADS_CMP_01,1058.55,10980.40,64800.00,61875.00,5.90,5.64
2026-02-14,Google Ads,GOOGLE_ADS_CMP_01,1186.1,10957.99,64725.00,61875.00,5.91,5.65
2026-02-15,Google Ads,GOOGLE_ADS_CMP_01,1418.79,10596.02,62700.00,60000.00,5.92,5.66
2026-02-16,Google Ads,GOOGLE_ADS_CMP_01,1051.96,9910.62,61050.00,58500.00,6.16,5.90
2026-02-17,Google Ads,GOOGLE_ADS_CMP_01,1857.18,10107.50,63225.00,59812.50,6.26,5.92
2026-02-18,Google Ads,GOOGLE_ADS_CMP_01,1335.21,9523.78,59700.00,56250.00,6.27,5.91
2026-02-19,Google Ads,GOOGLE_ADS_CMP_01,1670.73,9578.52,60975.00,57562.50,6.37,6.01
2026-02-20,Google Ads,GOOGLE_ADS_CMP_01,1078.97,9598.94,60525.00,57562.50,6.31,6.00
2026-02-21,Google Ads,GOOGLE_ADS_CMP_01,1254.39,9667.23,57225.00,54750.00,5.92,5.66
2026-02-22,Google Ads,GOOGLE_ADS_CMP_01,1823.79,10072.23,59325.00,57000.00,5.89,5.66
2026-02-23,Google Ads,GOOGLE_ADS_CMP_01,1692.49,10712.76,63525.00,60937.50,5.93,5.69
2026-02-24,Google Ads,GOOGLE_ADS_CMP_01,1505.46,10361.04,60450.00,58687.50,5.83,5.66
2026-02-25,Google Ads,GOOGLE_ADS_CMP_01,1488.9,10514.73,63150.00,61312.50,6.01,5.83
2026-02-26,Google Ads,GOOGLE_ADS_CMP_01,1573.53,10417.53,64125.00,62062.50,6.16,5.96
2026-02-27,Google Ads,GOOGLE_ADS_CMP_01,1348.82,10687.38,66450.00,63750.00,6.22,5.96
2026-02-28,Google Ads,GOOGLE_ADS_CMP_01,1822.53,11255.52,74850.00,71625.00,6.65,6.36
2026-03-01,Google Ads,GOOGLE_ADS_CMP_01,1950.77,11382.50,76200.00,73500.00,6.69,6.46
2026-03-02,Google Ads,GOOGLE_ADS_CMP_01,1111.51,10801.52,71625.00,68812.50,6.63,6.37
2026-03-03,Google Ads,GOOGLE_ADS_CMP_01,1398.01,10694.07,70275.00,67312.50,6.57,6.29
2026-03-04,Google Ads,GOOGLE_ADS_CMP_01,1529.66,10734.83,67350.00,64312.50,6.27,5.99
2026-03-05,Google Ads,GOOGLE_ADS_CMP_01,1666.6,10827.90,65775.00,62812.50,6.07,5.80
2026-03-06,Google Ads,GOOGLE_ADS_CMP_01,1036.02,10515.10,63525.00,61125.00,6.04,5.81
2026-03-07,Google Ads,GOOGLE_ADS_CMP_01,1127.87,9820.44,54750.00,52875.00,5.58,5.38
2026-03-08,Google Ads,GOOGLE_ADS_CMP_01,1827.51,9697.18,56475.00,54187.50,5.82,5.59
2026-03-09,Google Ads,GOOGLE_ADS_CMP_01,1157.27,9742.94,56175.00,53812.50,5.77,5.52
2026-03-10,Google Ads,GOOGLE_ADS_CMP_01,1067.5,9412.43,54300.00,51750.00,5.77,5.50
2026-03-11,Google Ads,GOOGLE_ADS_CMP_01,1154.83,9037.60,53925.00,51562.50,5.97,5.71
2026-03-12,Google Ads,GOOGLE_ADS_CMP_01,1732.73,9103.73,58050.00,56250.00,6.38,6.18
2026-03-13,Google Ads,GOOGLE_ADS_CMP_01,1056.18,9123.89,58500.00,56625.00,6.41,6.21
2026-03-14,Google Ads,GOOGLE_ADS_CMP_01,1676.94,9672.96,64725.00,62062.50,6.69,6.42
2026-03-15,Google Ads,GOOGLE_ADS_CMP_01,1605.64,9451.09,59325.00,57187.50,6.28,6.05
2026-03-16,Google Ads,GOOGLE_ADS_CMP_01,1433.47,9727.29,60825.00,58875.00,6.25,6.05
2026-03-17,Google Ads,GOOGLE_ADS_CMP_01,1473.92,10133.71,63825.00,62062.50,6.30,6.12
2026-03-18,Google Ads,GOOGLE_ADS_CMP_01,1033.68,10012.56,63150.00,61500.00,6.31,6.14
2026-03-19,Google Ads,GOOGLE_ADS_CMP_01,1580.95,9860.78,60300.00,58312.50,6.12,5.91
2026-03-20,Google Ads,GOOGLE_ADS_CMP_01,1960.92,10765.52,69000.00,66562.50,6.41,6.18
2026-03-21,Google Ads,GOOGLE_ADS_CMP_01,1229.37,10317.95,64125.00,62625.00,6.21,6.07
2026-03-22,Google Ads,GOOGLE_ADS_CMP_01,1056.98,9769.29,59850.00,58125.00,6.13,5.95
2026-03-23,Google Ads,GOOGLE_ADS_CMP_01,1825.71,10161.53,64275.00,62062.50,6.33,6.11
2026-03-24,Google Ads,GOOGLE_ADS_CMP_01,1596.91,10284.52,65175.00,63000.00,6.34,6.13
2026-03-25,Google Ads,GOOGLE_ADS_CMP_01,1345.08,10595.92,67350.00,65250.00,6.36,6.16
2026-03-26,Google Ads,GOOGLE_ADS_CMP_01,1753.87,10768.84,69150.00,66562.50,6.42,6.18
2026-03-27,Google Ads,GOOGLE_ADS_CMP_01,1399.52,10207.44,63000.00,60750.00,6.17,5.95
2026-03-28,Google Ads,GOOGLE_ADS_CMP_01,1380.99,10359.06,66150.00,63375.00,6.39,6.12
2026-03-29,Google Ads,GOOGLE_ADS_CMP_01,1156.81,10458.89,68325.00,65250.00,6.53,6.24
2026-03-30,Google Ads,GOOGLE_ADS_CMP_01,1671.09,10304.27,67125.00,64500.00,6.51,6.26
2026-03-31,Google Ads,GOOGLE_ADS_CMP_01,1011.3,9718.66,63525.00,61125.00,6.54,6.29
2026-01-01,Google Ads,GOOGLE_ADS_CMP_02,1524.76,1524.76,7650.00,6000.00,5.02,3.94
2026-01-02,Google Ads,GOOGLE_ADS_CMP_02,1356.75,2881.51,14175.00,11437.50,4.92,3.97
2026-01-03,Google Ads,GOOGLE_ADS_CMP_02,1076.98,3958.49,20250.00,16125.00,5.12,4.07
2026-01-04,Google Ads,GOOGLE_ADS_CMP_02,1242.06,5200.55,29325.00,23625.00,5.64,4.54
2026-01-05,Google Ads,GOOGLE_ADS_CMP_02,1897.11,7097.66,42150.00,33750.00,5.94,4.76
2026-01-06,Google Ads,GOOGLE_ADS_CMP_02,1953.93,9051.59,54675.00,44250.00,6.04,4.89
2026-01-07,Google Ads,GOOGLE_ADS_CMP_02,1093.98,10145.57,61350.00,49500.00,6.05,4.88
2026-01-08,Google Ads,GOOGLE_ADS_CMP_02,1247.73,9868.54,61200.00,49687.50,6.20,5.03
2026-01-09,Google Ads,GOOGLE_ADS_CMP_02,1023.27,9535.06,61200.00,49687.50,6.42,5.21
2026-01-10,Google Ads,GOOGLE_ADS_CMP_02,1752.37,10210.45,67125.00,54937.50,6.57,5.38
2026-01-11,Google Ads,GOOGLE_ADS_CMP_02,1649.21,10617.60,71250.00,57562.50,6.71,5.42
2026-01-12,Google Ads,GOOGLE_ADS_CMP_02,1162.62,9883.11,66675.00,53812.50,6.75,5.44
2026-01-13,Google Ads,GOOGLE_ADS_CMP_02,1852.18,9781.36,71025.00,56437.50,7.26,5.77
2026-01-14,Google Ads,GOOGLE_ADS_CMP_02,1040.87,9728.25,69825.00,55687.50,7.18,5.72
2026-01-15,Google Ads,GOOGLE_ADS_CMP_02,1327.5,9808.02,73050.00,57937.50,7.45,5.91
2026-01-16,Google Ads,GOOGLE_ADS_CMP_02,1187.04,9971.79,72000.00,56812.50,7.22,5.70
2026-01-17,Google Ads,GOOGLE_ADS_CMP_02,1523.07,9742.49,69675.00,54750.00,7.15,5.62
2026-01-18,Google Ads,GOOGLE_ADS_CMP_02,1722.25,9815.53,70200.00,55500.00,7.15,5.65
2026-01-19,Google Ads,GOOGLE_ADS_CMP_02,1335.2,9988.11,68025.00,54000.00,6.81,5.41
2026-01-20,Google Ads,GOOGLE_ADS_CMP_02,1559.64,9695.57,60375.00,48000.00,6.23,4.95
2026-01-21,Google Ads,GOOGLE_ADS_CMP_02,1268.06,9922.76,63675.00,50437.50,6.42,5.08
2026-01-22,Google Ads,GOOGLE_ADS_CMP_02,1046.97,9642.23,58950.00,46875.00,6.11,4.86
2026-01-23,Google Ads,GOOGLE_ADS_CMP_02,1732.22,10187.41,66525.00,52875.00,6.53,5.19
2026-01-24,Google Ads,GOOGLE_ADS_CMP_02,1615.86,10280.20,68775.00,54187.50,6.69,5.27
2026-01-25,Google Ads,GOOGLE_ADS_CMP_02,1176.53,9734.48,61650.00,48562.50,6.33,4.99
2026-01-26,Google Ads,GOOGLE_ADS_CMP_02,1565.73,9965.01,65550.00,51562.50,6.58,5.17
2026-01-27,Google Ads,GOOGLE_ADS_CMP_02,1937.23,10342.60,68100.00,54000.00,6.58,5.22
2026-01-28,Google Ads,GOOGLE_ADS_CMP_02,1031.13,10105.67,66375.00,52500.00,6.57,5.20
2026-01-29,Google Ads,GOOGLE_ADS_CMP_02,1104.93,10163.63,66300.00,52312.50,6.52,5.15
2026-01-30,Google Ads,GOOGLE_ADS_CMP_02,1159.54,9590.95,60975.00,48000.00,6.36,5.00
2026-01-31,Google Ads,GOOGLE_ADS_CMP_02,1131.57,9106.66,56475.00,45937.50,6.20,5.04
2026-02-01,Google Ads,GOOGLE_ADS_CMP_02,1805.67,9735.80,62175.00,52875.00,6.39,5.43
2026-02-02,Google Ads,GOOGLE_ADS_CMP_02,1570.61,9740.68,64200.00,56625.00,6.59,5.81
2026-02-03,Google Ads,GOOGLE_ADS_CMP_02,1668.21,9471.66,64950.00,59250.00,6.86,6.26
2026-02-04,Google Ads,GOOGLE_ADS_CMP_02,1106.88,9547.41,64500.00,59812.50,6.76,6.26
2026-02-05,Google Ads,GOOGLE_ADS_CMP_02,1390.91,9833.39,70425.00,66187.50,7.16,6.73
2026-02-06,Google Ads,GOOGLE_ADS_CMP_02,1450.37,10124.22,72675.00,69562.50,7.18,6.87
2026-02-07,Google Ads,GOOGLE_ADS_CMP_02,1805.93,10798.58,76875.00,73875.00,7.12,6.84
2026-02-08,Google Ads,GOOGLE_ADS_CMP_02,1695.04,10687.95,74400.00,70875.00,6.96,6.63
2026-02-09,Google Ads,GOOGLE_ADS_CMP_02,1785.02,10902.36,74475.00,70687.50,6.83,6.48
2026-02-10,Google Ads,GOOGLE_ADS_CMP_02,1967.86,11202.01,74100.00,69937.50,6.61,6.24
2026-02-11,Google Ads,GOOGLE_ADS_CMP_02,1728.49,11823.62,80175.00,76500.00,6.78,6.47
2026-02-12,Google Ads,GOOGLE_ADS_CMP_02,1005.23,11437.94,74925.00,71437.50,6.55,6.25
2026-02-13,Google Ads,GOOGLE_ADS_CMP_02,1517.27,11504.84,73275.00,70125.00,6.37,6.10
2026-02-14,Google Ads,GOOGLE_ADS_CMP_02,1080.6,10779.51,69825.00,66562.50,6.48,6.17
2026-02-15,Google Ads,GOOGLE_ADS_CMP_02,1654.17,10738.64,68775.00,66000.00,6.40,6.15
2026-02-16,Google Ads,GOOGLE_ADS_CMP_02,1330.22,10283.84,66600.00,64312.50,6.48,6.25
2026-02-17,Google Ads,GOOGLE_ADS_CMP_02,1202.02,9518.00,61725.00,59812.50,6.49,6.28
2026-02-18,Google Ads,GOOGLE_ADS_CMP_02,1239.87,9029.38,55650.00,53625.00,6.16,5.94
2026-02-19,Google Ads,GOOGLE_ADS_CMP_02,1864.56,9888.71,60150.00,57937.50,6.08,5.86
2026-02-20,Google Ads,GOOGLE_ADS_CMP_02,1995.44,10366.88,65700.00,63562.50,6.34,6.13
2026-02-21,Google Ads,GOOGLE_ADS_CMP_02,1276.81,10563.09,64650.00,62437.50,6.12,5.91
2026-02-22,Google Ads,GOOGLE_ADS_CMP_02,1383.84,10292.76,62175.00,60187.50,6.04,5.85
2026-02-23,Google Ads,GOOGLE_ADS_CMP_02,1788.99,10751.53,64575.00,61875.00,6.01,5.75
2026-02-24,Google Ads,GOOGLE_ADS_CMP_02,1387.99,10937.50,67350.00,64875.00,6.16,5.93
2026-02-25,Google Ads,GOOGLE_ADS_CMP_02,1201.31,10898.94,67875.00,65250.00,6.23,5.99
2026-02-26,Google Ads,GOOGLE_ADS_CMP_02,1883.46,10917.84,64650.00,62437.50,5.92,5.72
2026-02-27,Google Ads,GOOGLE_ADS_CMP_02,1955.12,10877.52,61125.00,59062.50,5.62,5.43
2026-02-28,Google Ads,GOOGLE_ADS_CMP_02,1775.35,11376.06,62475.00,60562.50,5.49,5.32
2026-03-01,Google Ads,GOOGLE_ADS_CMP_02,1644.15,11636.37,66075.00,63375.00,5.68,5.45
2026-03-02,Google Ads,GOOGLE_ADS_CMP_02,1379.09,11226.47,61200.00,59062.50,5.45,5.26
2026-03-03,Google Ads,GOOGLE_ADS_CMP_02,1484.08,11322.56,61800.00,59625.00,5.46,5.27
2026-03-04,Google Ads,GOOGLE_ADS_CMP_02,1274.7,11395.95,63900.00,61687.50,5.61,5.41
2026-03-05,Google Ads,GOOGLE_ADS_CMP_02,1012.1,10524.59,62025.00,60000.00,5.89,5.70
2026-03-06,Google Ads,GOOGLE_ADS_CMP_02,1581.62,10151.09,60900.00,58500.00,6.00,5.76
2026-03-07,Google Ads,GOOGLE_ADS_CMP_02,1226.13,9601.87,58350.00,56062.50,6.08,5.84
2026-03-08,Google Ads,GOOGLE_ADS_CMP_02,1694.6,9652.32,59925.00,58125.00,6.21,6.02
2026-03-09,Google Ads,GOOGLE_ADS_CMP_02,1796.68,10069.91,62400.00,60375.00,6.20,6.00
2026-03-10,Google Ads,GOOGLE_ADS_CMP_02,1403.6,9989.43,62250.00,60000.00,6.23,6.01
2026-03-11,Google Ads,GOOGLE_ADS_CMP_02,1680.11,10394.84,63300.00,61125.00,6.09,5.88
2026-03-12,Google Ads,GOOGLE_ADS_CMP_02,1838.49,11221.23,70425.00,67500.00,6.28,6.02
2026-03-13,Google Ads,GOOGLE_ADS_CMP_02,1409.67,11049.28,69675.00,66937.50,6.31,6.06
2026-03-14,Google Ads,GOOGLE_ADS_CMP_02,1610.55,11433.70,72825.00,70125.00,6.37,6.13
2026-03-15,Google Ads,GOOGLE_ADS_CMP_02,1206.25,10945.35,68925.00,66375.00,6.30,6.06
2026-03-16,Google Ads,GOOGLE_ADS_CMP_02,1068.71,10217.38,63675.00,61500.00,6.23,6.02
2026-03-17,Google Ads,GOOGLE_ADS_CMP_02,1241.5,10055.28,59550.00,57187.50,5.92,5.69
2026-03-18,Google Ads,GOOGLE_ADS_CMP_02,1666.85,10042.02,60225.00,57375.00,6.00,5.71
2026-03-19,Google Ads,GOOGLE_ADS_CMP_02,1596.85,9800.38,54525.00,52312.50,5.56,5.34
2026-03-20,Google Ads,GOOGLE_ADS_CMP_02,1572.61,9963.32,55950.00,53437.50,5.62,5.36
2026-03-21,Google Ads,GOOGLE_ADS_CMP_02,1147.28,9500.05,54300.00,51562.50,5.72,5.43
2026-03-22,Google Ads,GOOGLE_ADS_CMP_02,1667.21,9961.01,57900.00,54937.50,5.81,5.52
2026-03-23,Google Ads,GOOGLE_ADS_CMP_02,1143,10035.30,60450.00,57375.00,6.02,5.72
2026-03-24,Google Ads,GOOGLE_ADS_CMP_02,1204.45,9998.25,59775.00,57000.00,5.98,5.70
2026-03-25,Google Ads,GOOGLE_ADS_CMP_02,1678.5,10009.90,59775.00,57000.00,5.97,5.69
2026-03-26,Google Ads,GOOGLE_ADS_CMP_02,1055.61,9468.66,59700.00,57000.00,6.31,6.02
2026-03-27,Google Ads,GOOGLE_ADS_CMP_02,1463.98,9360.03,60450.00,58125.00,6.46,6.21
2026-03-28,Google Ads,GOOGLE_ADS_CMP_02,1303.29,9516.04,61800.00,59250.00,6.49,6.23
2026-03-29,Google Ads,GOOGLE_ADS_CMP_02,1231.38,9080.21,59775.00,57000.00,6.58,6.28
2026-03-30,Google Ads,GOOGLE_ADS_CMP_02,1025.77,8962.98,60975.00,57937.50,6.80,6.46
2026-03-31,Google Ads,GOOGLE_ADS_CMP_02,1397.68,9156.21,64425.00,61500.00,7.04,6.72
2026-01-01,Meta Ads,META_ADS_CMP_01,1062.18,1062.18,3675.00,2625.00,3.46,2.47
2026-01-02,Meta Ads,META_ADS_CMP_01,981.15,2043.33,7425.00,5250.00,3.63,2.57
2026-01-03,Meta Ads,META_ADS_CMP_01,1332.55,3375.88,14025.00,9937.50,4.15,2.94
2026-01-04,Meta Ads,META_ADS_CMP_01,1054.54,4430.42,16950.00,12000.00,3.83,2.71
2026-01-05,Meta Ads,META_ADS_CMP_01,1038.75,5469.17,21300.00,15000.00,3.89,2.74
2026-01-06,Meta Ads,META_ADS_CMP_01,985.64,6454.81,25575.00,18000.00,3.96,2.79
2026-01-07,Meta Ads,META_ADS_CMP_01,1051.64,7506.45,29850.00,21000.00,3.98,2.80
2026-01-08,Meta Ads,META_ADS_CMP_01,1107.28,7551.55,31125.00,21937.50,4.12,2.91
2026-01-09,Meta Ads,META_ADS_CMP_01,818.56,7388.96,30975.00,21937.50,4.19,2.97
2026-01-10,Meta Ads,META_ADS_CMP_01,1153.68,7210.09,29475.00,20812.50,4.09,2.89
2026-01-11,Meta Ads,META_ADS_CMP_01,1490.2,7645.75,32850.00,23437.50,4.30,3.07
2026-01-12,Meta Ads,META_ADS_CMP_01,1465.29,8072.29,35175.00,25125.00,4.36,3.11
2026-01-13,Meta Ads,META_ADS_CMP_01,1394.75,8481.40,34650.00,24937.50,4.09,2.94
2026-01-14,Meta Ads,META_ADS_CMP_01,1144.83,8574.59,34200.00,24750.00,3.99,2.89
2026-01-15,Meta Ads,META_ADS_CMP_01,1123.77,8591.08,33450.00,24187.50,3.89,2.82
2026-01-16,Meta Ads,META_ADS_CMP_01,921.36,8693.88,32700.00,23437.50,3.76,2.70
2026-01-17,Meta Ads,META_ADS_CMP_01,1381.43,8921.63,33150.00,24000.00,3.72,2.69
2026-01-18,Meta Ads,META_ADS_CMP_01,1425.72,8857.15,32325.00,23250.00,3.65,2.62
2026-01-19,Meta Ads,META_ADS_CMP_01,1203.4,8595.26,30900.00,22312.50,3.60,2.60
2026-01-20,Meta Ads,META_ADS_CMP_01,1151.54,8352.05,31425.00,22500.00,3.76,2.69
2026-01-21,Meta Ads,META_ADS_CMP_01,1381.15,8588.37,33075.00,23625.00,3.85,2.75
2026-01-22,Meta Ads,META_ADS_CMP_01,1255.99,8720.59,33750.00,24187.50,3.87,2.77
2026-01-23,Meta Ads,META_ADS_CMP_01,1309.73,9108.96,37350.00,27000.00,4.10,2.96
2026-01-24,Meta Ads,META_ADS_CMP_01,825.91,8553.44,34575.00,24937.50,4.04,2.92
2026-01-25,Meta Ads,META_ADS_CMP_01,952.78,8080.50,32325.00,23250.00,4.00,2.88
2026-01-26,Meta Ads,META_ADS_CMP_01,860.89,7737.99,29175.00,21000.00,3.77,2.71
2026-01-27,Meta Ads,META_ADS_CMP_01,1231.85,7818.30,29775.00,21562.50,3.81,2.76
2026-01-28,Meta Ads,META_ADS_CMP_01,1285.58,7722.73,31350.00,22687.50,4.06,2.94
2026-01-29,Meta Ads,META_ADS_CMP_01,844.95,7311.69,29400.00,21187.50,4.02,2.90
2026-01-30,Meta Ads,META_ADS_CMP_01,1299.86,7301.82,28650.00,20437.50,3.92,2.80
2026-01-31,Meta Ads,META_ADS_CMP_01,1406.92,7882.83,31875.00,23250.00,4.04,2.95
2026-02-01,Meta Ads,META_ADS_CMP_01,965.24,7895.29,31575.00,23437.50,4.00,2.97
2026-02-02,Meta Ads,META_ADS_CMP_01,1015.55,8049.95,33375.00,25312.50,4.15,3.14
2026-02-03,Meta Ads,META_ADS_CMP_01,1372.48,8190.58,32850.00,25500.00,4.01,3.11
2026-02-04,Meta Ads,META_ADS_CMP_01,999.41,7904.41,29775.00,23812.50,3.77,3.01
2026-02-05,Meta Ads,META_ADS_CMP_01,1267.28,8326.74,31350.00,25500.00,3.76,3.06
2026-02-06,Meta Ads,META_ADS_CMP_01,1173.07,8199.95,28725.00,24187.50,3.50,2.95
2026-02-07,Meta Ads,META_ADS_CMP_01,1187.66,7980.69,25725.00,21937.50,3.22,2.75
2026-02-08,Meta Ads,META_ADS_CMP_01,1018.27,8033.72,25350.00,21750.00,3.16,2.71
2026-02-09,Meta Ads,META_ADS_CMP_01,808.48,7826.65,24225.00,20625.00,3.10,2.64
2026-02-10,Meta Ads,META_ADS_CMP_01,1469.55,7923.72,26100.00,22312.50,3.29,2.82
2026-02-11,Meta Ads,META_ADS_CMP_01,1460.15,8384.46,27075.00,23250.00,3.23,2.77
2026-02-12,Meta Ads,META_ADS_CMP_01,806.53,7923.71,25650.00,21937.50,3.24,2.77
2026-02-13,Meta Ads,META_ADS_CMP_01,1205.99,7956.63,30375.00,26062.50,3.82,3.28
2026-02-14,Meta Ads,META_ADS_CMP_01,816.93,7585.90,30750.00,26437.50,4.05,3.49
2026-02-15,Meta Ads,META_ADS_CMP_01,1434.51,8002.14,32775.00,28312.50,4.10,3.54
2026-02-16,Meta Ads,META_ADS_CMP_01,1394.98,8588.64,36900.00,31875.00,4.30,3.71
2026-02-17,Meta Ads,META_ADS_CMP_01,1204.32,8323.41,36600.00,31687.50,4.40,3.81
2026-02-18,Meta Ads,META_ADS_CMP_01,1373.34,8236.60,38700.00,33375.00,4.70,4.05
2026-02-19,Meta Ads,META_ADS_CMP_01,823.23,8253.30,38550.00,33375.00,4.67,4.04
2026-02-20,Meta Ads,META_ADS_CMP_01,808.68,7855.99,33075.00,28687.50,4.21,3.65
2026-02-21,Meta Ads,META_ADS_CMP_01,872.96,7912.02,31725.00,27562.50,4.01,3.48
2026-02-22,Meta Ads,META_ADS_CMP_01,1145.48,7622.99,30900.00,26625.00,4.05,3.49
2026-02-23,Meta Ads,META_ADS_CMP_01,1006.53,7234.54,28800.00,25125.00,3.98,3.47
2026-02-24,Meta Ads,META_ADS_CMP_01,1273.98,7304.20,27525.00,24000.00,3.77,3.29
2026-02-25,Meta Ads,META_ADS_CMP_01,840.35,6771.21,22875.00,20062.50,3.38,2.96
2026-02-26,Meta Ads,META_ADS_CMP_01,1333.26,7281.24,23175.00,20250.00,3.18,2.78
2026-02-27,Meta Ads,META_ADS_CMP_01,1260.98,7733.54,26700.00,23062.50,3.45,2.98
2026-02-28,Meta Ads,META_ADS_CMP_01,886.04,7746.62,28725.00,24750.00,3.71,3.19
2026-03-01,Meta Ads,META_ADS_CMP_01,862.5,7463.64,29475.00,25312.50,3.95,3.39
2026-03-02,Meta Ads,META_ADS_CMP_01,1317.02,7774.13,29250.00,25125.00,3.76,3.23
2026-03-03,Meta Ads,META_ADS_CMP_01,800.95,7301.10,27450.00,23250.00,3.76,3.18
2026-03-04,Meta Ads,META_ADS_CMP_01,1128.99,7589.74,30000.00,25687.50,3.95,3.38
2026-03-05,Meta Ads,META_ADS_CMP_01,1354.82,7611.30,32850.00,27937.50,4.32,3.67
2026-03-06,Meta Ads,META_ADS_CMP_01,1194.85,7545.17,31350.00,26812.50,4.15,3.55
2026-03-07,Meta Ads,META_ADS_CMP_01,1032.53,7691.66,32625.00,27750.00,4.24,3.61
2026-03-08,Meta Ads,META_ADS_CMP_01,1466.56,8295.72,33375.00,28500.00,4.02,3.44
2026-03-09,Meta Ads,META_ADS_CMP_01,1182.5,8161.20,34725.00,29250.00,4.25,3.58
2026-03-10,Meta Ads,META_ADS_CMP_01,1270.04,8630.29,36450.00,31125.00,4.22,3.61
2026-03-11,Meta Ads,META_ADS_CMP_01,975.63,8476.93,36825.00,31125.00,4.34,3.67
2026-03-12,Meta Ads,META_ADS_CMP_01,1299.84,8421.95,36450.00,31125.00,4.33,3.70
2026-03-13,Meta Ads,META_ADS_CMP_01,1109.78,8336.88,36750.00,31500.00,4.41,3.78
2026-03-14,Meta Ads,META_ADS_CMP_01,1048.1,8352.45,36075.00,30750.00,4.32,3.68
2026-03-15,Meta Ads,META_ADS_CMP_01,1178.63,8064.52,36975.00,31687.50,4.58,3.93
2026-03-16,Meta Ads,META_ADS_CMP_01,1431.24,8313.26,37350.00,32250.00,4.49,3.88
2026-03-17,Meta Ads,META_ADS_CMP_01,1423.29,8466.51,39000.00,33375.00,4.61,3.94
2026-03-18,Meta Ads,META_ADS_CMP_01,1370.46,8861.34,40125.00,34500.00,4.53,3.89
2026-03-19,Meta Ads,META_ADS_CMP_01,962.41,8523.91,39225.00,33937.50,4.60,3.98
2026-03-20,Meta Ads,META_ADS_CMP_01,925.55,8339.68,39150.00,33562.50,4.69,4.02
2026-03-21,Meta Ads,META_ADS_CMP_01,1393.17,8684.75,39300.00,34125.00,4.53,3.93
2026-03-22,Meta Ads,META_ADS_CMP_01,1206.49,8712.61,37200.00,32062.50,4.27,3.68
2026-03-23,Meta Ads,META_ADS_CMP_01,960.88,8242.25,34050.00,29250.00,4.13,3.55
2026-03-24,Meta Ads,META_ADS_CMP_01,1444.52,8263.48,32475.00,27750.00,3.93,3.36
2026-03-25,Meta Ads,META_ADS_CMP_01,1340.94,8233.96,30750.00,26250.00,3.73,3.19
2026-03-26,Meta Ads,META_ADS_CMP_01,913.95,8185.50,29325.00,24562.50,3.58,3.00
2026-03-27,Meta Ads,META_ADS_CMP_01,1182.69,8442.64,29850.00,25125.00,3.54,2.98
2026-03-28,Meta Ads,META_ADS_CMP_01,1045.57,8095.04,29325.00,24375.00,3.62,3.01
2026-03-29,Meta Ads,META_ADS_CMP_01,1061.42,7949.97,29025.00,24187.50,3.65,3.04
2026-03-30,Meta Ads,META_ADS_CMP_01,1159.87,8148.96,29325.00,24562.50,3.60,3.01
2026-03-31,Meta Ads,META_ADS_CMP_01,1482.28,8186.72,29850.00,25125.00,3.65,3.07
2026-01-01,Meta Ads,META_ADS_CMP_02,1406.32,1406.32,7275.00,5437.50,5.17,3.87
2026-01-02,Meta Ads,META_ADS_CMP_02,929.4,2335.72,11250.00,8437.50,4.82,3.61
2026-01-03,Meta Ads,META_ADS_CMP_02,1099.28,3435.00,15375.00,11437.50,4.48,3.33
2026-01-04,Meta Ads,META_ADS_CMP_02,825.82,4260.82,19875.00,14812.50,4.66,3.48
2026-01-05,Meta Ads,META_ADS_CMP_02,1188.64,5449.46,23550.00,17437.50,4.32,3.20
2026-01-06,Meta Ads,META_ADS_CMP_02,1151.85,6601.31,29850.00,21937.50,4.52,3.32
2026-01-07,Meta Ads,META_ADS_CMP_02,1439.27,8040.58,40050.00,29062.50,4.98,3.61
2026-01-08,Meta Ads,META_ADS_CMP_02,975.17,7609.43,37875.00,27187.50,4.98,3.57
2026-01-09,Meta Ads,META_ADS_CMP_02,1250.3,7930.33,38325.00,27187.50,4.83,3.43
2026-01-10,Meta Ads,META_ADS_CMP_02,807.59,7638.64,37575.00,26437.50,4.92,3.46
2026-01-11,Meta Ads,META_ADS_CMP_02,1190.88,8003.70,37950.00,26625.00,4.74,3.33
2026-01-12,Meta Ads,META_ADS_CMP_02,931.68,7746.74,36675.00,25687.50,4.73,3.32
2026-01-13,Meta Ads,META_ADS_CMP_02,1224.32,7819.21,34725.00,24187.50,4.44,3.09
2026-01-14,Meta Ads,META_ADS_CMP_02,890.22,7270.16,27600.00,19312.50,3.80,2.66
2026-01-15,Meta Ads,META_ADS_CMP_02,1172.48,7467.47,26325.00,18375.00,3.53,2.46
2026-01-16,Meta Ads,META_ADS_CMP_02,1078.5,7295.67,26175.00,18562.50,3.59,2.54
2026-01-17,Meta Ads,META_ADS_CMP_02,1318.78,7806.86,28950.00,20812.50,3.71,2.67
2026-01-18,Meta Ads,META_ADS_CMP_02,1320.76,7936.74,29025.00,20625.00,3.66,2.60
2026-01-19,Meta Ads,META_ADS_CMP_02,1447.9,8452.96,31650.00,22312.50,3.74,2.64
2026-01-20,Meta Ads,META_ADS_CMP_02,1428.64,8657.28,31875.00,22687.50,3.68,2.62
2026-01-21,Meta Ads,META_ADS_CMP_02,1427.44,9194.50,33375.00,23812.50,3.63,2.59
2026-01-22,Meta Ads,META_ADS_CMP_02,1430.01,9452.03,36450.00,26062.50,3.86,2.76
2026-01-23,Meta Ads,META_ADS_CMP_02,1373.37,9746.90,38925.00,27750.00,3.99,2.85
2026-01-24,Meta Ads,META_ADS_CMP_02,1287.4,9715.52,37650.00,26812.50,3.88,2.76
2026-01-25,Meta Ads,META_ADS_CMP_02,1127.18,9521.94,36825.00,26250.00,3.87,2.76
2026-01-26,Meta Ads,META_ADS_CMP_02,1147.11,9221.15,36300.00,26062.50,3.94,2.83
2026-01-27,Meta Ads,META_ADS_CMP_02,1177.99,8970.50,36450.00,26062.50,4.06,2.91
2026-01-28,Meta Ads,META_ADS_CMP_02,905.74,8448.80,35625.00,25312.50,4.22,3.00
2026-01-29,Meta Ads,META_ADS_CMP_02,1118.65,8137.44,31125.00,22125.00,3.82,2.72
2026-01-30,Meta Ads,META_ADS_CMP_02,1426.37,8190.44,31200.00,22125.00,3.81,2.70
2026-01-31,Meta Ads,META_ADS_CMP_02,1411.4,8314.44,32400.00,24000.00,3.90,2.89
2026-02-01,Meta Ads,META_ADS_CMP_02,974.1,8161.36,33375.00,25687.50,4.09,3.15
2026-02-02,Meta Ads,META_ADS_CMP_02,865.73,7879.98,33075.00,26062.50,4.20,3.31
2026-02-03,Meta Ads,META_ADS_CMP_02,1056.52,7758.51,32625.00,26250.00,4.21,3.38
2026-02-04,Meta Ads,META_ADS_CMP_02,1227.23,8080.00,33675.00,27750.00,4.17,3.43
2026-02-05,Meta Ads,META_ADS_CMP_02,917.61,7878.96,35400.00,29625.00,4.49,3.76
2026-02-06,Meta Ads,META_ADS_CMP_02,1263.29,7715.88,35100.00,30375.00,4.55,3.94
2026-02-07,Meta Ads,META_ADS_CMP_02,1160.98,7465.46,34425.00,29437.50,4.61,3.94
2026-02-08,Meta Ads,META_ADS_CMP_02,951.23,7442.59,34650.00,29625.00,4.66,3.98
2026-02-09,Meta Ads,META_ADS_CMP_02,1391.05,7967.91,34950.00,30187.50,4.39,3.79
2026-02-10,Meta Ads,META_ADS_CMP_02,1342.26,8253.65,35475.00,30937.50,4.30,3.75
2026-02-11,Meta Ads,META_ADS_CMP_02,1252.07,8278.49,35700.00,31125.00,4.31,3.76
2026-02-12,Meta Ads,META_ADS_CMP_02,1081.05,8441.93,35925.00,31125.00,4.26,3.69
2026-02-13,Meta Ads,META_ADS_CMP_02,1363.49,8542.13,34725.00,30000.00,4.07,3.51
2026-02-14,Meta Ads,META_ADS_CMP_02,1458.48,8839.63,33450.00,28875.00,3.78,3.27
2026-02-15,Meta Ads,META_ADS_CMP_02,1429.88,9318.28,34500.00,29625.00,3.70,3.18
2026-02-16,Meta Ads,META_ADS_CMP_02,1181.8,9109.03,34200.00,29062.50,3.75,3.19
2026-02-17,Meta Ads,META_ADS_CMP_02,1173.12,8939.89,33675.00,28312.50,3.77,3.17
2026-02-18,Meta Ads,META_ADS_CMP_02,1375.15,9062.97,32100.00,27000.00,3.54,2.98
2026-02-19,Meta Ads,META_ADS_CMP_02,1336.25,9318.17,34350.00,29250.00,3.69,3.14
2026-02-20,Meta Ads,META_ADS_CMP_02,1009.94,8964.62,34950.00,29625.00,3.90,3.30
2026-02-21,Meta Ads,META_ADS_CMP_02,1220.46,8726.60,37050.00,31687.50,4.25,3.63
2026-02-22,Meta Ads,META_ADS_CMP_02,1087.71,8384.43,35550.00,30375.00,4.24,3.62
2026-02-23,Meta Ads,META_ADS_CMP_02,1191.05,8393.68,36150.00,30937.50,4.31,3.69
2026-02-24,Meta Ads,META_ADS_CMP_02,1117.8,8338.36,36075.00,30937.50,4.33,3.71
2026-02-25,Meta Ads,META_ADS_CMP_02,1043.09,8006.30,36300.00,31125.00,4.53,3.89
2026-02-26,Meta Ads,META_ADS_CMP_02,1405.9,8075.95,35625.00,30187.50,4.41,3.74
2026-02-27,Meta Ads,META_ADS_CMP_02,1141.34,8207.35,33525.00,28687.50,4.08,3.50
2026-02-28,Meta Ads,META_ADS_CMP_02,1237.35,8224.24,31800.00,27375.00,3.87,3.33
2026-03-01,Meta Ads,META_ADS_CMP_02,1292.7,8429.23,34050.00,29062.50,4.04,3.45
2026-03-02,Meta Ads,META_ADS_CMP_02,939.45,8177.63,33075.00,28312.50,4.04,3.46
2026-03-03,Meta Ads,META_ADS_CMP_02,816.52,7876.35,32400.00,27750.00,4.11,3.52
2026-03-04,Meta Ads,META_ADS_CMP_02,805.49,7638.75,32400.00,27750.00,4.24,3.63
2026-03-05,Meta Ads,META_ADS_CMP_02,913.17,7146.02,30675.00,26437.50,4.29,3.70
2026-03-06,Meta Ads,META_ADS_CMP_02,1442.77,7447.45,31575.00,27187.50,4.24,3.65
2026-03-07,Meta Ads,META_ADS_CMP_02,1413.12,7623.22,31575.00,26812.50,4.14,3.52
2026-03-08,Meta Ads,META_ADS_CMP_02,871.76,7202.28,30975.00,26625.00,4.30,3.70
2026-03-09,Meta Ads,META_ADS_CMP_02,1360,7622.83,31575.00,27000.00,4.14,3.54
2026-03-10,Meta Ads,META_ADS_CMP_02,870.96,7677.27,30525.00,26250.00,3.98,3.42
2026-03-11,Meta Ads,META_ADS_CMP_02,989.77,7861.55,31650.00,27187.50,4.03,3.46
2026-03-12,Meta Ads,META_ADS_CMP_02,950.08,7898.46,30225.00,26062.50,3.83,3.30
2026-03-13,Meta Ads,META_ADS_CMP_02,1004.67,7460.36,29100.00,25125.00,3.90,3.37
2026-03-14,Meta Ads,META_ADS_CMP_02,1074.91,7122.15,30975.00,27000.00,4.35,3.79
2026-03-15,Meta Ads,META_ADS_CMP_02,1088.37,7338.76,29625.00,25875.00,4.04,3.53
2026-03-16,Meta Ads,META_ADS_CMP_02,846.6,6825.36,28350.00,24750.00,4.15,3.63
2026-03-17,Meta Ads,META_ADS_CMP_02,1257.89,7212.29,31800.00,27375.00,4.41,3.80
2026-03-18,Meta Ads,META_ADS_CMP_02,1289.26,7511.78,29850.00,25687.50,3.97,3.42
2026-03-19,Meta Ads,META_ADS_CMP_02,1233.67,7795.37,34500.00,29625.00,4.43,3.80
2026-03-20,Meta Ads,META_ADS_CMP_02,918.81,7709.51,35925.00,30750.00,4.66,3.99
2026-03-21,Meta Ads,META_ADS_CMP_02,1371.88,8006.48,34050.00,29250.00,4.25,3.65
2026-03-22,Meta Ads,META_ADS_CMP_02,1141.48,8059.59,32625.00,27937.50,4.05,3.47
2026-03-23,Meta Ads,META_ADS_CMP_02,1199.61,8412.60,33150.00,28500.00,3.94,3.39
2026-03-24,Meta Ads,META_ADS_CMP_02,1126.41,8281.12,31650.00,27375.00,3.82,3.31
2026-03-25,Meta Ads,META_ADS_CMP_02,1071.13,8062.99,34050.00,29437.50,4.22,3.65
2026-03-26,Meta Ads,META_ADS_CMP_02,1151.06,7980.38,29925.00,25687.50,3.75,3.22
2026-03-27,Meta Ads,META_ADS_CMP_02,1452.09,8513.66,32100.00,27375.00,3.77,3.22
2026-03-28,Meta Ads,META_ADS_CMP_02,859.28,8001.06,29100.00,24562.50,3.64,3.07
2026-03-29,Meta Ads,META_ADS_CMP_02,1273.08,8132.66,30150.00,25500.00,3.71,3.14
2026-03-30,Meta Ads,META_ADS_CMP_02,990.4,7923.45,30600.00,25875.00,3.86,3.27
2026-03-31,Meta Ads,META_ADS_CMP_02,1093.74,7890.78,29925.00,25500.00,3.79,3.23
2026-01-01,Netflix Ads,NETFLIX_ADS_CMP_01,639.03,639.03,225.00,187.50,0.35,0.29
2026-01-02,Netflix Ads,NETFLIX_ADS_CMP_01,798.54,1437.57,525.00,375.00,0.37,0.26
2026-01-03,Netflix Ads,NETFLIX_ADS_CMP_01,1090.81,2528.38,675.00,562.50,0.27,0.22
2026-01-04,Netflix Ads,NETFLIX_ADS_CMP_01,1006.54,3534.92,1050.00,937.50,0.30,0.27
2026-01-05,Netflix Ads,NETFLIX_ADS_CMP_01,1027.31,4562.23,1200.00,1125.00,0.26,0.25
2026-01-06,Netflix Ads,NETFLIX_ADS_CMP_01,942.04,5504.27,1500.00,1312.50,0.27,0.24
2026-01-07,Netflix Ads,NETFLIX_ADS_CMP_01,973.73,6478.00,2625.00,2250.00,0.41,0.35
2026-01-08,Netflix Ads,NETFLIX_ADS_CMP_01,981.06,6820.03,2775.00,2437.50,0.41,0.36
2026-01-09,Netflix Ads,NETFLIX_ADS_CMP_01,823.21,6844.70,2925.00,2625.00,0.43,0.38
2026-01-10,Netflix Ads,NETFLIX_ADS_CMP_01,650.46,6404.35,3075.00,2625.00,0.48,0.41
2026-01-11,Netflix Ads,NETFLIX_ADS_CMP_01,1181.58,6579.39,3600.00,3000.00,0.55,0.46
2026-01-12,Netflix Ads,NETFLIX_ADS_CMP_01,1103,6655.08,3525.00,2812.50,0.53,0.42
2026-01-13,Netflix Ads,NETFLIX_ADS_CMP_01,1142.5,6855.54,3375.00,2812.50,0.49,0.41
2026-01-14,Netflix Ads,NETFLIX_ADS_CMP_01,636.65,6518.46,2550.00,2062.50,0.39,0.32
2026-01-15,Netflix Ads,NETFLIX_ADS_CMP_01,813.66,6351.06,2550.00,2062.50,0.40,0.32
2026-01-16,Netflix Ads,NETFLIX_ADS_CMP_01,638.02,6165.87,2400.00,1875.00,0.39,0.30
2026-01-17,Netflix Ads,NETFLIX_ADS_CMP_01,1143.88,6659.29,2550.00,2062.50,0.38,0.31
2026-01-18,Netflix Ads,NETFLIX_ADS_CMP_01,903.53,6381.24,2025.00,1687.50,0.32,0.26
2026-01-19,Netflix Ads,NETFLIX_ADS_CMP_01,1148.91,6427.15,2250.00,1875.00,0.35,0.29
2026-01-20,Netflix Ads,NETFLIX_ADS_CMP_01,738.64,6023.29,2400.00,1875.00,0.40,0.31
2026-01-21,Netflix Ads,NETFLIX_ADS_CMP_01,683.61,6070.25,2250.00,1875.00,0.37,0.31
2026-01-22,Netflix Ads,NETFLIX_ADS_CMP_01,1039.54,6296.13,2100.00,1687.50,0.33,0.27
2026-01-23,Netflix Ads,NETFLIX_ADS_CMP_01,1149.29,6807.40,2325.00,1875.00,0.34,0.28
2026-01-24,Netflix Ads,NETFLIX_ADS_CMP_01,743.27,6406.79,2025.00,1687.50,0.32,0.26
2026-01-25,Netflix Ads,NETFLIX_ADS_CMP_01,955.76,6459.02,2025.00,1687.50,0.31,0.26
2026-01-26,Netflix Ads,NETFLIX_ADS_CMP_01,1123.11,6433.22,2100.00,1875.00,0.33,0.29
2026-01-27,Netflix Ads,NETFLIX_ADS_CMP_01,613.27,6307.85,1875.00,1687.50,0.30,0.27
2026-01-28,Netflix Ads,NETFLIX_ADS_CMP_01,1152.51,6776.75,2475.00,2062.50,0.37,0.30
2026-01-29,Netflix Ads,NETFLIX_ADS_CMP_01,1080.35,6817.56,2625.00,2250.00,0.39,0.33
2026-01-30,Netflix Ads,NETFLIX_ADS_CMP_01,643.32,6311.59,2475.00,2250.00,0.39,0.36
2026-01-31,Netflix Ads,NETFLIX_ADS_CMP_01,698.11,6266.43,2700.00,2437.50,0.43,0.39
2026-02-01,Netflix Ads,NETFLIX_ADS_CMP_01,624.94,5935.61,2700.00,2437.50,0.45,0.41
2026-02-02,Netflix Ads,NETFLIX_ADS_CMP_01,940.21,5752.71,2850.00,2437.50,0.50,0.42
2026-02-03,Netflix Ads,NETFLIX_ADS_CMP_01,1087.79,6227.23,3300.00,2812.50,0.53,0.45
2026-02-04,Netflix Ads,NETFLIX_ADS_CMP_01,966.59,6041.31,3000.00,2625.00,0.50,0.43
2026-02-05,Netflix Ads,NETFLIX_ADS_CMP_01,651.39,5612.35,2775.00,2437.50,0.49,0.43
2026-02-06,Netflix Ads,NETFLIX_ADS_CMP_01,653.47,5622.50,2700.00,2250.00,0.48,0.40
2026-02-07,Netflix Ads,NETFLIX_ADS_CMP_01,704.9,5629.29,2400.00,1875.00,0.43,0.33
2026-02-08,Netflix Ads,NETFLIX_ADS_CMP_01,1096.52,6100.87,2700.00,2250.00,0.44,0.37
2026-02-09,Netflix Ads,NETFLIX_ADS_CMP_01,690.1,5850.76,2625.00,2250.00,0.45,0.38
2026-02-10,Netflix Ads,NETFLIX_ADS_CMP_01,949.45,5712.42,2625.00,2250.00,0.46,0.39
2026-02-11,Netflix Ads,NETFLIX_ADS_CMP_01,954.21,5700.04,2325.00,2062.50,0.41,0.36
2026-02-12,Netflix Ads,NETFLIX_ADS_CMP_01,834.92,5883.57,2550.00,2250.00,0.43,0.38
2026-02-13,Netflix Ads,NETFLIX_ADS_CMP_01,671,5901.10,2625.00,2437.50,0.44,0.41
2026-02-14,Netflix Ads,NETFLIX_ADS_CMP_01,1143.75,6339.95,2850.00,2625.00,0.45,0.41
2026-02-15,Netflix Ads,NETFLIX_ADS_CMP_01,1116.08,6359.51,2625.00,2250.00,0.41,0.35
2026-02-16,Netflix Ads,NETFLIX_ADS_CMP_01,663.28,6332.69,2625.00,2250.00,0.41,0.36
2026-02-17,Netflix Ads,NETFLIX_ADS_CMP_01,697.34,6080.58,2400.00,2062.50,0.39,0.34
2026-02-18,Netflix Ads,NETFLIX_ADS_CMP_01,1011.8,6138.17,2700.00,2250.00,0.44,0.37
2026-02-19,Netflix Ads,NETFLIX_ADS_CMP_01,1036,6339.25,2775.00,2250.00,0.44,0.35
2026-02-20,Netflix Ads,NETFLIX_ADS_CMP_01,1064.33,6732.58,3000.00,2625.00,0.45,0.39
2026-02-21,Netflix Ads,NETFLIX_ADS_CMP_01,907.6,6496.43,3075.00,2812.50,0.47,0.43
2026-02-22,Netflix Ads,NETFLIX_ADS_CMP_01,967.54,6347.89,3150.00,2812.50,0.50,0.44
2026-02-23,Netflix Ads,NETFLIX_ADS_CMP_01,858.32,6542.93,2925.00,2625.00,0.45,0.40
2026-02-24,Netflix Ads,NETFLIX_ADS_CMP_01,924.84,6770.43,2925.00,2625.00,0.43,0.39
2026-02-25,Netflix Ads,NETFLIX_ADS_CMP_01,1166.43,6925.06,2775.00,2437.50,0.40,0.35
2026-02-26,Netflix Ads,NETFLIX_ADS_CMP_01,726.42,6615.48,2700.00,2437.50,0.41,0.37
2026-02-27,Netflix Ads,NETFLIX_ADS_CMP_01,843.06,6394.21,2550.00,2062.50,0.40,0.32
2026-02-28,Netflix Ads,NETFLIX_ADS_CMP_01,816.14,6302.75,2550.00,2062.50,0.40,0.33
2026-03-01,Netflix Ads,NETFLIX_ADS_CMP_01,727.2,6062.41,2475.00,2062.50,0.41,0.34
2026-03-02,Netflix Ads,NETFLIX_ADS_CMP_01,912.78,6116.87,2625.00,2250.00,0.43,0.37
2026-03-03,Netflix Ads,NETFLIX_ADS_CMP_01,946.98,6139.01,2700.00,2437.50,0.44,0.40
2026-03-04,Netflix Ads,NETFLIX_ADS_CMP_01,1170.86,6143.44,2925.00,2625.00,0.48,0.43
2026-03-05,Netflix Ads,NETFLIX_ADS_CMP_01,1195.95,6612.97,2700.00,2437.50,0.41,0.37
2026-03-06,Netflix Ads,NETFLIX_ADS_CMP_01,954.68,6724.59,2550.00,2250.00,0.38,0.33
2026-03-07,Netflix Ads,NETFLIX_ADS_CMP_01,822.56,6731.01,2325.00,2062.50,0.35,0.31
2026-03-08,Netflix Ads,NETFLIX_ADS_CMP_01,828.31,6832.12,2250.00,2062.50,0.33,0.30
2026-03-09,Netflix Ads,NETFLIX_ADS_CMP_01,641.01,6560.35,2175.00,1875.00,0.33,0.29
2026-03-10,Netflix Ads,NETFLIX_ADS_CMP_01,645.35,6258.72,2025.00,1687.50,0.32,0.27
2026-03-11,Netflix Ads,NETFLIX_ADS_CMP_01,1148.73,6236.59,1800.00,1500.00,0.29,0.24
2026-03-12,Netflix Ads,NETFLIX_ADS_CMP_01,761.31,5801.95,2025.00,1687.50,0.35,0.29
2026-03-13,Netflix Ads,NETFLIX_ADS_CMP_01,909,5756.27,1875.00,1687.50,0.33,0.29
2026-03-14,Netflix Ads,NETFLIX_ADS_CMP_01,911.53,5845.24,1950.00,1687.50,0.33,0.29
2026-03-15,Netflix Ads,NETFLIX_ADS_CMP_01,1106,6122.93,1725.00,1500.00,0.28,0.24
2026-03-16,Netflix Ads,NETFLIX_ADS_CMP_01,1069.18,6551.10,2025.00,2062.50,0.31,0.31
2026-03-17,Netflix Ads,NETFLIX_ADS_CMP_01,1163.44,7069.19,2250.00,2250.00,0.32,0.32
2026-03-18,Netflix Ads,NETFLIX_ADS_CMP_01,744.9,6665.36,2175.00,2250.00,0.33,0.34
2026-03-19,Netflix Ads,NETFLIX_ADS_CMP_01,1165.02,7069.07,2100.00,2062.50,0.30,0.29
2026-03-20,Netflix Ads,NETFLIX_ADS_CMP_01,717.99,6878.06,2325.00,2250.00,0.34,0.33
2026-03-21,Netflix Ads,NETFLIX_ADS_CMP_01,688.15,6654.68,2475.00,2437.50,0.37,0.37
2026-03-22,Netflix Ads,NETFLIX_ADS_CMP_01,844.08,6392.76,2400.00,2250.00,0.38,0.35
2026-03-23,Netflix Ads,NETFLIX_ADS_CMP_01,600.39,5923.97,2100.00,1687.50,0.35,0.28
2026-03-24,Netflix Ads,NETFLIX_ADS_CMP_01,742.49,5503.02,1950.00,1500.00,0.35,0.27
2026-03-25,Netflix Ads,NETFLIX_ADS_CMP_01,803.98,5562.10,2025.00,1500.00,0.36,0.27
2026-03-26,Netflix Ads,NETFLIX_ADS_CMP_01,671.93,5069.01,2175.00,1687.50,0.43,0.33
2026-03-27,Netflix Ads,NETFLIX_ADS_CMP_01,1015.21,5366.23,2100.00,1500.00,0.39,0.28
2026-03-28,Netflix Ads,NETFLIX_ADS_CMP_01,967.68,5645.76,2250.00,1500.00,0.40,0.27
2026-03-29,Netflix Ads,NETFLIX_ADS_CMP_01,687.86,5489.54,2625.00,1875.00,0.48,0.34
2026-03-30,Netflix Ads,NETFLIX_ADS_CMP_01,1054.37,5943.52,2700.00,2062.50,0.45,0.35
2026-03-31,Netflix Ads,NETFLIX_ADS_CMP_01,1090.38,6291.41,2550.00,2062.50,0.41,0.33
2026-01-01,Netflix Ads,NETFLIX_ADS_CMP_02,864.09,864.09,225.00,187.50,0.26,0.22
2026-01-02,Netflix Ads,NETFLIX_ADS_CMP_02,982.53,1846.62,750.00,562.50,0.41,0.30
2026-01-03,Netflix Ads,NETFLIX_ADS_CMP_02,802.57,2649.19,1125.00,937.50,0.42,0.35
2026-01-04,Netflix Ads,NETFLIX_ADS_CMP_02,704.62,3353.81,1500.00,1312.50,0.45,0.39
2026-01-05,Netflix Ads,NETFLIX_ADS_CMP_02,1109.53,4463.34,2400.00,2062.50,0.54,0.46
2026-01-06,Netflix Ads,NETFLIX_ADS_CMP_02,911,5374.34,2925.00,2437.50,0.54,0.45
2026-01-07,Netflix Ads,NETFLIX_ADS_CMP_02,1185.51,6559.85,3225.00,2625.00,0.49,0.40
2026-01-08,Netflix Ads,NETFLIX_ADS_CMP_02,1113.89,6809.65,3450.00,2812.50,0.51,0.41
2026-01-09,Netflix Ads,NETFLIX_ADS_CMP_02,857.4,6684.52,3450.00,2812.50,0.52,0.42
2026-01-10,Netflix Ads,NETFLIX_ADS_CMP_02,648.81,6530.76,3150.00,2437.50,0.48,0.37
2026-01-11,Netflix Ads,NETFLIX_ADS_CMP_02,976.53,6802.67,3300.00,2437.50,0.49,0.36
2026-01-12,Netflix Ads,NETFLIX_ADS_CMP_02,1118.83,6811.97,2850.00,2062.50,0.42,0.30
2026-01-13,Netflix Ads,NETFLIX_ADS_CMP_02,973.25,6874.22,2625.00,1875.00,0.38,0.27
2026-01-14,Netflix Ads,NETFLIX_ADS_CMP_02,725.61,6414.32,2400.00,1687.50,0.37,0.26
2026-01-15,Netflix Ads,NETFLIX_ADS_CMP_02,691.72,5992.15,2100.00,1500.00,0.35,0.25
2026-01-16,Netflix Ads,NETFLIX_ADS_CMP_02,957.38,6092.13,1650.00,1125.00,0.27,0.18
2026-01-17,Netflix Ads,NETFLIX_ADS_CMP_02,800.94,6244.26,1950.00,1500.00,0.31,0.24
2026-01-18,Netflix Ads,NETFLIX_ADS_CMP_02,939.08,6206.81,1875.00,1500.00,0.30,0.24
2026-01-19,Netflix Ads,NETFLIX_ADS_CMP_02,998.12,6086.10,1650.00,1312.50,0.27,0.22
2026-01-20,Netflix Ads,NETFLIX_ADS_CMP_02,742.91,5855.76,1650.00,1312.50,0.28,0.22
2026-01-21,Netflix Ads,NETFLIX_ADS_CMP_02,1148.58,6278.73,1950.00,1687.50,0.31,0.27
2026-01-22,Netflix Ads,NETFLIX_ADS_CMP_02,958.11,6545.12,2250.00,1875.00,0.34,0.29
2026-01-23,Netflix Ads,NETFLIX_ADS_CMP_02,884.53,6472.27,2550.00,2250.00,0.39,0.35
2026-01-24,Netflix Ads,NETFLIX_ADS_CMP_02,740.16,6411.49,2550.00,2250.00,0.40,0.35
2026-01-25,Netflix Ads,NETFLIX_ADS_CMP_02,677.71,6150.12,2475.00,2250.00,0.40,0.37
2026-01-26,Netflix Ads,NETFLIX_ADS_CMP_02,1090.78,6242.78,2925.00,2625.00,0.47,0.42
2026-01-27,Netflix Ads,NETFLIX_ADS_CMP_02,867.54,6367.41,2700.00,2437.50,0.42,0.38
2026-01-28,Netflix Ads,NETFLIX_ADS_CMP_02,675.11,5893.94,2700.00,2437.50,0.46,0.41
2026-01-29,Netflix Ads,NETFLIX_ADS_CMP_02,1023.89,5959.72,2625.00,2437.50,0.44,0.41
2026-01-30,Netflix Ads,NETFLIX_ADS_CMP_02,855.3,5930.49,2325.00,2062.50,0.39,0.35
2026-01-31,Netflix Ads,NETFLIX_ADS_CMP_02,795.11,5985.44,2325.00,2062.50,0.39,0.34
2026-02-01,Netflix Ads,NETFLIX_ADS_CMP_02,909.36,6217.09,2475.00,2062.50,0.40,0.33
2026-02-02,Netflix Ads,NETFLIX_ADS_CMP_02,1000.56,6126.87,2475.00,2250.00,0.40,0.37
2026-02-03,Netflix Ads,NETFLIX_ADS_CMP_02,1160.66,6419.99,2775.00,2625.00,0.43,0.41
2026-02-04,Netflix Ads,NETFLIX_ADS_CMP_02,742.12,6487.00,2775.00,2625.00,0.43,0.40
2026-02-05,Netflix Ads,NETFLIX_ADS_CMP_02,911.44,6374.55,2550.00,2437.50,0.40,0.38
2026-02-06,Netflix Ads,NETFLIX_ADS_CMP_02,1025.25,6544.50,2625.00,2625.00,0.40,0.40
2026-02-07,Netflix Ads,NETFLIX_ADS_CMP_02,640.9,6390.29,2625.00,2625.00,0.41,0.41
2026-02-08,Netflix Ads,NETFLIX_ADS_CMP_02,888.81,6369.74,2475.00,2625.00,0.39,0.41
2026-02-09,Netflix Ads,NETFLIX_ADS_CMP_02,650.88,6020.06,2025.00,2062.50,0.34,0.34
2026-02-10,Netflix Ads,NETFLIX_ADS_CMP_02,802.96,5662.36,1725.00,1687.50,0.30,0.30
2026-02-11,Netflix Ads,NETFLIX_ADS_CMP_02,1123.99,6044.23,2100.00,2250.00,0.35,0.37
2026-02-12,Netflix Ads,NETFLIX_ADS_CMP_02,813.3,5946.09,2475.00,2437.50,0.42,0.41
2026-02-13,Netflix Ads,NETFLIX_ADS_CMP_02,952.66,5873.50,2625.00,2437.50,0.45,0.41
2026-02-14,Netflix Ads,NETFLIX_ADS_CMP_02,1066.03,6298.63,2625.00,2437.50,0.42,0.39
2026-02-15,Netflix Ads,NETFLIX_ADS_CMP_02,649.04,6058.86,2250.00,2062.50,0.37,0.34
2026-02-16,Netflix Ads,NETFLIX_ADS_CMP_02,1178.69,6586.67,2325.00,2062.50,0.35,0.31
2026-02-17,Netflix Ads,NETFLIX_ADS_CMP_02,1134.15,6917.86,2700.00,2437.50,0.39,0.35
2026-02-18,Netflix Ads,NETFLIX_ADS_CMP_02,985.73,6779.60,2625.00,2250.00,0.39,0.33
2026-02-19,Netflix Ads,NETFLIX_ADS_CMP_02,667.55,6633.85,2625.00,2250.00,0.40,0.34
2026-02-20,Netflix Ads,NETFLIX_ADS_CMP_02,978.78,6659.97,3000.00,2812.50,0.45,0.42
2026-02-21,Netflix Ads,NETFLIX_ADS_CMP_02,970.24,6564.18,2925.00,2625.00,0.45,0.40
2026-02-22,Netflix Ads,NETFLIX_ADS_CMP_02,639.87,6555.01,3075.00,2812.50,0.47,0.43
2026-02-23,Netflix Ads,NETFLIX_ADS_CMP_02,982.14,6358.46,3150.00,3000.00,0.50,0.47
2026-02-24,Netflix Ads,NETFLIX_ADS_CMP_02,1100.19,6324.50,2850.00,2812.50,0.45,0.44
2026-02-25,Netflix Ads,NETFLIX_ADS_CMP_02,1118.13,6456.90,2550.00,2437.50,0.39,0.38
2026-02-26,Netflix Ads,NETFLIX_ADS_CMP_02,1100.49,6889.84,2475.00,2437.50,0.36,0.35
2026-02-27,Netflix Ads,NETFLIX_ADS_CMP_02,984.29,6895.35,2250.00,2062.50,0.33,0.30
2026-02-28,Netflix Ads,NETFLIX_ADS_CMP_02,1135.12,7060.23,2475.00,2250.00,0.35,0.32
2026-03-01,Netflix Ads,NETFLIX_ADS_CMP_02,1006.69,7427.05,2700.00,2437.50,0.36,0.33
2026-03-02,Netflix Ads,NETFLIX_ADS_CMP_02,775.99,7220.90,2850.00,2437.50,0.39,0.34
2026-03-03,Netflix Ads,NETFLIX_ADS_CMP_02,1004.48,7125.19,2850.00,2437.50,0.40,0.34
2026-03-04,Netflix Ads,NETFLIX_ADS_CMP_02,956.14,6963.20,2850.00,2437.50,0.41,0.35
2026-03-05,Netflix Ads,NETFLIX_ADS_CMP_02,1170.56,7033.27,2775.00,2437.50,0.39,0.35
2026-03-06,Netflix Ads,NETFLIX_ADS_CMP_02,642.69,6691.67,2400.00,2062.50,0.36,0.31
2026-03-07,Netflix Ads,NETFLIX_ADS_CMP_02,926.7,6483.25,2250.00,2062.50,0.35,0.32
2026-03-08,Netflix Ads,NETFLIX_ADS_CMP_02,615.12,6091.68,2025.00,1875.00,0.33,0.31
2026-03-09,Netflix Ads,NETFLIX_ADS_CMP_02,799.47,6115.16,1800.00,1687.50,0.29,0.28
2026-03-10,Netflix Ads,NETFLIX_ADS_CMP_02,974.19,6084.87,2025.00,1875.00,0.33,0.31
2026-03-11,Netflix Ads,NETFLIX_ADS_CMP_02,605.43,5734.16,2175.00,1875.00,0.38,0.33
2026-03-12,Netflix Ads,NETFLIX_ADS_CMP_02,872.61,5436.21,2100.00,1687.50,0.39,0.31
2026-03-13,Netflix Ads,NETFLIX_ADS_CMP_02,1073.58,5867.10,2475.00,2062.50,0.42,0.35
2026-03-14,Netflix Ads,NETFLIX_ADS_CMP_02,740.52,5680.92,2850.00,2437.50,0.50,0.43
2026-03-15,Netflix Ads,NETFLIX_ADS_CMP_02,710.07,5775.87,3000.00,2437.50,0.52,0.42
2026-03-16,Netflix Ads,NETFLIX_ADS_CMP_02,1002.69,5979.09,3375.00,3000.00,0.56,0.50
2026-03-17,Netflix Ads,NETFLIX_ADS_CMP_02,1016.78,6021.68,3300.00,2812.50,0.55,0.47
2026-03-18,Netflix Ads,NETFLIX_ADS_CMP_02,816.26,6232.51,3300.00,2812.50,0.53,0.45
2026-03-19,Netflix Ads,NETFLIX_ADS_CMP_02,989.18,6349.08,3300.00,2812.50,0.52,0.44
2026-03-20,Netflix Ads,NETFLIX_ADS_CMP_02,618.02,5893.52,3225.00,2812.50,0.55,0.48
2026-03-21,Netflix Ads,NETFLIX_ADS_CMP_02,890.72,6043.72,2625.00,2250.00,0.43,0.37
2026-03-22,Netflix Ads,NETFLIX_ADS_CMP_02,717.85,6051.50,3075.00,2812.50,0.51,0.46
2026-03-23,Netflix Ads,NETFLIX_ADS_CMP_02,691.23,5740.04,2475.00,2062.50,0.43,0.36
2026-03-24,Netflix Ads,NETFLIX_ADS_CMP_02,827.85,5551.11,2625.00,2250.00,0.47,0.41
2026-03-25,Netflix Ads,NETFLIX_ADS_CMP_02,1100.74,5835.59,2625.00,2250.00,0.45,0.39
2026-03-26,Netflix Ads,NETFLIX_ADS_CMP_02,779.97,5626.38,2700.00,2437.50,0.48,0.43
2026-03-27,Netflix Ads,NETFLIX_ADS_CMP_02,946.58,5954.94,2775.00,2437.50,0.47,0.41
2026-03-28,Netflix Ads,NETFLIX_ADS_CMP_02,930.4,5994.62,3075.00,2625.00,0.51,0.44
2026-03-29,Netflix Ads,NETFLIX_ADS_CMP_02,827.42,6104.19,2700.00,2250.00,0.44,0.37
2026-03-30,Netflix Ads,NETFLIX_ADS_CMP_02,961.47,6374.43,2850.00,2437.50,0.45,0.38
2026-03-31,Netflix Ads,NETFLIX_ADS_CMP_02,726.68,6273.26,2475.00,2062.50,0.39,0.33
2026-01-01,TikTok Ads,TIKTOK_ADS_CMP_01,546.07,546.07,600.00,375.00,1.10,0.69
2026-01-02,TikTok Ads,TIKTOK_ADS_CMP_01,437.28,983.35,2325.00,1500.00,2.36,1.53
2026-01-03,TikTok Ads,TIKTOK_ADS_CMP_01,716.7,1700.05,4500.00,3000.00,2.65,1.76
2026-01-04,TikTok Ads,TIKTOK_ADS_CMP_01,583.89,2283.94,7275.00,4875.00,3.19,2.13
2026-01-05,TikTok Ads,TIKTOK_ADS_CMP_01,480.81,2764.75,8850.00,6000.00,3.20,2.17
2026-01-06,TikTok Ads,TIKTOK_ADS_CMP_01,614.09,3378.84,10725.00,7312.50,3.17,2.16
2026-01-07,TikTok Ads,TIKTOK_ADS_CMP_01,543.27,3922.11,12075.00,8250.00,3.08,2.10
2026-01-08,TikTok Ads,TIKTOK_ADS_CMP_01,423,3799.04,13050.00,9000.00,3.44,2.37
2026-01-09,TikTok Ads,TIKTOK_ADS_CMP_01,714.47,4076.23,13800.00,9562.50,3.39,2.35
2026-01-10,TikTok Ads,TIKTOK_ADS_CMP_01,428.78,3788.31,12675.00,8812.50,3.35,2.33
2026-01-11,TikTok Ads,TIKTOK_ADS_CMP_01,542.86,3747.28,11550.00,8062.50,3.08,2.15
2026-01-12,TikTok Ads,TIKTOK_ADS_CMP_01,422.61,3689.08,11100.00,7687.50,3.01,2.08
2026-01-13,TikTok Ads,TIKTOK_ADS_CMP_01,467.01,3542.00,11175.00,7687.50,3.15,2.17
2026-01-14,TikTok Ads,TIKTOK_ADS_CMP_01,460.32,3459.05,10725.00,7312.50,3.10,2.11
2026-01-15,TikTok Ads,TIKTOK_ADS_CMP_01,443.46,3479.51,11550.00,7687.50,3.32,2.21
2026-01-16,TikTok Ads,TIKTOK_ADS_CMP_01,457.42,3222.46,10200.00,6750.00,3.17,2.09
2026-01-17,TikTok Ads,TIKTOK_ADS_CMP_01,619.57,3413.25,9825.00,6375.00,2.88,1.87
2026-01-18,TikTok Ads,TIKTOK_ADS_CMP_01,525.9,3396.29,9225.00,6000.00,2.72,1.77
2026-01-19,TikTok Ads,TIKTOK_ADS_CMP_01,573.17,3546.85,9675.00,6375.00,2.73,1.80
2026-01-20,TikTok Ads,TIKTOK_ADS_CMP_01,586.65,3666.49,8925.00,5812.50,2.43,1.59
2026-01-21,TikTok Ads,TIKTOK_ADS_CMP_01,547.23,3753.40,9825.00,6375.00,2.62,1.70
2026-01-22,TikTok Ads,TIKTOK_ADS_CMP_01,522.67,3832.61,8175.00,5437.50,2.13,1.42
2026-01-23,TikTok Ads,TIKTOK_ADS_CMP_01,524.83,3900.02,8100.00,5437.50,2.08,1.39
2026-01-24,TikTok Ads,TIKTOK_ADS_CMP_01,898.97,4179.42,9975.00,6750.00,2.39,1.62
2026-01-25,TikTok Ads,TIKTOK_ADS_CMP_01,428.92,4082.44,9750.00,6562.50,2.39,1.61
2026-01-26,TikTok Ads,TIKTOK_ADS_CMP_01,825.29,4334.56,11175.00,7312.50,2.58,1.69
2026-01-27,TikTok Ads,TIKTOK_ADS_CMP_01,433.68,4181.59,10950.00,7312.50,2.62,1.75
2026-01-28,TikTok Ads,TIKTOK_ADS_CMP_01,884.1,4518.46,11625.00,7875.00,2.57,1.74
2026-01-29,TikTok Ads,TIKTOK_ADS_CMP_01,679.82,4675.61,12375.00,8437.50,2.65,1.80
2026-01-30,TikTok Ads,TIKTOK_ADS_CMP_01,491.06,4641.84,13350.00,9000.00,2.88,1.94
2026-01-31,TikTok Ads,TIKTOK_ADS_CMP_01,885.7,4628.57,13200.00,9375.00,2.85,2.03
2026-02-01,TikTok Ads,TIKTOK_ADS_CMP_01,534.87,4734.52,13650.00,9750.00,2.88,2.06
2026-02-02,TikTok Ads,TIKTOK_ADS_CMP_01,596.93,4506.16,12225.00,9187.50,2.71,2.04
2026-02-03,TikTok Ads,TIKTOK_ADS_CMP_01,659.54,4732.02,12900.00,9750.00,2.73,2.06
2026-02-04,TikTok Ads,TIKTOK_ADS_CMP_01,803,4650.92,12450.00,9562.50,2.68,2.06
2026-02-05,TikTok Ads,TIKTOK_ADS_CMP_01,747.57,4718.67,11775.00,9187.50,2.50,1.95
2026-02-06,TikTok Ads,TIKTOK_ADS_CMP_01,863.59,5091.20,11025.00,9000.00,2.17,1.77
2026-02-07,TikTok Ads,TIKTOK_ADS_CMP_01,486.76,4692.26,10125.00,8062.50,2.16,1.72
2026-02-08,TikTok Ads,TIKTOK_ADS_CMP_01,654.71,4812.10,10425.00,8437.50,2.17,1.75
2026-02-09,TikTok Ads,TIKTOK_ADS_CMP_01,527.34,4742.51,10650.00,8437.50,2.25,1.78
2026-02-10,TikTok Ads,TIKTOK_ADS_CMP_01,502.84,4585.81,10125.00,8062.50,2.21,1.76
2026-02-11,TikTok Ads,TIKTOK_ADS_CMP_01,892.33,4675.14,10500.00,8437.50,2.25,1.80
2026-02-12,TikTok Ads,TIKTOK_ADS_CMP_01,563.47,4491.04,10800.00,8625.00,2.40,1.92
2026-02-13,TikTok Ads,TIKTOK_ADS_CMP_01,444.3,4071.75,10425.00,8250.00,2.56,2.03
2026-02-14,TikTok Ads,TIKTOK_ADS_CMP_01,782.76,4367.75,10500.00,8437.50,2.40,1.93
2026-02-15,TikTok Ads,TIKTOK_ADS_CMP_01,704.26,4417.30,10425.00,8437.50,2.36,1.91
2026-02-16,TikTok Ads,TIKTOK_ADS_CMP_01,839.79,4729.75,11025.00,9187.50,2.33,1.94
2026-02-17,TikTok Ads,TIKTOK_ADS_CMP_01,441.73,4668.64,11250.00,9375.00,2.41,2.01
2026-02-18,TikTok Ads,TIKTOK_ADS_CMP_01,725.57,4501.88,10800.00,9000.00,2.40,2.00
2026-02-19,TikTok Ads,TIKTOK_ADS_CMP_01,611.27,4549.68,11475.00,9375.00,2.52,2.06
2026-02-20,TikTok Ads,TIKTOK_ADS_CMP_01,699.49,4804.87,12975.00,10500.00,2.70,2.19
2026-02-21,TikTok Ads,TIKTOK_ADS_CMP_01,503.5,4525.61,12675.00,10312.50,2.80,2.28
2026-02-22,TikTok Ads,TIKTOK_ADS_CMP_01,775.59,4596.94,13425.00,10875.00,2.92,2.37
2026-02-23,TikTok Ads,TIKTOK_ADS_CMP_01,858.32,4615.47,12225.00,9750.00,2.65,2.11
2026-02-24,TikTok Ads,TIKTOK_ADS_CMP_01,458.07,4631.81,12225.00,9750.00,2.64,2.11
2026-02-25,TikTok Ads,TIKTOK_ADS_CMP_01,513.87,4420.11,12450.00,10125.00,2.82,2.29
2026-02-26,TikTok Ads,TIKTOK_ADS_CMP_01,409.56,4218.40,12150.00,9937.50,2.88,2.36
2026-02-27,TikTok Ads,TIKTOK_ADS_CMP_01,797.26,4316.17,11850.00,9937.50,2.75,2.30
2026-02-28,TikTok Ads,TIKTOK_ADS_CMP_01,714.78,4527.45,12300.00,10125.00,2.72,2.24
2026-03-01,TikTok Ads,TIKTOK_ADS_CMP_01,616.36,4368.22,11175.00,9187.50,2.56,2.10
2026-03-02,TikTok Ads,TIKTOK_ADS_CMP_01,665.47,4175.37,11775.00,9562.50,2.82,2.29
2026-03-03,TikTok Ads,TIKTOK_ADS_CMP_01,871.36,4588.66,12975.00,10687.50,2.83,2.33
2026-03-04,TikTok Ads,TIKTOK_ADS_CMP_01,421.95,4496.74,11550.00,9562.50,2.57,2.13
2026-03-05,TikTok Ads,TIKTOK_ADS_CMP_01,764.43,4851.61,11550.00,9750.00,2.38,2.01
2026-03-06,TikTok Ads,TIKTOK_ADS_CMP_01,541.25,4595.60,11175.00,9187.50,2.43,2.00
2026-03-07,TikTok Ads,TIKTOK_ADS_CMP_01,764.67,4645.49,12750.00,10500.00,2.74,2.26
2026-03-08,TikTok Ads,TIKTOK_ADS_CMP_01,497.62,4526.75,12300.00,9937.50,2.72,2.20
2026-03-09,TikTok Ads,TIKTOK_ADS_CMP_01,853.04,4714.32,12450.00,10125.00,2.64,2.15
2026-03-10,TikTok Ads,TIKTOK_ADS_CMP_01,598.81,4441.77,11025.00,8812.50,2.48,1.98
2026-03-11,TikTok Ads,TIKTOK_ADS_CMP_01,625.13,4644.95,12225.00,9562.50,2.63,2.06
2026-03-12,TikTok Ads,TIKTOK_ADS_CMP_01,500.14,4380.66,12900.00,10125.00,2.94,2.31
2026-03-13,TikTok Ads,TIKTOK_ADS_CMP_01,435.25,4274.66,12225.00,9750.00,2.86,2.28
2026-03-14,TikTok Ads,TIKTOK_ADS_CMP_01,514.8,4024.79,10950.00,9000.00,2.72,2.24
2026-03-15,TikTok Ads,TIKTOK_ADS_CMP_01,609.64,4136.81,11625.00,9750.00,2.81,2.36
2026-03-16,TikTok Ads,TIKTOK_ADS_CMP_01,754.38,4038.15,12600.00,10687.50,3.12,2.65
2026-03-17,TikTok Ads,TIKTOK_ADS_CMP_01,493.96,3933.30,12675.00,10687.50,3.22,2.72
2026-03-18,TikTok Ads,TIKTOK_ADS_CMP_01,850.48,4158.65,13200.00,11250.00,3.17,2.71
2026-03-19,TikTok Ads,TIKTOK_ADS_CMP_01,890.56,4549.07,14550.00,12000.00,3.20,2.64
2026-03-20,TikTok Ads,TIKTOK_ADS_CMP_01,577.46,4691.28,14850.00,12187.50,3.17,2.60
2026-03-21,TikTok Ads,TIKTOK_ADS_CMP_01,563.13,4739.61,13800.00,11250.00,2.91,2.37
2026-03-22,TikTok Ads,TIKTOK_ADS_CMP_01,820.05,4950.02,14025.00,11437.50,2.83,2.31
2026-03-23,TikTok Ads,TIKTOK_ADS_CMP_01,678.39,4874.03,13275.00,10875.00,2.72,2.23
2026-03-24,TikTok Ads,TIKTOK_ADS_CMP_01,654.93,5035.00,13575.00,11250.00,2.70,2.23
2026-03-25,TikTok Ads,TIKTOK_ADS_CMP_01,769.53,4954.05,12525.00,10312.50,2.53,2.08
2026-03-26,TikTok Ads,TIKTOK_ADS_CMP_01,847.78,4911.27,11625.00,9750.00,2.37,1.99
2026-03-27,TikTok Ads,TIKTOK_ADS_CMP_01,666.15,4999.96,11625.00,9750.00,2.33,1.95
2026-03-28,TikTok Ads,TIKTOK_ADS_CMP_01,637.8,5074.63,11850.00,9750.00,2.34,1.92
2026-03-29,TikTok Ads,TIKTOK_ADS_CMP_01,843.09,5097.67,14250.00,11625.00,2.80,2.28
2026-03-30,TikTok Ads,TIKTOK_ADS_CMP_01,869.26,5288.54,13875.00,11250.00,2.62,2.13
2026-03-31,TikTok Ads,TIKTOK_ADS_CMP_01,535.75,5169.36,14025.00,11250.00,2.71,2.18
2026-01-01,TikTok Ads,TIKTOK_ADS_CMP_02,657.12,657.12,1650.00,1125.00,2.51,1.71
2026-01-02,TikTok Ads,TIKTOK_ADS_CMP_02,437.02,1094.14,2550.00,1687.50,2.33,1.54
2026-01-03,TikTok Ads,TIKTOK_ADS_CMP_02,669.67,1763.81,3975.00,2625.00,2.25,1.49
2026-01-04,TikTok Ads,TIKTOK_ADS_CMP_02,817.65,2581.46,5475.00,3750.00,2.12,1.45
2026-01-05,TikTok Ads,TIKTOK_ADS_CMP_02,731.75,3313.21,8625.00,5812.50,2.60,1.75
2026-01-06,TikTok Ads,TIKTOK_ADS_CMP_02,558.46,3871.67,9750.00,6562.50,2.52,1.70
2026-01-07,TikTok Ads,TIKTOK_ADS_CMP_02,580.1,4451.77,11025.00,7312.50,2.48,1.64
2026-01-08,TikTok Ads,TIKTOK_ADS_CMP_02,636.74,4431.39,10500.00,6937.50,2.37,1.57
2026-01-09,TikTok Ads,TIKTOK_ADS_CMP_02,488.72,4483.09,11475.00,7500.00,2.56,1.67
2026-01-10,TikTok Ads,TIKTOK_ADS_CMP_02,458.53,4271.95,11250.00,7312.50,2.63,1.71
2026-01-11,TikTok Ads,TIKTOK_ADS_CMP_02,884.94,4339.24,12150.00,7875.00,2.80,1.81
2026-01-12,TikTok Ads,TIKTOK_ADS_CMP_02,475.21,4082.70,10125.00,6562.50,2.48,1.61
2026-01-13,TikTok Ads,TIKTOK_ADS_CMP_02,407.27,3931.51,9750.00,6375.00,2.48,1.62
2026-01-14,TikTok Ads,TIKTOK_ADS_CMP_02,745.2,4096.61,10425.00,6937.50,2.54,1.69
2026-01-15,TikTok Ads,TIKTOK_ADS_CMP_02,463.79,3923.66,9975.00,6562.50,2.54,1.67
2026-01-16,TikTok Ads,TIKTOK_ADS_CMP_02,640.57,4075.51,9600.00,6562.50,2.36,1.61
2026-01-17,TikTok Ads,TIKTOK_ADS_CMP_02,651.36,4268.34,10125.00,6937.50,2.37,1.63
2026-01-18,TikTok Ads,TIKTOK_ADS_CMP_02,600.43,3983.83,9525.00,6562.50,2.39,1.65
2026-01-19,TikTok Ads,TIKTOK_ADS_CMP_02,626.22,4134.84,9975.00,6937.50,2.41,1.68
2026-01-20,TikTok Ads,TIKTOK_ADS_CMP_02,478.08,4205.65,11250.00,7875.00,2.67,1.87
2026-01-21,TikTok Ads,TIKTOK_ADS_CMP_02,411.23,3871.68,9975.00,6937.50,2.58,1.79
2026-01-22,TikTok Ads,TIKTOK_ADS_CMP_02,548.56,3956.45,11325.00,7875.00,2.86,1.99
2026-01-23,TikTok Ads,TIKTOK_ADS_CMP_02,419.71,3735.59,11100.00,7687.50,2.97,2.06
2026-01-24,TikTok Ads,TIKTOK_ADS_CMP_02,713.75,3797.98,11775.00,8250.00,3.10,2.17
2026-01-25,TikTok Ads,TIKTOK_ADS_CMP_02,476.95,3674.50,11250.00,7875.00,3.06,2.14
2026-01-26,TikTok Ads,TIKTOK_ADS_CMP_02,740.07,3788.35,12525.00,8812.50,3.31,2.33
2026-01-27,TikTok Ads,TIKTOK_ADS_CMP_02,835.77,4146.04,12750.00,8812.50,3.08,2.13
2026-01-28,TikTok Ads,TIKTOK_ADS_CMP_02,822.39,4557.20,15375.00,10687.50,3.37,2.35
2026-01-29,TikTok Ads,TIKTOK_ADS_CMP_02,439.29,4447.93,14250.00,9937.50,3.20,2.23
2026-01-30,TikTok Ads,TIKTOK_ADS_CMP_02,759.6,4787.82,15150.00,10500.00,3.16,2.19
2026-01-31,TikTok Ads,TIKTOK_ADS_CMP_02,835.37,4909.44,13500.00,9562.50,2.75,1.95
2026-02-01,TikTok Ads,TIKTOK_ADS_CMP_02,461.05,4893.54,13650.00,9750.00,2.79,1.99
2026-02-02,TikTok Ads,TIKTOK_ADS_CMP_02,424.11,4577.58,12075.00,8625.00,2.64,1.88
2026-02-03,TikTok Ads,TIKTOK_ADS_CMP_02,599.41,4341.22,13050.00,9750.00,3.01,2.25
2026-02-04,TikTok Ads,TIKTOK_ADS_CMP_02,700.81,4219.64,11700.00,9000.00,2.77,2.13
2026-02-05,TikTok Ads,TIKTOK_ADS_CMP_02,895.63,4675.98,14550.00,11625.00,3.11,2.49
2026-02-06,TikTok Ads,TIKTOK_ADS_CMP_02,863.5,4779.88,15450.00,12562.50,3.23,2.63
2026-02-07,TikTok Ads,TIKTOK_ADS_CMP_02,811.24,4755.75,17400.00,14062.50,3.66,2.96
2026-02-08,TikTok Ads,TIKTOK_ADS_CMP_02,613.04,4907.74,17175.00,13875.00,3.50,2.83
2026-02-09,TikTok Ads,TIKTOK_ADS_CMP_02,847.56,5331.19,19800.00,16312.50,3.71,3.06
2026-02-10,TikTok Ads,TIKTOK_ADS_CMP_02,665.15,5396.93,18675.00,15187.50,3.46,2.81
2026-02-11,TikTok Ads,TIKTOK_ADS_CMP_02,506.76,5202.88,18525.00,15000.00,3.56,2.88
2026-02-12,TikTok Ads,TIKTOK_ADS_CMP_02,584.15,4891.40,16875.00,13312.50,3.45,2.72
2026-02-13,TikTok Ads,TIKTOK_ADS_CMP_02,866.56,4894.46,16575.00,13125.00,3.39,2.68
2026-02-14,TikTok Ads,TIKTOK_ADS_CMP_02,728.48,4811.70,15675.00,12375.00,3.26,2.57
2026-02-15,TikTok Ads,TIKTOK_ADS_CMP_02,525.48,4724.14,16500.00,12937.50,3.49,2.74
2026-02-16,TikTok Ads,TIKTOK_ADS_CMP_02,786.01,4662.59,15150.00,11625.00,3.25,2.49
2026-02-17,TikTok Ads,TIKTOK_ADS_CMP_02,608.88,4606.32,14550.00,11250.00,3.16,2.44
2026-02-18,TikTok Ads,TIKTOK_ADS_CMP_02,889.55,4989.11,15000.00,11812.50,3.01,2.37
2026-02-19,TikTok Ads,TIKTOK_ADS_CMP_02,855.39,5260.35,15825.00,12750.00,3.01,2.42
2026-02-20,TikTok Ads,TIKTOK_ADS_CMP_02,685.89,5079.68,14025.00,11437.50,2.76,2.25
2026-02-21,TikTok Ads,TIKTOK_ADS_CMP_02,418.36,4769.56,13125.00,10687.50,2.75,2.24
2026-02-22,TikTok Ads,TIKTOK_ADS_CMP_02,580.96,4825.04,12675.00,10500.00,2.63,2.18
2026-02-23,TikTok Ads,TIKTOK_ADS_CMP_02,700.54,4739.57,13050.00,10875.00,2.75,2.29
2026-02-24,TikTok Ads,TIKTOK_ADS_CMP_02,813.35,4944.04,13950.00,11812.50,2.82,2.39
2026-02-25,TikTok Ads,TIKTOK_ADS_CMP_02,795.25,4849.74,13725.00,11812.50,2.83,2.44
2026-02-26,TikTok Ads,TIKTOK_ADS_CMP_02,467.22,4461.57,11475.00,9750.00,2.57,2.19
2026-02-27,TikTok Ads,TIKTOK_ADS_CMP_02,547.65,4323.33,11550.00,9750.00,2.67,2.26
2026-02-28,TikTok Ads,TIKTOK_ADS_CMP_02,431.34,4336.31,11700.00,9937.50,2.70,2.29
2026-03-01,TikTok Ads,TIKTOK_ADS_CMP_02,426.18,4181.53,11625.00,9750.00,2.78,2.33
2026-03-02,TikTok Ads,TIKTOK_ADS_CMP_02,659.52,4140.51,10500.00,8625.00,2.54,2.08
2026-03-03,TikTok Ads,TIKTOK_ADS_CMP_02,512.69,3839.85,9300.00,7500.00,2.42,1.95
2026-03-04,TikTok Ads,TIKTOK_ADS_CMP_02,821.82,3866.42,9825.00,7687.50,2.54,1.99
2026-03-05,TikTok Ads,TIKTOK_ADS_CMP_02,731.22,4130.42,10650.00,8625.00,2.58,2.09
2026-03-06,TikTok Ads,TIKTOK_ADS_CMP_02,609.72,4192.49,11775.00,9562.50,2.81,2.28
2026-03-07,TikTok Ads,TIKTOK_ADS_CMP_02,551.47,4312.62,12225.00,9750.00,2.83,2.26
2026-03-08,TikTok Ads,TIKTOK_ADS_CMP_02,750.58,4637.02,14100.00,11250.00,3.04,2.43
2026-03-09,TikTok Ads,TIKTOK_ADS_CMP_02,576.48,4553.98,13800.00,11062.50,3.03,2.43
2026-03-10,TikTok Ads,TIKTOK_ADS_CMP_02,543.73,4585.02,14175.00,11437.50,3.09,2.49
2026-03-11,TikTok Ads,TIKTOK_ADS_CMP_02,736.23,4499.43,13500.00,10875.00,3.00,2.42
2026-03-12,TikTok Ads,TIKTOK_ADS_CMP_02,434.23,4202.44,13350.00,10687.50,3.18,2.54
2026-03-13,TikTok Ads,TIKTOK_ADS_CMP_02,742.57,4335.29,12825.00,10125.00,2.96,2.34
2026-03-14,TikTok Ads,TIKTOK_ADS_CMP_02,409.56,4193.38,11925.00,9375.00,2.84,2.24
2026-03-15,TikTok Ads,TIKTOK_ADS_CMP_02,744.32,4187.12,11775.00,9187.50,2.81,2.19
2026-03-16,TikTok Ads,TIKTOK_ADS_CMP_02,786.4,4397.04,12225.00,9562.50,2.78,2.17
2026-03-17,TikTok Ads,TIKTOK_ADS_CMP_02,729.76,4583.07,12825.00,10125.00,2.80,2.21
2026-03-18,TikTok Ads,TIKTOK_ADS_CMP_02,447.46,4294.30,12675.00,9937.50,2.95,2.31
2026-03-19,TikTok Ads,TIKTOK_ADS_CMP_02,426.67,4286.74,12825.00,9937.50,2.99,2.32
2026-03-20,TikTok Ads,TIKTOK_ADS_CMP_02,841.46,4385.63,13350.00,10500.00,3.04,2.39
2026-03-21,TikTok Ads,TIKTOK_ADS_CMP_02,577.66,4553.73,14250.00,11437.50,3.13,2.51
2026-03-22,TikTok Ads,TIKTOK_ADS_CMP_02,646.28,4455.69,13200.00,10875.00,2.96,2.44
2026-03-23,TikTok Ads,TIKTOK_ADS_CMP_02,510.25,4179.54,12675.00,10500.00,3.03,2.51
2026-03-24,TikTok Ads,TIKTOK_ADS_CMP_02,619.09,4068.87,12150.00,9937.50,2.99,2.44
2026-03-25,TikTok Ads,TIKTOK_ADS_CMP_02,758.02,4379.43,13875.00,11250.00,3.17,2.57
2026-03-26,TikTok Ads,TIKTOK_ADS_CMP_02,495.3,4448.06,13275.00,10875.00,2.98,2.44
2026-03-27,TikTok Ads,TIKTOK_ADS_CMP_02,891.78,4498.38,12225.00,9937.50,2.72,2.21
2026-03-28,TikTok Ads,TIKTOK_ADS_CMP_02,681.09,4601.81,12600.00,10125.00,2.74,2.20
2026-03-29,TikTok Ads,TIKTOK_ADS_CMP_02,665.65,4621.18,12825.00,10125.00,2.78,2.19
2026-03-30,TikTok Ads,TIKTOK_ADS_CMP_02,673.23,4784.16,12675.00,10125.00,2.65,2.12
2026-03-31,TikTok Ads,TIKTOK_ADS_CMP_02,613.06,4778.13,13050.00,10687.50,2.73,2.24