date,channel,campaign_id,platform_spend,platform_conversions,platform_revenue,mta_conversions,mta_revenue,holdout_conversions,holdout_revenue,has_holdout_coverage
2026-01-01,Meta Ads,META_ADS_CMP_01,1062.18,49,3675,39,2925,35.0000000000000000,2625,1
2026-01-01,Meta Ads,META_ADS_CMP_02,1406.32,97,7275,87,6525,72.5000000000000000,5437.5,1
2026-01-01,Google Ads,GOOGLE_ADS_CMP_01,1832.44,133,9975,110,8250,110.0000000000000000,8250,1
2026-01-01,Google Ads,GOOGLE_ADS_CMP_02,1524.76,102,7650,83,6225,80.0000000000000000,6000,1
2026-01-01,TikTok Ads,TIKTOK_ADS_CMP_01,546.07,8,600,7,525,5.0000000000000000,375,1
2026-01-01,TikTok Ads,TIKTOK_ADS_CMP_02,657.12,22,1650,18,1350,15.0000000000000000,1125,1
2026-01-01,Netflix Ads,NETFLIX_ADS_CMP_01,639.03,3,225,3,225,2.5000000000000000,187.5,1
2026-01-01,Netflix Ads,NETFLIX_ADS_CMP_02,864.09,3,225,3,225,2.5000000000000000,187.5,1
2026-01-02,Meta Ads,META_ADS_CMP_01,981.15,50,3750,43,3225,35.0000000000000000,2625,1
2026-01-02,Meta Ads,META_ADS_CMP_02,929.4,53,3975,43,3225,40.0000000000000000,3000,1
2026-01-02,Google Ads,GOOGLE_ADS_CMP_01,1045.23,63,4725,56,4200,50.0000000000000000,3750,1
2026-01-02,Google Ads,GOOGLE_ADS_CMP_02,1356.75,87,6525,77,5775,72.5000000000000000,5437.5,1
2026-01-02,TikTok Ads,TIKTOK_ADS_CMP_01,437.28,23,1725,20,1500,15.0000000000000000,1125,1
2026-01-02,TikTok Ads,TIKTOK_ADS_CMP_02,437.02,12,900,10,750,7.5000000000000000,562.5,1
2026-01-02,Netflix Ads,NETFLIX_ADS_CMP_01,798.54,4,300,3,225,2.5000000000000000,187.5,1
2026-01-02,Netflix Ads,NETFLIX_ADS_CMP_02,982.53,7,525,6,450,5.0000000000000000,375,1
2026-01-03,Meta Ads,META_ADS_CMP_01,1332.55,88,6600,75,5625,62.5000000000000000,4687.5,1
2026-01-03,Meta Ads,META_ADS_CMP_02,1099.28,55,4125,47,3525,40.0000000000000000,3000,1
2026-01-03,Google Ads,GOOGLE_ADS_CMP_01,1907.57,126,9450,104,7800,100.0000000000000000,7500,1
2026-01-03,Google Ads,GOOGLE_ADS_CMP_02,1076.98,81,6075,71,5325,62.5000000000000000,4687.5,1
2026-01-03,TikTok Ads,TIKTOK_ADS_CMP_01,716.7,29,2175,26,1950,20.0000000000000000,1500,1
2026-01-03,TikTok Ads,TIKTOK_ADS_CMP_02,669.67,19,1425,16,1200,12.5000000000000000,937.5,1
2026-01-03,Netflix Ads,NETFLIX_ADS_CMP_01,1090.81,2,150,2,150,2.5000000000000000,187.5,1
2026-01-03,Netflix Ads,NETFLIX_ADS_CMP_02,802.57,5,375,4,300,5.0000000000000000,375,1
2026-01-04,Meta Ads,META_ADS_CMP_01,1054.54,39,2925,32,2400,27.5000000000000000,2062.5,1
2026-01-04,Meta Ads,META_ADS_CMP_02,825.82,60,4500,50,3750,45.0000000000000000,3375,1
2026-01-04,Google Ads,GOOGLE_ADS_CMP_01,1908.27,144,10800,129,9675,115.0000000000000000,8625,1
2026-01-04,Google Ads,GOOGLE_ADS_CMP_02,1242.06,121,9075,106,7950,100.0000000000000000,7500,1
2026-01-04,TikTok Ads,TIKTOK_ADS_CMP_01,583.89,37,2775,30,2250,25.0000000000000000,1875,1
2026-01-04,TikTok Ads,TIKTOK_ADS_CMP_02,817.65,20,1500,17,1275,15.0000000000000000,1125,1
2026-01-04,Netflix Ads,NETFLIX_ADS_CMP_01,1006.54,5,375,4,300,5.0000000000000000,375,1
2026-01-04,Netflix Ads,NETFLIX_ADS_CMP_02,704.62,5,375,4,300,5.0000000000000000,375,1
2026-01-05,Meta Ads,META_ADS_CMP_01,1038.75,58,4350,51,3825,40.0000000000000000,3000,1
2026-01-05,Meta Ads,META_ADS_CMP_02,1188.64,49,3675,44,3300,35.0000000000000000,2625,1
2026-01-05,Google Ads,GOOGLE_ADS_CMP_01,1900.42,159,11925,139,10425,130.0000000000000000,9750,1
2026-01-05,Google Ads,GOOGLE_ADS_CMP_02,1897.11,171,12825,138,10350,135.0000000000000000,10125,1
2026-01-05,TikTok Ads,TIKTOK_ADS_CMP_01,480.81,21,1575,17,1275,15.0000000000000000,1125,1
2026-01-05,TikTok Ads,TIKTOK_ADS_CMP_02,731.75,42,3150,35,2625,27.5000000000000000,2062.5,1
2026-01-05,Netflix Ads,NETFLIX_ADS_CMP_01,1027.31,2,150,2,150,2.5000000000000000,187.5,1
2026-01-05,Netflix Ads,NETFLIX_ADS_CMP_02,1109.53,12,900,10,750,10.0000000000000000,750,1
2026-01-06,Meta Ads,META_ADS_CMP_01,985.64,57,4275,50,3750,40.0000000000000000,3000,1
2026-01-06,Meta Ads,META_ADS_CMP_02,1151.85,84,6300,73,5475,60.0000000000000000,4500,1
2026-01-06,Google Ads,GOOGLE_ADS_CMP_01,1280.77,102,7650,91,6825,85.0000000000000000,6375,1
2026-01-06,Google Ads,GOOGLE_ADS_CMP_02,1953.93,167,12525,149,11175,140.0000000000000000,10500,1
2026-01-06,TikTok Ads,TIKTOK_ADS_CMP_01,614.09,25,1875,22,1650,17.5000000000000000,1312.5,1
2026-01-06,TikTok Ads,TIKTOK_ADS_CMP_02,558.46,15,1125,13,975,10.0000000000000000,750,1
2026-01-06,Netflix Ads,NETFLIX_ADS_CMP_01,942.04,4,300,3,225,2.5000000000000000,187.5,1
2026-01-06,Netflix Ads,NETFLIX_ADS_CMP_02,911,7,525,6,450,5.0000000000000000,375,1
2026-01-07,Meta Ads,META_ADS_CMP_01,1051.64,57,4275,51,3825,40.0000000000000000,3000,1
2026-01-07,Meta Ads,META_ADS_CMP_02,1439.27,136,10200,118,8850,95.0000000000000000,7125,1
2026-01-07,Google Ads,GOOGLE_ADS_CMP_01,1701.97,146,10950,122,9150,117.5000000000000000,8812.5,1
2026-01-07,Google Ads,GOOGLE_ADS_CMP_02,1093.98,89,6675,76,5700,70.0000000000000000,5250,1
2026-01-07,TikTok Ads,TIKTOK_ADS_CMP_01,543.27,18,1350,16,1200,12.5000000000000000,937.5,1
2026-01-07,TikTok Ads,TIKTOK_ADS_CMP_02,580.1,17,1275,14,1050,10.0000000000000000,750,1
2026-01-07,Netflix Ads,NETFLIX_ADS_CMP_01,973.73,15,1125,13,975,12.5000000000000000,937.5,1
2026-01-07,Netflix Ads,NETFLIX_ADS_CMP_02,1185.51,4,300,3,225,2.5000000000000000,187.5,1
2026-01-08,Meta Ads,META_ADS_CMP_01,1107.28,66,4950,54,4050,47.5000000000000000,3562.5,1
2026-01-08,Meta Ads,META_ADS_CMP_02,975.17,68,5100,56,4200,47.5000000000000000,3562.5,1
2026-01-08,Google Ads,GOOGLE_ADS_CMP_01,1954.87,204,15300,172,12900,162.5000000000000000,12187.5,1
2026-01-08,Google Ads,GOOGLE_ADS_CMP_02,1247.73,100,7500,81,6075,82.5000000000000000,6187.5,1
2026-01-08,TikTok Ads,TIKTOK_ADS_CMP_01,423,21,1575,18,1350,15.0000000000000000,1125,1
2026-01-08,TikTok Ads,TIKTOK_ADS_CMP_02,636.74,15,1125,13,975,10.0000000000000000,750,1
2026-01-08,Netflix Ads,NETFLIX_ADS_CMP_01,981.06,5,375,4,300,5.0000000000000000,375,1
2026-01-08,Netflix Ads,NETFLIX_ADS_CMP_02,1113.89,6,450,5,375,5.0000000000000000,375,1
2026-01-09,Meta Ads,META_ADS_CMP_01,818.56,48,3600,40,3000,35.0000000000000000,2625,1
2026-01-09,Meta Ads,META_ADS_CMP_02,1250.3,59,4425,49,3675,40.0000000000000000,3000,1
2026-01-09,Google Ads,GOOGLE_ADS_CMP_01,1961.19,159,11925,141,10575,130.0000000000000000,9750,1
2026-01-09,Google Ads,GOOGLE_ADS_CMP_02,1023.27,87,6525,76,5700,72.5000000000000000,5437.5,1
2026-01-09,TikTok Ads,TIKTOK_ADS_CMP_01,714.47,33,2475,27,2025,22.5000000000000000,1687.5,1
2026-01-09,TikTok Ads,TIKTOK_ADS_CMP_02,488.72,25,1875,21,1575,15.0000000000000000,1125,1
2026-01-09,Netflix Ads,NETFLIX_ADS_CMP_01,823.21,6,450,5,375,5.0000000000000000,375,1
2026-01-09,Netflix Ads,NETFLIX_ADS_CMP_02,857.4,7,525,6,450,5.0000000000000000,375,1
2026-01-10,Meta Ads,META_ADS_CMP_01,1153.68,68,5100,57,4275,47.5000000000000000,3562.5,1
2026-01-10,Meta Ads,META_ADS_CMP_02,807.59,45,3375,39,2925,30.0000000000000000,2250,1
2026-01-10,Google Ads,GOOGLE_ADS_CMP_01,1631.84,108,8100,94,7050,87.5000000000000000,6562.5,1
2026-01-10,Google Ads,GOOGLE_ADS_CMP_02,1752.37,160,12000,136,10200,132.5000000000000000,9937.5,1
2026-01-10,TikTok Ads,TIKTOK_ADS_CMP_01,428.78,14,1050,12,900,10.0000000000000000,750,1
2026-01-10,TikTok Ads,TIKTOK_ADS_CMP_02,458.53,16,1200,13,975,10.0000000000000000,750,1
2026-01-10,Netflix Ads,NETFLIX_ADS_CMP_01,650.46,4,300,3,225,2.5000000000000000,187.5,1
2026-01-10,Netflix Ads,NETFLIX_ADS_CMP_02,648.81,1,75,1,75,0.0000000000000000,0,1
2026-01-11,Meta Ads,META_ADS_CMP_01,1490.2,84,6300,74,5550,62.5000000000000000,4687.5,1
2026-01-11,Meta Ads,META_ADS_CMP_02,1190.88,65,4875,55,4125,47.5000000000000000,3562.5,1
2026-01-11,Google Ads,GOOGLE_ADS_CMP_01,1011.35,76,5700,62,4650,62.5000000000000000,4687.5,1
2026-01-11,Google Ads,GOOGLE_ADS_CMP_02,1649.21,176,13200,147,11025,135.0000000000000000,10125,1
2026-01-11,TikTok Ads,TIKTOK_ADS_CMP_01,542.86,22,1650,18,1350,15.0000000000000000,1125,1
2026-01-11,TikTok Ads,TIKTOK_ADS_CMP_02,884.94,32,2400,27,2025,22.5000000000000000,1687.5,1
2026-01-11,Netflix Ads,NETFLIX_ADS_CMP_01,1181.58,12,900,10,750,10.0000000000000000,750,1
2026-01-11,Netflix Ads,NETFLIX_ADS_CMP_02,976.53,7,525,6,450,5.0000000000000000,375,1
2026-01-12,Meta Ads,META_ADS_CMP_01,1465.29,89,6675,74,5550,62.5000000000000000,4687.5,1
2026-01-12,Meta Ads,META_ADS_CMP_02,931.68,32,2400,26,1950,22.5000000000000000,1687.5,1
2026-01-12,Google Ads,GOOGLE_ADS_CMP_01,1974.39,150,11250,130,9750,117.5000000000000000,8812.5,1
2026-01-12,Google Ads,GOOGLE_ADS_CMP_02,1162.62,110,8250,98,7350,85.0000000000000000,6375,1
2026-01-12,TikTok Ads,TIKTOK_ADS_CMP_01,422.61,15,1125,13,975,10.0000000000000000,750,1
2026-01-12,TikTok Ads,TIKTOK_ADS_CMP_02,475.21,15,1125,13,975,10.0000000000000000,750,1
2026-01-12,Netflix Ads,NETFLIX_ADS_CMP_01,1103,1,75,1,75,0.0000000000000000,0,1
2026-01-12,Netflix Ads,NETFLIX_ADS_CMP_02,1118.83,6,450,5,375,5.0000000000000000,375,1
2026-01-13,Meta Ads,META_ADS_CMP_01,1394.75,50,3750,45,3375,37.5000000000000000,2812.5,1
2026-01-13,Meta Ads,META_ADS_CMP_02,1224.32,58,4350,48,3600,40.0000000000000000,3000,1
2026-01-13,Google Ads,GOOGLE_ADS_CMP_01,1113.56,121,9075,103,7725,95.0000000000000000,7125,1
2026-01-13,Google Ads,GOOGLE_ADS_CMP_02,1852.18,225,16875,189,14175,175.0000000000000000,13125,1
2026-01-13,TikTok Ads,TIKTOK_ADS_CMP_01,467.01,26,1950,21,1575,17.5000000000000000,1312.5,1
2026-01-13,TikTok Ads,TIKTOK_ADS_CMP_02,407.27,10,750,8,600,7.5000000000000000,562.5,1
2026-01-13,Netflix Ads,NETFLIX_ADS_CMP_01,1142.5,2,150,2,150,2.5000000000000000,187.5,1
2026-01-13,Netflix Ads,NETFLIX_ADS_CMP_02,973.25,4,300,4,300,2.5000000000000000,187.5,1
2026-01-14,Meta Ads,META_ADS_CMP_01,1144.83,51,3825,41,3075,37.5000000000000000,2812.5,1
2026-01-14,Meta Ads,META_ADS_CMP_02,890.22,41,3075,34,2550,30.0000000000000000,2250,1
2026-01-14,Google Ads,GOOGLE_ADS_CMP_01,1896.79,172,12900,141,10575,140.0000000000000000,10500,1
2026-01-14,Google Ads,GOOGLE_ADS_CMP_02,1040.87,73,5475,59,4425,60.0000000000000000,4500,1
2026-01-14,TikTok Ads,TIKTOK_ADS_CMP_01,460.32,12,900,10,750,7.5000000000000000,562.5,1
2026-01-14,TikTok Ads,TIKTOK_ADS_CMP_02,745.2,26,1950,23,1725,17.5000000000000000,1312.5,1
2026-01-14,Netflix Ads,NETFLIX_ADS_CMP_01,636.65,4,300,3,225,2.5000000000000000,187.5,1
2026-01-14,Netflix Ads,NETFLIX_ADS_CMP_02,725.61,1,75,1,75,0.0000000000000000,0,1
2026-01-15,Meta Ads,META_ADS_CMP_01,1123.77,56,4200,48,3600,40.0000000000000000,3000,1
2026-01-15,Meta Ads,META_ADS_CMP_02,1172.48,51,3825,42,3150,35.0000000000000000,2625,1
2026-01-15,Google Ads,GOOGLE_ADS_CMP_01,1269.24,102,7650,84,6300,82.5000000000000000,6187.5,1
2026-01-15,Google Ads,GOOGLE_ADS_CMP_02,1327.5,143,10725,122,9150,112.5000000000000000,8437.5,1
2026-01-15,TikTok Ads,TIKTOK_ADS_CMP_01,443.46,32,2400,27,2025,20.0000000000000000,1500,1
2026-01-15,TikTok Ads,TIKTOK_ADS_CMP_02,463.79,9,675,8,600,5.0000000000000000,375,1
2026-01-15,Netflix Ads,NETFLIX_ADS_CMP_01,813.66,5,375,4,300,5.0000000000000000,375,1
2026-01-15,Netflix Ads,NETFLIX_ADS_CMP_02,691.72,2,150,2,150,2.5000000000000000,187.5,1
2026-01-16,Meta Ads,META_ADS_CMP_01,921.36,38,2850,31,2325,25.0000000000000000,1875,1
2026-01-16,Meta Ads,META_ADS_CMP_02,1078.5,57,4275,49,3675,42.5000000000000000,3187.5,1
2026-01-16,Google Ads,GOOGLE_ADS_CMP_01,1929.38,221,16575,194,14550,180.0000000000000000,13500,1
2026-01-16,Google Ads,GOOGLE_ADS_CMP_02,1187.04,73,5475,60,4500,57.5000000000000000,4312.5,1
2026-01-16,TikTok Ads,TIKTOK_ADS_CMP_01,457.42,15,1125,12,900,10.0000000000000000,750,1
2026-01-16,TikTok Ads,TIKTOK_ADS_CMP_02,640.57,20,1500,16,1200,15.0000000000000000,1125,1
2026-01-16,Netflix Ads,NETFLIX_ADS_CMP_01,638.02,4,300,4,300,2.5000000000000000,187.5,1
2026-01-16,Netflix Ads,NETFLIX_ADS_CMP_02,957.38,1,75,1,75,0.0000000000000000,0,1
2026-01-17,Meta Ads,META_ADS_CMP_01,1381.43,74,5550,60,4500,55.0000000000000000,4125,1
2026-01-17,Meta Ads,META_ADS_CMP_02,1318.78,82,6150,72,5400,60.0000000000000000,4500,1
2026-01-17,Google Ads,GOOGLE_ADS_CMP_01,1201.63,96,7200,83,6225,75.0000000000000000,5625,1
2026-01-17,Google Ads,GOOGLE_ADS_CMP_02,1523.07,129,9675,114,8550,105.0000000000000000,7875,1
2026-01-17,TikTok Ads,TIKTOK_ADS_CMP_01,619.57,9,675,8,600,5.0000000000000000,375,1
2026-01-17,TikTok Ads,TIKTOK_ADS_CMP_02,651.36,23,1725,20,1500,15.0000000000000000,1125,1
2026-01-17,Netflix Ads,NETFLIX_ADS_CMP_01,1143.88,6,450,5,375,5.0000000000000000,375,1
2026-01-17,Netflix Ads,NETFLIX_ADS_CMP_02,800.94,5,375,4,300,5.0000000000000000,375,1
2026-01-18,Meta Ads,META_ADS_CMP_01,1425.72,73,5475,60,4500,52.5000000000000000,3937.5,1
2026-01-18,Meta Ads,META_ADS_CMP_02,1320.76,66,4950,59,4425,45.0000000000000000,3375,1
2026-01-18,Google Ads,GOOGLE_ADS_CMP_01,1342.08,113,8475,93,6975,92.5000000000000000,6937.5,1
2026-01-18,Google Ads,GOOGLE_ADS_CMP_02,1722.25,183,13725,156,11700,145.0000000000000000,10875,1
2026-01-18,TikTok Ads,TIKTOK_ADS_CMP_01,525.9,14,1050,12,900,10.0000000000000000,750,1
2026-01-18,TikTok Ads,TIKTOK_ADS_CMP_02,600.43,24,1800,21,1575,17.5000000000000000,1312.5,1
2026-01-18,Netflix Ads,NETFLIX_ADS_CMP_01,903.53,5,375,4,300,5.0000000000000000,375,1
2026-01-18,Netflix Ads,NETFLIX_ADS_CMP_02,939.08,6,450,5,375,5.0000000000000000,375,1
2026-01-19,Meta Ads,META_ADS_CMP_01,1203.4,70,5250,63,4725,50.0000000000000000,3750,1
2026-01-19,Meta Ads,META_ADS_CMP_02,1447.9,67,5025,59,4425,45.0000000000000000,3375,1
2026-01-19,Google Ads,GOOGLE_ADS_CMP_01,1124.66,119,8925,96,7200,95.0000000000000000,7125,1
2026-01-19,Google Ads,GOOGLE_ADS_CMP_02,1335.2,81,6075,72,5400,65.0000000000000000,4875,1
2026-01-19,TikTok Ads,TIKTOK_ADS_CMP_01,573.17,21,1575,17,1275,15.0000000000000000,1125,1
2026-01-19,TikTok Ads,TIKTOK_ADS_CMP_02,626.22,21,1575,18,1350,15.0000000000000000,1125,1
2026-01-19,Netflix Ads,NETFLIX_ADS_CMP_01,1148.91,4,300,3,225,2.5000000000000000,187.5,1
2026-01-19,Netflix Ads,NETFLIX_ADS_CMP_02,998.12,3,225,3,225,2.5000000000000000,187.5,1
2026-01-20,Meta Ads,META_ADS_CMP_01,1151.54,57,4275,47,3525,40.0000000000000000,3000,1
2026-01-20,Meta Ads,META_ADS_CMP_02,1428.64,61,4575,52,3900,45.0000000000000000,3375,1
2026-01-20,Google Ads,GOOGLE_ADS_CMP_01,1564.84,96,7200,81,6075,77.5000000000000000,5812.5,1
2026-01-20,Google Ads,GOOGLE_ADS_CMP_02,1559.64,123,9225,110,8250,95.0000000000000000,7125,1
2026-01-20,TikTok Ads,TIKTOK_ADS_CMP_01,586.65,16,1200,13,975,10.0000000000000000,750,1
2026-01-20,TikTok Ads,TIKTOK_ADS_CMP_02,478.08,27,2025,22,1650,20.0000000000000000,1500,1
2026-01-20,Netflix Ads,NETFLIX_ADS_CMP_01,738.64,4,300,3,225,2.5000000000000000,187.5,1
2026-01-20,Netflix Ads,NETFLIX_ADS_CMP_02,742.91,4,300,4,300,2.5000000000000000,187.5,1
2026-01-21,Meta Ads,META_ADS_CMP_01,1381.15,73,5475,61,4575,52.5000000000000000,3937.5,1
2026-01-21,Meta Ads,META_ADS_CMP_02,1427.44,61,4575,54,4050,45.0000000000000000,3375,1
2026-01-21,Google Ads,GOOGLE_ADS_CMP_01,1817.44,121,9075,104,7800,97.5000000000000000,7312.5,1
2026-01-21,Google Ads,GOOGLE_ADS_CMP_02,1268.06,117,8775,99,7425,92.5000000000000000,6937.5,1
2026-01-21,TikTok Ads,TIKTOK_ADS_CMP_01,547.23,24,1800,20,1500,15.0000000000000000,1125,1
2026-01-21,TikTok Ads,TIKTOK_ADS_CMP_02,411.23,9,675,7,525,5.0000000000000000,375,1
2026-01-21,Netflix Ads,NETFLIX_ADS_CMP_01,683.61,2,150,2,150,2.5000000000000000,187.5,1
2026-01-21,Netflix Ads,NETFLIX_ADS_CMP_02,1148.58,5,375,4,300,5.0000000000000000,375,1
2026-01-22,Meta Ads,META_ADS_CMP_01,1255.99,65,4875,53,3975,47.5000000000000000,3562.5,1
2026-01-22,Meta Ads,META_ADS_CMP_02,1430.01,92,6900,80,6000,65.0000000000000000,4875,1
2026-01-22,Google Ads,GOOGLE_ADS_CMP_01,1175.37,105,7875,89,6675,85.0000000000000000,6375,1
2026-01-22,Google Ads,GOOGLE_ADS_CMP_02,1046.97,80,6000,69,5175,65.0000000000000000,4875,1
2026-01-22,TikTok Ads,TIKTOK_ADS_CMP_01,522.67,10,750,9,675,7.5000000000000000,562.5,1
2026-01-22,TikTok Ads,TIKTOK_ADS_CMP_02,548.56,27,2025,24,1800,17.5000000000000000,1312.5,1
2026-01-22,Netflix Ads,NETFLIX_ADS_CMP_01,1039.54,3,225,3,225,2.5000000000000000,187.5,1
2026-01-22,Netflix Ads,NETFLIX_ADS_CMP_02,958.11,6,450,5,375,5.0000000000000000,375,1
2026-01-23,Meta Ads,META_ADS_CMP_01,1309.73,86,6450,71,5325,62.5000000000000000,4687.5,1
2026-01-23,Meta Ads,META_ADS_CMP_02,1373.37,90,6750,77,5775,65.0000000000000000,4875,1
2026-01-23,Google Ads,GOOGLE_ADS_CMP_01,1360.97,99,7425,88,6600,80.0000000000000000,6000,1
2026-01-23,Google Ads,GOOGLE_ADS_CMP_02,1732.22,174,13050,154,11550,137.5000000000000000,10312.5,1
2026-01-23,TikTok Ads,TIKTOK_ADS_CMP_01,524.83,14,1050,13,975,10.0000000000000000,750,1
2026-01-23,TikTok Ads,TIKTOK_ADS_CMP_02,419.71,17,1275,15,1125,12.5000000000000000,937.5,1
2026-01-23,Netflix Ads,NETFLIX_ADS_CMP_01,1149.29,7,525,6,450,5.0000000000000000,375,1
2026-01-23,Netflix Ads,NETFLIX_ADS_CMP_02,884.53,5,375,4,300,5.0000000000000000,375,1
2026-01-24,Meta Ads,META_ADS_CMP_01,825.91,37,2775,30,2250,27.5000000000000000,2062.5,1
2026-01-24,Meta Ads,META_ADS_CMP_02,1287.4,65,4875,54,4050,47.5000000000000000,3562.5,1
2026-01-24,Google Ads,GOOGLE_ADS_CMP_01,1539.49,139,10425,124,9300,110.0000000000000000,8250,1
2026-01-24,Google Ads,GOOGLE_ADS_CMP_02,1615.86,159,11925,140,10500,122.5000000000000000,9187.5,1
2026-01-24,TikTok Ads,TIKTOK_ADS_CMP_01,898.97,34,2550,29,2175,22.5000000000000000,1687.5,1
2026-01-24,TikTok Ads,TIKTOK_ADS_CMP_02,713.75,32,2400,28,2100,22.5000000000000000,1687.5,1
2026-01-24,Netflix Ads,NETFLIX_ADS_CMP_01,743.27,2,150,2,150,2.5000000000000000,187.5,1
2026-01-24,Netflix Ads,NETFLIX_ADS_CMP_02,740.16,5,375,4,300,5.0000000000000000,375,1
2026-01-25,Meta Ads,META_ADS_CMP_01,952.78,43,3225,38,2850,30.0000000000000000,2250,1
2026-01-25,Meta Ads,META_ADS_CMP_02,1127.18,55,4125,45,3375,37.5000000000000000,2812.5,1
2026-01-25,Google Ads,GOOGLE_ADS_CMP_01,1942.73,213,15975,175,13125,170.0000000000000000,12750,1
2026-01-25,Google Ads,GOOGLE_ADS_CMP_02,1176.53,88,6600,73,5475,70.0000000000000000,5250,1
2026-01-25,TikTok Ads,TIKTOK_ADS_CMP_01,428.92,11,825,10,750,7.5000000000000000,562.5,1
2026-01-25,TikTok Ads,TIKTOK_ADS_CMP_02,476.95,17,1275,15,1125,12.5000000000000000,937.5,1
2026-01-25,Netflix Ads,NETFLIX_ADS_CMP_01,955.76,5,375,4,300,5.0000000000000000,375,1
2026-01-25,Netflix Ads,NETFLIX_ADS_CMP_02,677.71,5,375,4,300,5.0000000000000000,375,1
2026-01-26,Meta Ads,META_ADS_CMP_01,860.89,28,2100,24,1800,20.0000000000000000,1500,1
2026-01-26,Meta Ads,META_ADS_CMP_02,1147.11,60,4500,51,3825,42.5000000000000000,3187.5,1
2026-01-26,Google Ads,GOOGLE_ADS_CMP_01,1480.59,140,10500,121,9075,112.5000000000000000,8437.5,1
2026-01-26,Google Ads,GOOGLE_ADS_CMP_02,1565.73,133,9975,115,8625,105.0000000000000000,7875,1
2026-01-26,TikTok Ads,TIKTOK_ADS_CMP_01,825.29,40,3000,35,2625,25.0000000000000000,1875,1
2026-01-26,TikTok Ads,TIKTOK_ADS_CMP_02,740.07,38,2850,34,2550,27.5000000000000000,2062.5,1
2026-01-26,Netflix Ads,NETFLIX_ADS_CMP_01,1123.11,5,375,4,300,5.0000000000000000,375,1
2026-01-26,Netflix Ads,NETFLIX_ADS_CMP_02,1090.78,9,675,7,525,7.5000000000000000,562.5,1
2026-01-27,Meta Ads,META_ADS_CMP_01,1231.85,65,4875,56,4200,47.5000000000000000,3562.5,1
2026-01-27,Meta Ads,META_ADS_CMP_02,1177.99,63,4725,54,4050,45.0000000000000000,3375,1
2026-01-27,Google Ads,GOOGLE_ADS_CMP_01,1962.99,153,11475,124,9300,117.5000000000000000,8812.5,1
2026-01-27,Google Ads,GOOGLE_ADS_CMP_02,1937.23,157,11775,137,10275,127.5000000000000000,9562.5,1
2026-01-27,TikTok Ads,TIKTOK_ADS_CMP_01,433.68,13,975,10,750,10.0000000000000000,750,1
2026-01-27,TikTok Ads,TIKTOK_ADS_CMP_02,835.77,30,2250,24,1800,20.0000000000000000,1500,1
2026-01-27,Netflix Ads,NETFLIX_ADS_CMP_01,613.27,1,75,1,75,0.0000000000000000,0,1
2026-01-27,Netflix Ads,NETFLIX_ADS_CMP_02,867.54,1,75,1,75,0.0000000000000000,0,1
2026-01-28,Meta Ads,META_ADS_CMP_01,1285.58,94,7050,84,6300,67.5000000000000000,5062.5,1
2026-01-28,Meta Ads,META_ADS_CMP_02,905.74,50,3750,43,3225,35.0000000000000000,2625,1
2026-01-28,Google Ads,GOOGLE_ADS_CMP_01,1397.59,119,8925,98,7350,97.5000000000000000,7312.5,1
2026-01-28,Google Ads,GOOGLE_ADS_CMP_02,1031.13,94,7050,80,6000,72.5000000000000000,5437.5,1
2026-01-28,TikTok Ads,TIKTOK_ADS_CMP_01,884.1,33,2475,29,2175,22.5000000000000000,1687.5,1
2026-01-28,TikTok Ads,TIKTOK_ADS_CMP_02,822.39,44,3300,35,2625,30.0000000000000000,2250,1
2026-01-28,Netflix Ads,NETFLIX_ADS_CMP_01,1152.51,10,750,8,600,7.5000000000000000,562.5,1
2026-01-28,Netflix Ads,NETFLIX_ADS_CMP_02,675.11,5,375,4,300,5.0000000000000000,375,1
2026-01-29,Meta Ads,META_ADS_CMP_01,844.95,39,2925,32,2400,27.5000000000000000,2062.5,1
2026-01-29,Meta Ads,META_ADS_CMP_02,1118.65,32,2400,27,2025,22.5000000000000000,1687.5,1
2026-01-29,Google Ads,GOOGLE_ADS_CMP_01,1694.98,148,11100,126,9450,122.5000000000000000,9187.5,1
2026-01-29,Google Ads,GOOGLE_ADS_CMP_02,1104.93,79,5925,69,5175,62.5000000000000000,4687.5,1
2026-01-29,TikTok Ads,TIKTOK_ADS_CMP_01,679.82,20,1500,16,1200,15.0000000000000000,1125,1
2026-01-29,TikTok Ads,TIKTOK_ADS_CMP_02,439.29,12,900,10,750,7.5000000000000000,562.5,1
2026-01-29,Netflix Ads,NETFLIX_ADS_CMP_01,1080.35,5,375,4,300,5.0000000000000000,375,1
2026-01-29,Netflix Ads,NETFLIX_ADS_CMP_02,1023.89,5,375,4,300,5.0000000000000000,375,1
2026-01-30,Meta Ads,META_ADS_CMP_01,1299.86,76,5700,61,4575,52.5000000000000000,3937.5,1
2026-01-30,Meta Ads,META_ADS_CMP_02,1426.37,91,6825,79,5925,65.0000000000000000,4875,1
2026-01-30,Google Ads,GOOGLE_ADS_CMP_01,1526.4,122,9150,101,7575,100.0000000000000000,7500,1
2026-01-30,Google Ads,GOOGLE_ADS_CMP_02,1159.54,103,7725,86,6450,80.0000000000000000,6000,1
2026-01-30,TikTok Ads,TIKTOK_ADS_CMP_01,491.06,27,2025,23,1725,17.5000000000000000,1312.5,1
2026-01-30,TikTok Ads,TIKTOK_ADS_CMP_02,759.6,29,2175,25,1875,20.0000000000000000,1500,1
2026-01-30,Netflix Ads,NETFLIX_ADS_CMP_01,643.32,5,375,4,300,5.0000000000000000,375,1
2026-01-30,Netflix Ads,NETFLIX_ADS_CMP_02,855.3,1,75,1,75,0.0000000000000000,0,1
2026-01-31,Meta Ads,META_ADS_CMP_01,1406.92,80,6000,68,5100,65.0000000000000000,4875,1
2026-01-31,Meta Ads,META_ADS_CMP_02,1411.4,81,6075,70,5250,72.5000000000000000,5437.5,1
2026-01-31,Google Ads,GOOGLE_ADS_CMP_01,1912.36,141,10575,123,9225,135.0000000000000000,10125,1
2026-01-31,Google Ads,GOOGLE_ADS_CMP_02,1131.57,99,7425,82,6150,95.0000000000000000,7125,1
2026-01-31,TikTok Ads,TIKTOK_ADS_CMP_01,885.7,32,2400,26,1950,27.5000000000000000,2062.5,1
2026-01-31,TikTok Ads,TIKTOK_ADS_CMP_02,835.37,10,750,9,675,10.0000000000000000,750,1
2026-01-31,Netflix Ads,NETFLIX_ADS_CMP_01,698.11,5,375,4,300,5.0000000000000000,375,1
2026-01-31,Netflix Ads,NETFLIX_ADS_CMP_02,795.11,5,375,4,300,5.0000000000000000,375,1
2026-02-01,Meta Ads,META_ADS_CMP_01,965.24,39,2925,33,2475,32.5000000000000000,2437.5,1
2026-02-01,Meta Ads,META_ADS_CMP_02,974.1,68,5100,56,4200,60.0000000000000000,4500,1
2026-02-01,Google Ads,GOOGLE_ADS_CMP_01,1036.67,106,7950,94,7050,102.5000000000000000,7687.5,1
2026-02-01,Google Ads,GOOGLE_ADS_CMP_02,1805.67,164,12300,133,9975,162.5000000000000000,12187.5,1
2026-02-01,TikTok Ads,TIKTOK_ADS_CMP_01,534.87,17,1275,14,1050,12.5000000000000000,937.5,1
2026-02-01,TikTok Ads,TIKTOK_ADS_CMP_02,461.05,19,1425,16,1200,15.0000000000000000,1125,1
2026-02-01,Netflix Ads,NETFLIX_ADS_CMP_01,624.94,5,375,4,300,5.0000000000000000,375,1
2026-02-01,Netflix Ads,NETFLIX_ADS_CMP_02,909.36,7,525,6,450,5.0000000000000000,375,1
2026-02-02,Meta Ads,META_ADS_CMP_01,1015.55,52,3900,47,3525,45.0000000000000000,3375,1
2026-02-02,Meta Ads,META_ADS_CMP_02,865.73,56,4200,46,3450,47.5000000000000000,3562.5,1
2026-02-02,Google Ads,GOOGLE_ADS_CMP_01,1692.63,178,13350,158,11850,167.5000000000000000,12562.5,1
2026-02-02,Google Ads,GOOGLE_ADS_CMP_02,1570.61,160,12000,139,10425,155.0000000000000000,11625,1
2026-02-02,TikTok Ads,TIKTOK_ADS_CMP_01,596.93,21,1575,19,1425,17.5000000000000000,1312.5,1
2026-02-02,TikTok Ads,TIKTOK_ADS_CMP_02,424.11,17,1275,15,1125,12.5000000000000000,937.5,1
2026-02-02,Netflix Ads,NETFLIX_ADS_CMP_01,940.21,7,525,6,450,5.0000000000000000,375,1
2026-02-02,Netflix Ads,NETFLIX_ADS_CMP_02,1000.56,9,675,8,600,10.0000000000000000,750,1
2026-02-03,Meta Ads,META_ADS_CMP_01,1372.48,58,4350,48,3600,50.0000000000000000,3750,1
2026-02-03,Meta Ads,META_ADS_CMP_02,1056.52,57,4275,48,3600,47.5000000000000000,3562.5,1
2026-02-03,Google Ads,GOOGLE_ADS_CMP_01,1237.54,82,6150,71,5325,80.0000000000000000,6000,1
2026-02-03,Google Ads,GOOGLE_ADS_CMP_02,1668.21,167,12525,148,11100,162.5000000000000000,12187.5,1
2026-02-03,TikTok Ads,TIKTOK_ADS_CMP_01,659.54,22,1650,18,1350,17.5000000000000000,1312.5,1
2026-02-03,TikTok Ads,TIKTOK_ADS_CMP_02,599.41,43,3225,38,2850,35.0000000000000000,2625,1
2026-02-03,Netflix Ads,NETFLIX_ADS_CMP_01,1087.79,7,525,6,450,5.0000000000000000,375,1
2026-02-03,Netflix Ads,NETFLIX_ADS_CMP_02,1160.66,5,375,4,300,5.0000000000000000,375,1
2026-02-04,Meta Ads,META_ADS_CMP_01,999.41,53,3975,44,3300,45.0000000000000000,3375,1
2026-02-04,Meta Ads,META_ADS_CMP_02,1227.23,64,4800,52,3900,55.0000000000000000,4125,1
2026-02-04,Google Ads,GOOGLE_ADS_CMP_01,1181.15,98,7350,85,6375,92.5000000000000000,6937.5,1
2026-02-04,Google Ads,GOOGLE_ADS_CMP_02,1106.88,88,6600,75,5625,80.0000000000000000,6000,1
2026-02-04,TikTok Ads,TIKTOK_ADS_CMP_01,803,27,2025,24,1800,20.0000000000000000,1500,1
2026-02-04,TikTok Ads,TIKTOK_ADS_CMP_02,700.81,26,1950,21,1575,20.0000000000000000,1500,1
2026-02-04,Netflix Ads,NETFLIX_ADS_CMP_01,966.59,6,450,5,375,5.0000000000000000,375,1
2026-02-04,Netflix Ads,NETFLIX_ADS_CMP_02,742.12,5,375,4,300,5.0000000000000000,375,1
2026-02-05,Meta Ads,META_ADS_CMP_01,1267.28,60,4500,52,3900,50.0000000000000000,3750,1
2026-02-05,Meta Ads,META_ADS_CMP_02,917.61,55,4125,45,3375,47.5000000000000000,3562.5,1
2026-02-05,Google Ads,GOOGLE_ADS_CMP_01,1023.64,113,8475,93,6975,107.5000000000000000,8062.5,1
2026-02-05,Google Ads,GOOGLE_ADS_CMP_02,1390.91,158,11850,129,9675,147.5000000000000000,11062.5,1
2026-02-05,TikTok Ads,TIKTOK_ADS_CMP_01,747.57,11,825,10,750,10.0000000000000000,750,1
2026-02-05,TikTok Ads,TIKTOK_ADS_CMP_02,895.63,50,3750,40,3000,42.5000000000000000,3187.5,1
2026-02-05,Netflix Ads,NETFLIX_ADS_CMP_01,651.39,2,150,2,150,2.5000000000000000,187.5,1
2026-02-05,Netflix Ads,NETFLIX_ADS_CMP_02,911.44,2,150,2,150,2.5000000000000000,187.5,1
2026-02-06,Meta Ads,META_ADS_CMP_01,1173.07,41,3075,37,2775,35.0000000000000000,2625,1
2026-02-06,Meta Ads,META_ADS_CMP_02,1263.29,87,6525,70,5250,75.0000000000000000,5625,1
2026-02-06,Google Ads,GOOGLE_ADS_CMP_01,1562.3,129,9675,104,7800,122.5000000000000000,9187.5,1
2026-02-06,Google Ads,GOOGLE_ADS_CMP_02,1450.37,133,9975,117,8775,125.0000000000000000,9375,1
2026-02-06,TikTok Ads,TIKTOK_ADS_CMP_01,863.59,17,1275,15,1125,15.0000000000000000,1125,1
2026-02-06,TikTok Ads,TIKTOK_ADS_CMP_02,863.5,41,3075,35,2625,32.5000000000000000,2437.5,1
2026-02-06,Netflix Ads,NETFLIX_ADS_CMP_01,653.47,4,300,4,300,2.5000000000000000,187.5,1
2026-02-06,Netflix Ads,NETFLIX_ADS_CMP_02,1025.25,2,150,2,150,2.5000000000000000,187.5,1
2026-02-07,Meta Ads,META_ADS_CMP_01,1187.66,40,3000,34,2550,35.0000000000000000,2625,1
2026-02-07,Meta Ads,META_ADS_CMP_02,1160.98,72,5400,64,4800,60.0000000000000000,4500,1
2026-02-07,Google Ads,GOOGLE_ADS_CMP_01,1208.51,115,8625,102,7650,107.5000000000000000,8062.5,1
2026-02-07,Google Ads,GOOGLE_ADS_CMP_02,1805.93,155,11625,130,9750,152.5000000000000000,11437.5,1
2026-02-07,TikTok Ads,TIKTOK_ADS_CMP_01,486.76,20,1500,17,1275,15.0000000000000000,1125,1
2026-02-07,TikTok Ads,TIKTOK_ADS_CMP_02,811.24,36,2700,32,2400,30.0000000000000000,2250,1
2026-02-07,Netflix Ads,NETFLIX_ADS_CMP_01,704.9,1,75,1,75,0.0000000000000000,0,1
2026-02-07,Netflix Ads,NETFLIX_ADS_CMP_02,640.9,5,375,4,300,5.0000000000000000,375,1
2026-02-08,Meta Ads,META_ADS_CMP_01,1018.27,34,2550,29,2175,30.0000000000000000,2250,1
2026-02-08,Meta Ads,META_ADS_CMP_02,951.23,71,5325,57,4275,62.5000000000000000,4687.5,1
2026-02-08,Google Ads,GOOGLE_ADS_CMP_01,1780.76,144,10800,116,8700,132.5000000000000000,9937.5,1
2026-02-08,Google Ads,GOOGLE_ADS_CMP_02,1695.04,131,9825,106,7950,122.5000000000000000,9187.5,1
2026-02-08,TikTok Ads,TIKTOK_ADS_CMP_01,654.71,21,1575,18,1350,17.5000000000000000,1312.5,1
2026-02-08,TikTok Ads,TIKTOK_ADS_CMP_02,613.04,16,1200,13,975,12.5000000000000000,937.5,1
2026-02-08,Netflix Ads,NETFLIX_ADS_CMP_01,1096.52,9,675,8,600,10.0000000000000000,750,1
2026-02-08,Netflix Ads,NETFLIX_ADS_CMP_02,888.81,5,375,4,300,5.0000000000000000,375,1
2026-02-09,Meta Ads,META_ADS_CMP_01,808.48,37,2775,31,2325,30.0000000000000000,2250,1
2026-02-09,Meta Ads,META_ADS_CMP_02,1391.05,60,4500,50,3750,55.0000000000000000,4125,1
2026-02-09,Google Ads,GOOGLE_ADS_CMP_01,1737.36,110,8250,93,6975,107.5000000000000000,8062.5,1
2026-02-09,Google Ads,GOOGLE_ADS_CMP_02,1785.02,161,12075,136,10200,152.5000000000000000,11437.5,1
2026-02-09,TikTok Ads,TIKTOK_ADS_CMP_01,527.34,24,1800,21,1575,17.5000000000000000,1312.5,1
2026-02-09,TikTok Ads,TIKTOK_ADS_CMP_02,847.56,52,3900,44,3300,45.0000000000000000,3375,1
2026-02-09,Netflix Ads,NETFLIX_ADS_CMP_01,690.1,6,450,5,375,5.0000000000000000,375,1
2026-02-09,Netflix Ads,NETFLIX_ADS_CMP_02,650.88,3,225,2,150,2.5000000000000000,187.5,1
2026-02-10,Meta Ads,META_ADS_CMP_01,1469.55,83,6225,69,5175,72.5000000000000000,5437.5,1
2026-02-10,Meta Ads,META_ADS_CMP_02,1342.26,64,4800,52,3900,57.5000000000000000,4312.5,1
2026-02-10,Google Ads,GOOGLE_ADS_CMP_01,1660.3,138,10350,112,8400,137.5000000000000000,10312.5,1
2026-02-10,Google Ads,GOOGLE_ADS_CMP_02,1967.86,162,12150,136,10200,152.5000000000000000,11437.5,1
2026-02-10,TikTok Ads,TIKTOK_ADS_CMP_01,502.84,15,1125,13,975,12.5000000000000000,937.5,1
2026-02-10,TikTok Ads,TIKTOK_ADS_CMP_02,665.15,28,2100,24,1800,20.0000000000000000,1500,1
2026-02-10,Netflix Ads,NETFLIX_ADS_CMP_01,949.45,7,525,6,450,5.0000000000000000,375,1
2026-02-10,Netflix Ads,NETFLIX_ADS_CMP_02,802.96,1,75,1,75,0.0000000000000000,0,1
2026-02-11,Meta Ads,META_ADS_CMP_01,1460.15,66,4950,59,4425,57.5000000000000000,4312.5,1
2026-02-11,Meta Ads,META_ADS_CMP_02,1252.07,67,5025,59,4425,57.5000000000000000,4312.5,1
2026-02-11,Google Ads,GOOGLE_ADS_CMP_01,1918.93,153,11475,135,10125,147.5000000000000000,11062.5,1
2026-02-11,Google Ads,GOOGLE_ADS_CMP_02,1728.49,169,12675,144,10800,167.5000000000000000,12562.5,1
2026-02-11,TikTok Ads,TIKTOK_ADS_CMP_01,892.33,32,2400,28,2100,25.0000000000000000,1875,1
2026-02-11,TikTok Ads,TIKTOK_ADS_CMP_02,506.76,24,1800,21,1575,17.5000000000000000,1312.5,1
2026-02-11,Netflix Ads,NETFLIX_ADS_CMP_01,954.21,2,150,2,150,2.5000000000000000,187.5,1
2026-02-11,Netflix Ads,NETFLIX_ADS_CMP_02,1123.99,10,750,8,600,12.5000000000000000,937.5,1
2026-02-12,Meta Ads,META_ADS_CMP_01,806.53,41,3075,33,2475,32.5000000000000000,2437.5,1
2026-02-12,Meta Ads,META_ADS_CMP_02,1081.05,58,4350,51,3825,47.5000000000000000,3562.5,1
2026-02-12,Google Ads,GOOGLE_ADS_CMP_01,1615.99,114,8550,98,7350,107.5000000000000000,8062.5,1
2026-02-12,Google Ads,GOOGLE_ADS_CMP_02,1005.23,88,6600,74,5550,80.0000000000000000,6000,1
2026-02-12,TikTok Ads,TIKTOK_ADS_CMP_01,563.47,15,1125,13,975,12.5000000000000000,937.5,1
2026-02-12,TikTok Ads,TIKTOK_ADS_CMP_02,584.15,28,2100,24,1800,20.0000000000000000,1500,1
2026-02-12,Netflix Ads,NETFLIX_ADS_CMP_01,834.92,5,375,4,300,5.0000000000000000,375,1
2026-02-12,Netflix Ads,NETFLIX_ADS_CMP_02,813.3,7,525,6,450,5.0000000000000000,375,1
2026-02-13,Meta Ads,META_ADS_CMP_01,1205.99,104,7800,90,6750,90.0000000000000000,6750,1
2026-02-13,Meta Ads,META_ADS_CMP_02,1363.49,71,5325,57,4275,60.0000000000000000,4500,1
2026-02-13,Google Ads,GOOGLE_ADS_CMP_01,1058.55,90,6750,79,5925,85.0000000000000000,6375,1
2026-02-13,Google Ads,GOOGLE_ADS_CMP_02,1517.27,111,8325,94,7050,107.5000000000000000,8062.5,1
2026-02-13,TikTok Ads,TIKTOK_ADS_CMP_01,444.3,12,900,11,825,10.0000000000000000,750,1
2026-02-13,TikTok Ads,TIKTOK_ADS_CMP_02,866.56,37,2775,33,2475,30.0000000000000000,2250,1
2026-02-13,Netflix Ads,NETFLIX_ADS_CMP_01,671,5,375,4,300,5.0000000000000000,375,1
2026-02-13,Netflix Ads,NETFLIX_ADS_CMP_02,952.66,4,300,3,225,2.5000000000000000,187.5,1
2026-02-14,Meta Ads,META_ADS_CMP_01,816.93,45,3375,37,2775,40.0000000000000000,3000,1
2026-02-14,Meta Ads,META_ADS_CMP_02,1458.48,55,4125,49,3675,45.0000000000000000,3375,1
2026-02-14,Google Ads,GOOGLE_ADS_CMP_01,1186.1,114,8550,93,6975,107.5000000000000000,8062.5,1
2026-02-14,Google Ads,GOOGLE_ADS_CMP_02,1080.6,109,8175,95,7125,105.0000000000000000,7875,1
2026-02-14,TikTok Ads,TIKTOK_ADS_CMP_01,782.76,21,1575,18,1350,17.5000000000000000,1312.5,1
2026-02-14,TikTok Ads,TIKTOK_ADS_CMP_02,728.48,24,1800,20,1500,20.0000000000000000,1500,1
2026-02-14,Netflix Ads,NETFLIX_ADS_CMP_01,1143.75,4,300,3,225,2.5000000000000000,187.5,1
2026-02-14,Netflix Ads,NETFLIX_ADS_CMP_02,1066.03,5,375,4,300,5.0000000000000000,375,1
2026-02-15,Meta Ads,META_ADS_CMP_01,1434.51,61,4575,51,3825,55.0000000000000000,4125,1
2026-02-15,Meta Ads,META_ADS_CMP_02,1429.88,85,6375,68,5100,72.5000000000000000,5437.5,1
2026-02-15,Google Ads,GOOGLE_ADS_CMP_01,1418.79,117,8775,97,7275,107.5000000000000000,8062.5,1
2026-02-15,Google Ads,GOOGLE_ADS_CMP_02,1654.17,117,8775,105,7875,115.0000000000000000,8625,1
2026-02-15,TikTok Ads,TIKTOK_ADS_CMP_01,704.26,20,1500,16,1200,17.5000000000000000,1312.5,1
2026-02-15,TikTok Ads,TIKTOK_ADS_CMP_02,525.48,27,2025,22,1650,20.0000000000000000,1500,1
2026-02-15,Netflix Ads,NETFLIX_ADS_CMP_01,1116.08,6,450,5,375,5.0000000000000000,375,1
2026-02-15,Netflix Ads,NETFLIX_ADS_CMP_02,649.04,0,0,0,0,0.0000000000000000,0,1
2026-02-16,Meta Ads,META_ADS_CMP_01,1394.98,92,6900,80,6000,77.5000000000000000,5812.5,1
2026-02-16,Meta Ads,META_ADS_CMP_02,1181.8,56,4200,47,3525,47.5000000000000000,3562.5,1
2026-02-16,Google Ads,GOOGLE_ADS_CMP_01,1051.96,88,6600,72,5400,87.5000000000000000,6562.5,1
2026-02-16,Google Ads,GOOGLE_ADS_CMP_02,1330.22,132,9900,117,8775,130.0000000000000000,9750,1
2026-02-16,TikTok Ads,TIKTOK_ADS_CMP_01,839.79,32,2400,29,2175,27.5000000000000000,2062.5,1
2026-02-16,TikTok Ads,TIKTOK_ADS_CMP_02,786.01,34,2550,29,2175,27.5000000000000000,2062.5,1
2026-02-16,Netflix Ads,NETFLIX_ADS_CMP_01,663.28,6,450,5,375,5.0000000000000000,375,1
2026-02-16,Netflix Ads,NETFLIX_ADS_CMP_02,1178.69,4,300,4,300,2.5000000000000000,187.5,1
2026-02-17,Meta Ads,META_ADS_CMP_01,1204.32,79,5925,70,5250,70.0000000000000000,5250,1
2026-02-17,Meta Ads,META_ADS_CMP_02,1173.12,57,4275,47,3525,47.5000000000000000,3562.5,1
2026-02-17,Google Ads,GOOGLE_ADS_CMP_01,1857.18,167,12525,136,10200,155.0000000000000000,11625,1
2026-02-17,Google Ads,GOOGLE_ADS_CMP_02,1202.02,97,7275,84,6300,92.5000000000000000,6937.5,1
2026-02-17,TikTok Ads,TIKTOK_ADS_CMP_01,441.73,18,1350,16,1200,15.0000000000000000,1125,1
2026-02-17,TikTok Ads,TIKTOK_ADS_CMP_02,608.88,20,1500,17,1275,15.0000000000000000,1125,1
2026-02-17,Netflix Ads,NETFLIX_ADS_CMP_01,697.34,4,300,3,225,2.5000000000000000,187.5,1
2026-02-17,Netflix Ads,NETFLIX_ADS_CMP_02,1134.15,6,450,5,375,5.0000000000000000,375,1
2026-02-18,Meta Ads,META_ADS_CMP_01,1373.34,94,7050,80,6000,80.0000000000000000,6000,1
2026-02-18,Meta Ads,META_ADS_CMP_02,1375.15,46,3450,41,3075,40.0000000000000000,3000,1
2026-02-18,Google Ads,GOOGLE_ADS_CMP_01,1335.21,106,7950,86,6450,100.0000000000000000,7500,1
2026-02-18,Google Ads,GOOGLE_ADS_CMP_02,1239.87,88,6600,77,5775,85.0000000000000000,6375,1
2026-02-18,TikTok Ads,TIKTOK_ADS_CMP_01,725.57,26,1950,22,1650,20.0000000000000000,1500,1
2026-02-18,TikTok Ads,TIKTOK_ADS_CMP_02,889.55,30,2250,25,1875,25.0000000000000000,1875,1
2026-02-18,Netflix Ads,NETFLIX_ADS_CMP_01,1011.8,6,450,5,375,5.0000000000000000,375,1
2026-02-18,Netflix Ads,NETFLIX_ADS_CMP_02,985.73,9,675,7,525,10.0000000000000000,750,1
2026-02-19,Meta Ads,META_ADS_CMP_01,823.23,39,2925,35,2625,32.5000000000000000,2437.5,1
2026-02-19,Meta Ads,META_ADS_CMP_02,1336.25,88,6600,78,5850,77.5000000000000000,5812.5,1
2026-02-19,Google Ads,GOOGLE_ADS_CMP_01,1670.73,131,9825,111,8325,125.0000000000000000,9375,1
2026-02-19,Google Ads,GOOGLE_ADS_CMP_02,1864.56,148,11100,120,9000,137.5000000000000000,10312.5,1
2026-02-19,TikTok Ads,TIKTOK_ADS_CMP_01,611.27,24,1800,20,1500,17.5000000000000000,1312.5,1
2026-02-19,TikTok Ads,TIKTOK_ADS_CMP_02,855.39,39,2925,35,2625,32.5000000000000000,2437.5,1
2026-02-19,Netflix Ads,NETFLIX_ADS_CMP_01,1036,6,450,5,375,5.0000000000000000,375,1
2026-02-19,Netflix Ads,NETFLIX_ADS_CMP_02,667.55,7,525,6,450,5.0000000000000000,375,1
2026-02-20,Meta Ads,META_ADS_CMP_01,808.68,31,2325,26,1950,27.5000000000000000,2062.5,1
2026-02-20,Meta Ads,META_ADS_CMP_02,1009.94,79,5925,65,4875,65.0000000000000000,4875,1
2026-02-20,Google Ads,GOOGLE_ADS_CMP_01,1078.97,84,6300,72,5400,85.0000000000000000,6375,1
2026-02-20,Google Ads,GOOGLE_ADS_CMP_02,1995.44,185,13875,163,12225,182.5000000000000000,13687.5,1
2026-02-20,TikTok Ads,TIKTOK_ADS_CMP_01,699.49,32,2400,28,2100,25.0000000000000000,1875,1
2026-02-20,TikTok Ads,TIKTOK_ADS_CMP_02,685.89,13,975,11,825,12.5000000000000000,937.5,1
2026-02-20,Netflix Ads,NETFLIX_ADS_CMP_01,1064.33,8,600,7,525,10.0000000000000000,750,1
2026-02-20,Netflix Ads,NETFLIX_ADS_CMP_02,978.78,9,675,8,600,10.0000000000000000,750,1
2026-02-21,Meta Ads,META_ADS_CMP_01,872.96,27,2025,24,1800,25.0000000000000000,1875,1
2026-02-21,Meta Ads,META_ADS_CMP_02,1220.46,83,6225,67,5025,72.5000000000000000,5437.5,1
2026-02-21,Google Ads,GOOGLE_ADS_CMP_01,1254.39,70,5250,57,4275,70.0000000000000000,5250,1
2026-02-21,Google Ads,GOOGLE_ADS_CMP_02,1276.81,95,7125,79,5925,90.0000000000000000,6750,1
2026-02-21,TikTok Ads,TIKTOK_ADS_CMP_01,503.5,17,1275,14,1050,15.0000000000000000,1125,1
2026-02-21,TikTok Ads,TIKTOK_ADS_CMP_02,418.36,12,900,10,750,10.0000000000000000,750,1
2026-02-21,Netflix Ads,NETFLIX_ADS_CMP_01,907.6,5,375,4,300,5.0000000000000000,375,1
2026-02-21,Netflix Ads,NETFLIX_ADS_CMP_02,970.24,4,300,4,300,2.5000000000000000,187.5,1
2026-02-22,Meta Ads,META_ADS_CMP_01,1145.48,50,3750,42,3150,42.5000000000000000,3187.5,1
2026-02-22,Meta Ads,META_ADS_CMP_02,1087.71,65,4875,54,4050,55.0000000000000000,4125,1
2026-02-22,Google Ads,GOOGLE_ADS_CMP_01,1823.79,145,10875,118,8850,137.5000000000000000,10312.5,1
2026-02-22,Google Ads,GOOGLE_ADS_CMP_02,1383.84,84,6300,71,5325,85.0000000000000000,6375,1
2026-02-22,TikTok Ads,TIKTOK_ADS_CMP_01,775.59,30,2250,26,1950,25.0000000000000000,1875,1
2026-02-22,TikTok Ads,TIKTOK_ADS_CMP_02,580.96,21,1575,19,1425,17.5000000000000000,1312.5,1
2026-02-22,Netflix Ads,NETFLIX_ADS_CMP_01,967.54,7,525,6,450,5.0000000000000000,375,1
2026-02-22,Netflix Ads,NETFLIX_ADS_CMP_02,639.87,2,150,2,150,2.5000000000000000,187.5,1
2026-02-23,Meta Ads,META_ADS_CMP_01,1006.53,64,4800,52,3900,57.5000000000000000,4312.5,1
2026-02-23,Meta Ads,META_ADS_CMP_02,1191.05,64,4800,57,4275,55.0000000000000000,4125,1
2026-02-23,Google Ads,GOOGLE_ADS_CMP_01,1692.49,144,10800,120,9000,140.0000000000000000,10500,1
2026-02-23,Google Ads,GOOGLE_ADS_CMP_02,1788.99,164,12300,145,10875,152.5000000000000000,11437.5,1
2026-02-23,TikTok Ads,TIKTOK_ADS_CMP_01,858.32,16,1200,13,975,12.5000000000000000,937.5,1
2026-02-23,TikTok Ads,TIKTOK_ADS_CMP_02,700.54,39,2925,32,2400,32.5000000000000000,2437.5,1
2026-02-23,Netflix Ads,NETFLIX_ADS_CMP_01,858.32,3,225,3,225,2.5000000000000000,187.5,1
2026-02-23,Netflix Ads,NETFLIX_ADS_CMP_02,982.14,5,375,4,300,5.0000000000000000,375,1
2026-02-24,Meta Ads,META_ADS_CMP_01,1273.98,62,4650,56,4200,55.0000000000000000,4125,1
2026-02-24,Meta Ads,META_ADS_CMP_02,1117.8,56,4200,45,3375,47.5000000000000000,3562.5,1
2026-02-24,Google Ads,GOOGLE_ADS_CMP_01,1505.46,126,9450,101,7575,125.0000000000000000,9375,1
2026-02-24,Google Ads,GOOGLE_ADS_CMP_02,1387.99,134,10050,119,8925,132.5000000000000000,9937.5,1
2026-02-24,TikTok Ads,TIKTOK_ADS_CMP_01,458.07,18,1350,15,1125,15.0000000000000000,1125,1
2026-02-24,TikTok Ads,TIKTOK_ADS_CMP_02,813.35,32,2400,27,2025,27.5000000000000000,2062.5,1
2026-02-24,Netflix Ads,NETFLIX_ADS_CMP_01,924.84,4,300,4,300,2.5000000000000000,187.5,1
2026-02-24,Netflix Ads,NETFLIX_ADS_CMP_02,1100.19,2,150,2,150,2.5000000000000000,187.5,1
2026-02-25,Meta Ads,META_ADS_CMP_01,840.35,32,2400,27,2025,27.5000000000000000,2062.5,1
2026-02-25,Meta Ads,META_ADS_CMP_02,1043.09,49,3675,42,3150,42.5000000000000000,3187.5,1
2026-02-25,Google Ads,GOOGLE_ADS_CMP_01,1488.9,142,10650,122,9150,135.0000000000000000,10125,1
2026-02-25,Google Ads,GOOGLE_ADS_CMP_02,1201.31,95,7125,81,6075,90.0000000000000000,6750,1
2026-02-25,TikTok Ads,TIKTOK_ADS_CMP_01,513.87,29,2175,24,1800,25.0000000000000000,1875,1
2026-02-25,TikTok Ads,TIKTOK_ADS_CMP_02,795.25,27,2025,24,1800,25.0000000000000000,1875,1
2026-02-25,Netflix Ads,NETFLIX_ADS_CMP_01,1166.43,4,300,3,225,2.5000000000000000,187.5,1
2026-02-25,Netflix Ads,NETFLIX_ADS_CMP_02,1118.13,5,375,4,300,5.0000000000000000,375,1
2026-02-26,Meta Ads,META_ADS_CMP_01,1333.26,43,3225,37,2775,35.0000000000000000,2625,1
2026-02-26,Meta Ads,META_ADS_CMP_02,1405.9,79,5925,69,5175,65.0000000000000000,4875,1
2026-02-26,Google Ads,GOOGLE_ADS_CMP_01,1573.53,144,10800,116,8700,135.0000000000000000,10125,1
2026-02-26,Google Ads,GOOGLE_ADS_CMP_02,1883.46,105,7875,94,7050,100.0000000000000000,7500,1
2026-02-26,TikTok Ads,TIKTOK_ADS_CMP_01,409.56,20,1500,17,1275,15.0000000000000000,1125,1
2026-02-26,TikTok Ads,TIKTOK_ADS_CMP_02,467.22,9,675,7,525,5.0000000000000000,375,1
2026-02-26,Netflix Ads,NETFLIX_ADS_CMP_01,726.42,5,375,4,300,5.0000000000000000,375,1
2026-02-26,Netflix Ads,NETFLIX_ADS_CMP_02,1100.49,6,450,5,375,5.0000000000000000,375,1
2026-02-27,Meta Ads,META_ADS_CMP_01,1260.98,78,5850,63,4725,65.0000000000000000,4875,1
2026-02-27,Meta Ads,META_ADS_CMP_02,1141.34,51,3825,41,3075,45.0000000000000000,3375,1
2026-02-27,Google Ads,GOOGLE_ADS_CMP_01,1348.82,115,8625,93,6975,107.5000000000000000,8062.5,1
2026-02-27,Google Ads,GOOGLE_ADS_CMP_02,1955.12,138,10350,117,8775,137.5000000000000000,10312.5,1
2026-02-27,TikTok Ads,TIKTOK_ADS_CMP_01,797.26,28,2100,24,1800,25.0000000000000000,1875,1
2026-02-27,TikTok Ads,TIKTOK_ADS_CMP_02,547.65,14,1050,13,975,12.5000000000000000,937.5,1
2026-02-27,Netflix Ads,NETFLIX_ADS_CMP_01,843.06,6,450,5,375,5.0000000000000000,375,1
2026-02-27,Netflix Ads,NETFLIX_ADS_CMP_02,984.29,6,450,5,375,5.0000000000000000,375,1
2026-02-28,Meta Ads,META_ADS_CMP_01,886.04,54,4050,46,3450,47.5000000000000000,3562.5,1
2026-02-28,Meta Ads,META_ADS_CMP_02,1237.35,60,4500,52,3900,55.0000000000000000,4125,1
2026-02-28,Google Ads,GOOGLE_ADS_CMP_01,1822.53,182,13650,148,11100,175.0000000000000000,13125,1
2026-02-28,Google Ads,GOOGLE_ADS_CMP_02,1775.35,113,8475,92,6900,110.0000000000000000,8250,1
2026-02-28,TikTok Ads,TIKTOK_ADS_CMP_01,714.78,23,1725,20,1500,17.5000000000000000,1312.5,1
2026-02-28,TikTok Ads,TIKTOK_ADS_CMP_02,431.34,14,1050,11,825,12.5000000000000000,937.5,1
2026-02-28,Netflix Ads,NETFLIX_ADS_CMP_01,816.14,5,375,4,300,5.0000000000000000,375,1
2026-02-28,Netflix Ads,NETFLIX_ADS_CMP_02,1135.12,7,525,6,450,5.0000000000000000,375,1
2026-03-01,Meta Ads,META_ADS_CMP_01,862.5,60,4500,52,3900,50.0000000000000000,3750,1
2026-03-01,Meta Ads,META_ADS_CMP_02,1292.7,95,7125,83,6225,77.5000000000000000,5812.5,1
2026-03-01,Google Ads,GOOGLE_ADS_CMP_01,1950.77,163,12225,143,10725,162.5000000000000000,12187.5,1
2026-03-01,Google Ads,GOOGLE_ADS_CMP_02,1644.15,132,9900,112,8400,122.5000000000000000,9187.5,1
2026-03-01,TikTok Ads,TIKTOK_ADS_CMP_01,616.36,15,1125,13,975,12.5000000000000000,937.5,1
2026-03-01,TikTok Ads,TIKTOK_ADS_CMP_02,426.18,20,1500,18,1350,15.0000000000000000,1125,1
2026-03-01,Netflix Ads,NETFLIX_ADS_CMP_01,727.2,6,450,5,375,5.0000000000000000,375,1
2026-03-01,Netflix Ads,NETFLIX_ADS_CMP_02,1006.69,5,375,4,300,5.0000000000000000,375,1
2026-03-02,Meta Ads,META_ADS_CMP_01,1317.02,61,4575,53,3975,55.0000000000000000,4125,1
2026-03-02,Meta Ads,META_ADS_CMP_02,939.45,51,3825,41,3075,45.0000000000000000,3375,1
2026-03-02,Google Ads,GOOGLE_ADS_CMP_01,1111.51,83,6225,67,5025,77.5000000000000000,5812.5,1
2026-03-02,Google Ads,GOOGLE_ADS_CMP_02,1379.09,99,7425,83,6225,95.0000000000000000,7125,1
2026-03-02,TikTok Ads,TIKTOK_ADS_CMP_01,665.47,24,1800,22,1650,17.5000000000000000,1312.5,1
2026-03-02,TikTok Ads,TIKTOK_ADS_CMP_02,659.52,24,1800,21,1575,17.5000000000000000,1312.5,1
2026-03-02,Netflix Ads,NETFLIX_ADS_CMP_01,912.78,5,375,4,300,5.0000000000000000,375,1
2026-03-02,Netflix Ads,NETFLIX_ADS_CMP_02,775.99,7,525,6,450,5.0000000000000000,375,1
2026-03-03,Meta Ads,META_ADS_CMP_01,800.95,38,2850,34,2550,30.0000000000000000,2250,1
2026-03-03,Meta Ads,META_ADS_CMP_02,816.52,47,3525,40,3000,40.0000000000000000,3000,1
2026-03-03,Google Ads,GOOGLE_ADS_CMP_01,1398.01,108,8100,89,6675,105.0000000000000000,7875,1
2026-03-03,Google Ads,GOOGLE_ADS_CMP_02,1484.08,142,10650,127,9525,140.0000000000000000,10500,1
2026-03-03,TikTok Ads,TIKTOK_ADS_CMP_01,871.36,34,2550,28,2100,30.0000000000000000,2250,1
2026-03-03,TikTok Ads,TIKTOK_ADS_CMP_02,512.69,16,1200,14,1050,12.5000000000000000,937.5,1
2026-03-03,Netflix Ads,NETFLIX_ADS_CMP_01,946.98,5,375,4,300,5.0000000000000000,375,1
2026-03-03,Netflix Ads,NETFLIX_ADS_CMP_02,1004.48,2,150,2,150,2.5000000000000000,187.5,1
2026-03-04,Meta Ads,META_ADS_CMP_01,1128.99,66,4950,54,4050,60.0000000000000000,4500,1
2026-03-04,Meta Ads,META_ADS_CMP_02,805.49,49,3675,44,3300,42.5000000000000000,3187.5,1
2026-03-04,Google Ads,GOOGLE_ADS_CMP_01,1529.66,103,7725,83,6225,95.0000000000000000,7125,1
2026-03-04,Google Ads,GOOGLE_ADS_CMP_02,1274.7,123,9225,104,7800,117.5000000000000000,8812.5,1
2026-03-04,TikTok Ads,TIKTOK_ADS_CMP_01,421.95,10,750,8,600,10.0000000000000000,750,1
2026-03-04,TikTok Ads,TIKTOK_ADS_CMP_02,821.82,34,2550,28,2100,27.5000000000000000,2062.5,1
2026-03-04,Netflix Ads,NETFLIX_ADS_CMP_01,1170.86,7,525,6,450,5.0000000000000000,375,1
2026-03-04,Netflix Ads,NETFLIX_ADS_CMP_02,956.14,5,375,4,300,5.0000000000000000,375,1
2026-03-05,Meta Ads,META_ADS_CMP_01,1354.82,81,6075,71,5325,65.0000000000000000,4875,1
2026-03-05,Meta Ads,META_ADS_CMP_02,913.17,56,4200,48,3600,47.5000000000000000,3562.5,1
2026-03-05,Google Ads,GOOGLE_ADS_CMP_01,1666.6,123,9225,105,7875,115.0000000000000000,8625,1
2026-03-05,Google Ads,GOOGLE_ADS_CMP_02,1012.1,80,6000,71,5325,77.5000000000000000,5812.5,1
2026-03-05,TikTok Ads,TIKTOK_ADS_CMP_01,764.43,20,1500,17,1275,17.5000000000000000,1312.5,1
2026-03-05,TikTok Ads,TIKTOK_ADS_CMP_02,731.22,20,1500,18,1350,17.5000000000000000,1312.5,1
2026-03-05,Netflix Ads,NETFLIX_ADS_CMP_01,1195.95,2,150,2,150,2.5000000000000000,187.5,1
2026-03-05,Netflix Ads,NETFLIX_ADS_CMP_02,1170.56,5,375,4,300,5.0000000000000000,375,1
2026-03-06,Meta Ads,META_ADS_CMP_01,1194.85,58,4350,48,3600,50.0000000000000000,3750,1
2026-03-06,Meta Ads,META_ADS_CMP_02,1442.77,63,4725,51,3825,55.0000000000000000,4125,1
2026-03-06,Google Ads,GOOGLE_ADS_CMP_01,1036.02,85,6375,76,5700,85.0000000000000000,6375,1
2026-03-06,Google Ads,GOOGLE_ADS_CMP_02,1581.62,123,9225,108,8100,117.5000000000000000,8812.5,1
2026-03-06,TikTok Ads,TIKTOK_ADS_CMP_01,541.25,23,1725,20,1500,17.5000000000000000,1312.5,1
2026-03-06,TikTok Ads,TIKTOK_ADS_CMP_02,609.72,29,2175,24,1800,25.0000000000000000,1875,1
2026-03-06,Netflix Ads,NETFLIX_ADS_CMP_01,954.68,4,300,3,225,2.5000000000000000,187.5,1
2026-03-06,Netflix Ads,NETFLIX_ADS_CMP_02,642.69,1,75,1,75,0.0000000000000000,0,1
2026-03-07,Meta Ads,META_ADS_CMP_01,1032.53,71,5325,58,4350,60.0000000000000000,4500,1
2026-03-07,Meta Ads,META_ADS_CMP_02,1413.12,60,4500,48,3600,50.0000000000000000,3750,1
2026-03-07,Google Ads,GOOGLE_ADS_CMP_01,1127.87,65,4875,58,4350,65.0000000000000000,4875,1
2026-03-07,Google Ads,GOOGLE_ADS_CMP_02,1226.13,79,5925,63,4725,77.5000000000000000,5812.5,1
2026-03-07,TikTok Ads,TIKTOK_ADS_CMP_01,764.67,44,3300,37,2775,35.0000000000000000,2625,1
2026-03-07,TikTok Ads,TIKTOK_ADS_CMP_02,551.47,20,1500,16,1200,15.0000000000000000,1125,1
2026-03-07,Netflix Ads,NETFLIX_ADS_CMP_01,822.56,2,150,2,150,2.5000000000000000,187.5,1
2026-03-07,Netflix Ads,NETFLIX_ADS_CMP_02,926.7,5,375,4,300,5.0000000000000000,375,1
2026-03-08,Meta Ads,META_ADS_CMP_01,1466.56,70,5250,61,4575,60.0000000000000000,4500,1
2026-03-08,Meta Ads,META_ADS_CMP_02,871.76,87,6525,78,5850,75.0000000000000000,5625,1
2026-03-08,Google Ads,GOOGLE_ADS_CMP_01,1827.51,186,13950,166,12450,180.0000000000000000,13500,1
2026-03-08,Google Ads,GOOGLE_ADS_CMP_02,1694.6,153,11475,135,10125,150.0000000000000000,11250,1
2026-03-08,TikTok Ads,TIKTOK_ADS_CMP_01,497.62,9,675,8,600,5.0000000000000000,375,1
2026-03-08,TikTok Ads,TIKTOK_ADS_CMP_02,750.58,45,3375,38,2850,35.0000000000000000,2625,1
2026-03-08,Netflix Ads,NETFLIX_ADS_CMP_01,828.31,5,375,4,300,5.0000000000000000,375,1
2026-03-08,Netflix Ads,NETFLIX_ADS_CMP_02,615.12,2,150,2,150,2.5000000000000000,187.5,1
2026-03-09,Meta Ads,META_ADS_CMP_01,1182.5,79,5925,65,4875,65.0000000000000000,4875,1
2026-03-09,Meta Ads,META_ADS_CMP_02,1360,59,4425,52,3900,50.0000000000000000,3750,1
2026-03-09,Google Ads,GOOGLE_ADS_CMP_01,1157.27,79,5925,69,5175,72.5000000000000000,5437.5,1
2026-03-09,Google Ads,GOOGLE_ADS_CMP_02,1796.68,132,9900,117,8775,125.0000000000000000,9375,1
2026-03-09,TikTok Ads,TIKTOK_ADS_CMP_01,853.04,26,1950,22,1650,20.0000000000000000,1500,1
2026-03-09,TikTok Ads,TIKTOK_ADS_CMP_02,576.48,20,1500,17,1275,15.0000000000000000,1125,1
2026-03-09,Netflix Ads,NETFLIX_ADS_CMP_01,641.01,4,300,3,225,2.5000000000000000,187.5,1
2026-03-09,Netflix Ads,NETFLIX_ADS_CMP_02,799.47,4,300,3,225,2.5000000000000000,187.5,1
2026-03-10,Meta Ads,META_ADS_CMP_01,1270.04,61,4575,53,3975,55.0000000000000000,4125,1
2026-03-10,Meta Ads,META_ADS_CMP_02,870.96,33,2475,30,2250,30.0000000000000000,2250,1
2026-03-10,Google Ads,GOOGLE_ADS_CMP_01,1067.5,83,6225,67,5025,77.5000000000000000,5812.5,1
2026-03-10,Google Ads,GOOGLE_ADS_CMP_02,1403.6,140,10500,117,8775,135.0000000000000000,10125,1
2026-03-10,TikTok Ads,TIKTOK_ADS_CMP_01,598.81,15,1125,12,900,12.5000000000000000,937.5,1
2026-03-10,TikTok Ads,TIKTOK_ADS_CMP_02,543.73,21,1575,17,1275,17.5000000000000000,1312.5,1
2026-03-10,Netflix Ads,NETFLIX_ADS_CMP_01,645.35,3,225,3,225,2.5000000000000000,187.5,1
2026-03-10,Netflix Ads,NETFLIX_ADS_CMP_02,974.19,5,375,4,300,5.0000000000000000,375,1
2026-03-11,Meta Ads,META_ADS_CMP_01,975.63,71,5325,59,4425,60.0000000000000000,4500,1
2026-03-11,Meta Ads,META_ADS_CMP_02,989.77,64,4800,52,3900,55.0000000000000000,4125,1
2026-03-11,Google Ads,GOOGLE_ADS_CMP_01,1154.83,98,7350,85,6375,92.5000000000000000,6937.5,1
2026-03-11,Google Ads,GOOGLE_ADS_CMP_02,1680.11,137,10275,113,8475,132.5000000000000000,9937.5,1
2026-03-11,TikTok Ads,TIKTOK_ADS_CMP_01,625.13,26,1950,21,1575,20.0000000000000000,1500,1
2026-03-11,TikTok Ads,TIKTOK_ADS_CMP_02,736.23,25,1875,22,1650,20.0000000000000000,1500,1
2026-03-11,Netflix Ads,NETFLIX_ADS_CMP_01,1148.73,4,300,3,225,2.5000000000000000,187.5,1
2026-03-11,Netflix Ads,NETFLIX_ADS_CMP_02,605.43,7,525,6,450,5.0000000000000000,375,1
2026-03-12,Meta Ads,META_ADS_CMP_01,1299.84,76,5700,63,4725,65.0000000000000000,4875,1
2026-03-12,Meta Ads,META_ADS_CMP_02,950.08,37,2775,31,2325,32.5000000000000000,2437.5,1
2026-03-12,Google Ads,GOOGLE_ADS_CMP_01,1732.73,178,13350,159,11925,177.5000000000000000,13312.5,1
2026-03-12,Google Ads,GOOGLE_ADS_CMP_02,1838.49,175,13125,150,11250,162.5000000000000000,12187.5,1
2026-03-12,TikTok Ads,TIKTOK_ADS_CMP_01,500.14,29,2175,25,1875,25.0000000000000000,1875,1
2026-03-12,TikTok Ads,TIKTOK_ADS_CMP_02,434.23,18,1350,15,1125,15.0000000000000000,1125,1
2026-03-12,Netflix Ads,NETFLIX_ADS_CMP_01,761.31,5,375,4,300,5.0000000000000000,375,1
2026-03-12,Netflix Ads,NETFLIX_ADS_CMP_02,872.61,4,300,3,225,2.5000000000000000,187.5,1
2026-03-13,Meta Ads,META_ADS_CMP_01,1109.78,62,4650,55,4125,55.0000000000000000,4125,1
2026-03-13,Meta Ads,META_ADS_CMP_02,1004.67,48,3600,41,3075,42.5000000000000000,3187.5,1
2026-03-13,Google Ads,GOOGLE_ADS_CMP_01,1056.18,91,6825,80,6000,90.0000000000000000,6750,1
2026-03-13,Google Ads,GOOGLE_ADS_CMP_02,1409.67,113,8475,92,6900,110.0000000000000000,8250,1
2026-03-13,TikTok Ads,TIKTOK_ADS_CMP_01,435.25,14,1050,12,900,12.5000000000000000,937.5,1
2026-03-13,TikTok Ads,TIKTOK_ADS_CMP_02,742.57,22,1650,18,1350,17.5000000000000000,1312.5,1
2026-03-13,Netflix Ads,NETFLIX_ADS_CMP_01,909,2,150,2,150,2.5000000000000000,187.5,1
2026-03-13,Netflix Ads,NETFLIX_ADS_CMP_02,1073.58,6,450,5,375,5.0000000000000000,375,1
2026-03-14,Meta Ads,META_ADS_CMP_01,1048.1,62,4650,50,3750,50.0000000000000000,3750,1
2026-03-14,Meta Ads,META_ADS_CMP_02,1074.91,85,6375,75,5625,75.0000000000000000,5625,1
2026-03-14,Google Ads,GOOGLE_ADS_CMP_01,1676.94,148,11100,125,9375,137.5000000000000000,10312.5,1
2026-03-14,Google Ads,GOOGLE_ADS_CMP_02,1610.55,121,9075,105,7875,120.0000000000000000,9000,1
2026-03-14,TikTok Ads,TIKTOK_ADS_CMP_01,514.8,27,2025,22,1650,25.0000000000000000,1875,1
2026-03-14,TikTok Ads,TIKTOK_ADS_CMP_02,409.56,8,600,7,525,5.0000000000000000,375,1
2026-03-14,Netflix Ads,NETFLIX_ADS_CMP_01,911.53,3,225,3,225,2.5000000000000000,187.5,1
2026-03-14,Netflix Ads,NETFLIX_ADS_CMP_02,740.52,10,750,8,600,10.0000000000000000,750,1
2026-03-15,Meta Ads,META_ADS_CMP_01,1178.63,82,6150,70,5250,72.5000000000000000,5437.5,1
2026-03-15,Meta Ads,META_ADS_CMP_02,1088.37,69,5175,56,4200,60.0000000000000000,4500,1
2026-03-15,Google Ads,GOOGLE_ADS_CMP_01,1605.64,114,8550,99,7425,115.0000000000000000,8625,1
2026-03-15,Google Ads,GOOGLE_ADS_CMP_02,1206.25,101,7575,86,6450,100.0000000000000000,7500,1
2026-03-15,TikTok Ads,TIKTOK_ADS_CMP_01,609.64,18,1350,16,1200,15.0000000000000000,1125,1
2026-03-15,TikTok Ads,TIKTOK_ADS_CMP_02,744.32,43,3225,38,2850,32.5000000000000000,2437.5,1
2026-03-15,Netflix Ads,NETFLIX_ADS_CMP_01,1106,2,150,2,150,2.5000000000000000,187.5,1
2026-03-15,Netflix Ads,NETFLIX_ADS_CMP_02,710.07,4,300,4,300,2.5000000000000000,187.5,1
2026-03-16,Meta Ads,META_ADS_CMP_01,1431.24,84,6300,75,5625,72.5000000000000000,5437.5,1
2026-03-16,Meta Ads,META_ADS_CMP_02,846.6,42,3150,37,2775,35.0000000000000000,2625,1
2026-03-16,Google Ads,GOOGLE_ADS_CMP_01,1433.47,99,7425,83,6225,95.0000000000000000,7125,1
2026-03-16,Google Ads,GOOGLE_ADS_CMP_02,1068.71,62,4650,54,4050,60.0000000000000000,4500,1
2026-03-16,TikTok Ads,TIKTOK_ADS_CMP_01,754.38,39,2925,34,2550,32.5000000000000000,2437.5,1
2026-03-16,TikTok Ads,TIKTOK_ADS_CMP_02,786.4,26,1950,22,1650,20.0000000000000000,1500,1
2026-03-16,Netflix Ads,NETFLIX_ADS_CMP_01,1069.18,8,600,7,525,10.0000000000000000,750,1
2026-03-16,Netflix Ads,NETFLIX_ADS_CMP_02,1002.69,9,675,7,525,10.0000000000000000,750,1
2026-03-17,Meta Ads,META_ADS_CMP_01,1423.29,83,6225,71,5325,70.0000000000000000,5250,1
2026-03-17,Meta Ads,META_ADS_CMP_02,1257.89,79,5925,64,4800,65.0000000000000000,4875,1
2026-03-17,Google Ads,GOOGLE_ADS_CMP_01,1473.92,123,9225,102,7650,120.0000000000000000,9000,1
2026-03-17,Google Ads,GOOGLE_ADS_CMP_02,1241.5,85,6375,72,5400,77.5000000000000000,5812.5,1
2026-03-17,TikTok Ads,TIKTOK_ADS_CMP_01,493.96,16,1200,14,1050,12.5000000000000000,937.5,1
2026-03-17,TikTok Ads,TIKTOK_ADS_CMP_02,729.76,29,2175,24,1800,25.0000000000000000,1875,1
2026-03-17,Netflix Ads,NETFLIX_ADS_CMP_01,1163.44,6,450,5,375,5.0000000000000000,375,1
2026-03-17,Netflix Ads,NETFLIX_ADS_CMP_02,1016.78,4,300,3,225,2.5000000000000000,187.5,1
2026-03-18,Meta Ads,META_ADS_CMP_01,1370.46,86,6450,70,5250,75.0000000000000000,5625,1
2026-03-18,Meta Ads,META_ADS_CMP_02,1289.26,38,2850,31,2325,32.5000000000000000,2437.5,1
2026-03-18,Google Ads,GOOGLE_ADS_CMP_01,1033.68,89,6675,72,5400,85.0000000000000000,6375,1
2026-03-18,Google Ads,GOOGLE_ADS_CMP_02,1666.85,146,10950,122,9150,135.0000000000000000,10125,1
2026-03-18,TikTok Ads,TIKTOK_ADS_CMP_01,850.48,33,2475,27,2025,27.5000000000000000,2062.5,1
2026-03-18,TikTok Ads,TIKTOK_ADS_CMP_02,447.46,23,1725,21,1575,17.5000000000000000,1312.5,1
2026-03-18,Netflix Ads,NETFLIX_ADS_CMP_01,744.9,3,225,2,150,2.5000000000000000,187.5,1
2026-03-18,Netflix Ads,NETFLIX_ADS_CMP_02,816.26,7,525,6,450,5.0000000000000000,375,1
2026-03-19,Meta Ads,META_ADS_CMP_01,962.41,64,4800,57,4275,57.5000000000000000,4312.5,1
2026-03-19,Meta Ads,META_ADS_CMP_02,1233.67,99,7425,85,6375,85.0000000000000000,6375,1
2026-03-19,Google Ads,GOOGLE_ADS_CMP_01,1580.95,140,10500,115,8625,135.0000000000000000,10125,1
2026-03-19,Google Ads,GOOGLE_ADS_CMP_02,1596.85,99,7425,89,6675,95.0000000000000000,7125,1
2026-03-19,TikTok Ads,TIKTOK_ADS_CMP_01,890.56,47,3525,40,3000,35.0000000000000000,2625,1
2026-03-19,TikTok Ads,TIKTOK_ADS_CMP_02,426.67,20,1500,17,1275,15.0000000000000000,1125,1
2026-03-19,Netflix Ads,NETFLIX_ADS_CMP_01,1165.02,4,300,3,225,2.5000000000000000,187.5,1
2026-03-19,Netflix Ads,NETFLIX_ADS_CMP_02,989.18,4,300,3,225,2.5000000000000000,187.5,1
2026-03-20,Meta Ads,META_ADS_CMP_01,925.55,61,4575,54,4050,50.0000000000000000,3750,1
2026-03-20,Meta Ads,META_ADS_CMP_02,918.81,67,5025,59,4425,57.5000000000000000,4312.5,1
2026-03-20,Google Ads,GOOGLE_ADS_CMP_01,1960.92,207,15525,169,12675,200.0000000000000000,15000,1
2026-03-20,Google Ads,GOOGLE_ADS_CMP_02,1572.61,132,9900,113,8475,125.0000000000000000,9375,1
2026-03-20,TikTok Ads,TIKTOK_ADS_CMP_01,577.46,18,1350,16,1200,15.0000000000000000,1125,1
2026-03-20,TikTok Ads,TIKTOK_ADS_CMP_02,841.46,29,2175,26,1950,25.0000000000000000,1875,1
2026-03-20,Netflix Ads,NETFLIX_ADS_CMP_01,717.99,5,375,4,300,5.0000000000000000,375,1
2026-03-20,Netflix Ads,NETFLIX_ADS_CMP_02,618.02,5,375,4,300,5.0000000000000000,375,1
2026-03-21,Meta Ads,META_ADS_CMP_01,1393.17,64,4800,57,4275,57.5000000000000000,4312.5,1
2026-03-21,Meta Ads,META_ADS_CMP_02,1371.88,60,4500,49,3675,55.0000000000000000,4125,1
2026-03-21,Google Ads,GOOGLE_ADS_CMP_01,1229.37,83,6225,68,5100,85.0000000000000000,6375,1
2026-03-21,Google Ads,GOOGLE_ADS_CMP_02,1147.28,99,7425,87,6525,95.0000000000000000,7125,1
2026-03-21,TikTok Ads,TIKTOK_ADS_CMP_01,563.13,13,975,11,825,12.5000000000000000,937.5,1
2026-03-21,TikTok Ads,TIKTOK_ADS_CMP_02,577.66,20,1500,18,1350,17.5000000000000000,1312.5,1
2026-03-21,Netflix Ads,NETFLIX_ADS_CMP_01,688.15,5,375,4,300,5.0000000000000000,375,1
2026-03-21,Netflix Ads,NETFLIX_ADS_CMP_02,890.72,2,150,2,150,2.5000000000000000,187.5,1
2026-03-22,Meta Ads,META_ADS_CMP_01,1206.49,54,4050,45,3375,45.0000000000000000,3375,1
2026-03-22,Meta Ads,META_ADS_CMP_02,1141.48,50,3750,44,3300,42.5000000000000000,3187.5,1
2026-03-22,Google Ads,GOOGLE_ADS_CMP_01,1056.98,57,4275,49,3675,55.0000000000000000,4125,1
2026-03-22,Google Ads,GOOGLE_ADS_CMP_02,1667.21,149,11175,127,9525,145.0000000000000000,10875,1
2026-03-22,TikTok Ads,TIKTOK_ADS_CMP_01,820.05,21,1575,18,1350,17.5000000000000000,1312.5,1
2026-03-22,TikTok Ads,TIKTOK_ADS_CMP_02,646.28,29,2175,26,1950,25.0000000000000000,1875,1
2026-03-22,Netflix Ads,NETFLIX_ADS_CMP_01,844.08,1,75,1,75,0.0000000000000000,0,1
2026-03-22,Netflix Ads,NETFLIX_ADS_CMP_02,717.85,10,750,9,675,10.0000000000000000,750,1
2026-03-23,Meta Ads,META_ADS_CMP_01,960.88,42,3150,34,2550,35.0000000000000000,2625,1
2026-03-23,Meta Ads,META_ADS_CMP_02,1199.61,49,3675,40,3000,42.5000000000000000,3187.5,1
2026-03-23,Google Ads,GOOGLE_ADS_CMP_01,1825.71,158,11850,135,10125,147.5000000000000000,11062.5,1
2026-03-23,Google Ads,GOOGLE_ADS_CMP_02,1143,96,7200,78,5850,92.5000000000000000,6937.5,1
2026-03-23,TikTok Ads,TIKTOK_ADS_CMP_01,678.39,29,2175,25,1875,25.0000000000000000,1875,1
2026-03-23,TikTok Ads,TIKTOK_ADS_CMP_02,510.25,19,1425,16,1200,15.0000000000000000,1125,1
2026-03-23,Netflix Ads,NETFLIX_ADS_CMP_01,600.39,4,300,4,300,2.5000000000000000,187.5,1
2026-03-23,Netflix Ads,NETFLIX_ADS_CMP_02,691.23,1,75,1,75,0.0000000000000000,0,1
2026-03-24,Meta Ads,META_ADS_CMP_01,1444.52,62,4650,53,3975,50.0000000000000000,3750,1
2026-03-24,Meta Ads,META_ADS_CMP_02,1126.41,59,4425,50,3750,50.0000000000000000,3750,1
2026-03-24,Google Ads,GOOGLE_ADS_CMP_01,1596.91,135,10125,108,8100,132.5000000000000000,9937.5,1
2026-03-24,Google Ads,GOOGLE_ADS_CMP_02,1204.45,76,5700,68,5100,72.5000000000000000,5437.5,1
2026-03-24,TikTok Ads,TIKTOK_ADS_CMP_01,654.93,20,1500,17,1275,17.5000000000000000,1312.5,1
2026-03-24,TikTok Ads,TIKTOK_ADS_CMP_02,619.09,22,1650,19,1425,17.5000000000000000,1312.5,1
2026-03-24,Netflix Ads,NETFLIX_ADS_CMP_01,742.49,4,300,3,225,2.5000000000000000,187.5,1
2026-03-24,Netflix Ads,NETFLIX_ADS_CMP_02,827.85,6,450,5,375,5.0000000000000000,375,1
2026-03-25,Meta Ads,META_ADS_CMP_01,1340.94,63,4725,56,4200,55.0000000000000000,4125,1
2026-03-25,Meta Ads,META_ADS_CMP_02,1071.13,70,5250,58,4350,60.0000000000000000,4500,1
2026-03-25,Google Ads,GOOGLE_ADS_CMP_01,1345.08,118,8850,102,7650,115.0000000000000000,8625,1
2026-03-25,Google Ads,GOOGLE_ADS_CMP_02,1678.5,146,10950,130,9750,135.0000000000000000,10125,1
2026-03-25,TikTok Ads,TIKTOK_ADS_CMP_01,769.53,19,1425,15,1125,15.0000000000000000,1125,1
2026-03-25,TikTok Ads,TIKTOK_ADS_CMP_02,758.02,46,3450,38,2850,35.0000000000000000,2625,1
2026-03-25,Netflix Ads,NETFLIX_ADS_CMP_01,803.98,4,300,3,225,2.5000000000000000,187.5,1
2026-03-25,Netflix Ads,NETFLIX_ADS_CMP_02,1100.74,7,525,6,450,5.0000000000000000,375,1
2026-03-26,Meta Ads,META_ADS_CMP_01,913.95,45,3375,38,2850,35.0000000000000000,2625,1
2026-03-26,Meta Ads,META_ADS_CMP_02,1151.06,44,3300,39,2925,35.0000000000000000,2625,1
2026-03-26,Google Ads,GOOGLE_ADS_CMP_01,1753.87,164,12300,144,10800,152.5000000000000000,11437.5,1
2026-03-26,Google Ads,GOOGLE_ADS_CMP_02,1055.61,98,7350,87,6525,95.0000000000000000,7125,1
2026-03-26,TikTok Ads,TIKTOK_ADS_CMP_01,847.78,35,2625,29,2175,27.5000000000000000,2062.5,1
2026-03-26,TikTok Ads,TIKTOK_ADS_CMP_02,495.3,12,900,11,825,10.0000000000000000,750,1
2026-03-26,Netflix Ads,NETFLIX_ADS_CMP_01,671.93,6,450,5,375,5.0000000000000000,375,1
2026-03-26,Netflix Ads,NETFLIX_ADS_CMP_02,779.97,5,375,4,300,5.0000000000000000,375,1
2026-03-27,Meta Ads,META_ADS_CMP_01,1182.69,68,5100,59,4425,57.5000000000000000,4312.5,1
2026-03-27,Meta Ads,META_ADS_CMP_02,1452.09,96,7200,85,6375,80.0000000000000000,6000,1
2026-03-27,Google Ads,GOOGLE_ADS_CMP_01,1399.52,125,9375,107,8025,122.5000000000000000,9187.5,1
2026-03-27,Google Ads,GOOGLE_ADS_CMP_02,1463.98,142,10650,123,9225,140.0000000000000000,10500,1
2026-03-27,TikTok Ads,TIKTOK_ADS_CMP_01,666.15,18,1350,16,1200,15.0000000000000000,1125,1
2026-03-27,TikTok Ads,TIKTOK_ADS_CMP_02,891.78,15,1125,12,900,12.5000000000000000,937.5,1
2026-03-27,Netflix Ads,NETFLIX_ADS_CMP_01,1015.21,4,300,3,225,2.5000000000000000,187.5,1
2026-03-27,Netflix Ads,NETFLIX_ADS_CMP_02,946.58,6,450,5,375,5.0000000000000000,375,1
2026-03-28,Meta Ads,META_ADS_CMP_01,1045.57,57,4275,47,3525,47.5000000000000000,3562.5,1
2026-03-28,Meta Ads,META_ADS_CMP_02,859.28,20,1500,16,1200,17.5000000000000000,1312.5,1
2026-03-28,Google Ads,GOOGLE_ADS_CMP_01,1380.99,125,9375,106,7950,120.0000000000000000,9000,1
2026-03-28,Google Ads,GOOGLE_ADS_CMP_02,1303.29,117,8775,94,7050,110.0000000000000000,8250,1
2026-03-28,TikTok Ads,TIKTOK_ADS_CMP_01,637.8,16,1200,14,1050,12.5000000000000000,937.5,1
2026-03-28,TikTok Ads,TIKTOK_ADS_CMP_02,681.09,25,1875,20,1500,20.0000000000000000,1500,1
2026-03-28,Netflix Ads,NETFLIX_ADS_CMP_01,967.68,7,525,6,450,5.0000000000000000,375,1
2026-03-28,Netflix Ads,NETFLIX_ADS_CMP_02,930.4,6,450,5,375,5.0000000000000000,375,1
2026-03-29,Meta Ads,META_ADS_CMP_01,1061.42,50,3750,42,3150,42.5000000000000000,3187.5,1
2026-03-29,Meta Ads,META_ADS_CMP_02,1273.08,64,4800,52,3900,55.0000000000000000,4125,1
2026-03-29,Google Ads,GOOGLE_ADS_CMP_01,1156.81,86,6450,74,5550,80.0000000000000000,6000,1
2026-03-29,Google Ads,GOOGLE_ADS_CMP_02,1231.38,122,9150,100,7500,115.0000000000000000,8625,1
2026-03-29,TikTok Ads,TIKTOK_ADS_CMP_01,843.09,53,3975,46,3450,42.5000000000000000,3187.5,1
2026-03-29,TikTok Ads,TIKTOK_ADS_CMP_02,665.65,32,2400,28,2100,25.0000000000000000,1875,1
2026-03-29,Netflix Ads,NETFLIX_ADS_CMP_01,687.86,6,450,5,375,5.0000000000000000,375,1
2026-03-29,Netflix Ads,NETFLIX_ADS_CMP_02,827.42,5,375,4,300,5.0000000000000000,375,1
2026-03-30,Meta Ads,META_ADS_CMP_01,1159.87,46,3450,37,2775,40.0000000000000000,3000,1
2026-03-30,Meta Ads,META_ADS_CMP_02,990.4,55,4125,46,3450,47.5000000000000000,3562.5,1
2026-03-30,Google Ads,GOOGLE_ADS_CMP_01,1671.09,142,10650,128,9600,137.5000000000000000,10312.5,1
2026-03-30,Google Ads,GOOGLE_ADS_CMP_02,1025.77,112,8400,91,6825,105.0000000000000000,7875,1
2026-03-30,TikTok Ads,TIKTOK_ADS_CMP_01,869.26,24,1800,20,1500,20.0000000000000000,1500,1
2026-03-30,TikTok Ads,TIKTOK_ADS_CMP_02,673.23,17,1275,14,1050,15.0000000000000000,1125,1
2026-03-30,Netflix Ads,NETFLIX_ADS_CMP_01,1054.37,5,375,4,300,5.0000000000000000,375,1
2026-03-30,Netflix Ads,NETFLIX_ADS_CMP_02,961.47,3,225,3,225,2.5000000000000000,187.5,1
2026-03-31,Meta Ads,META_ADS_CMP_01,1482.28,69,5175,62,4650,57.5000000000000000,4312.5,1
2026-03-31,Meta Ads,META_ADS_CMP_02,1093.74,50,3750,43,3225,45.0000000000000000,3375,1
2026-03-31,Google Ads,GOOGLE_ADS_CMP_01,1011.3,87,6525,75,5625,87.5000000000000000,6562.5,1
2026-03-31,Google Ads,GOOGLE_ADS_CMP_02,1397.68,122,9150,106,7950,120.0000000000000000,9000,1
2026-03-31,TikTok Ads,TIKTOK_ADS_CMP_01,535.75,22,1650,18,1350,17.5000000000000000,1312.5,1
2026-03-31,TikTok Ads,TIKTOK_ADS_CMP_02,613.06,27,2025,22,1650,25.0000000000000000,1875,1
2026-03-31,Netflix Ads,NETFLIX_ADS_CMP_01,1090.38,2,150,2,150,2.5000000000000000,187.5,1
2026-03-31,Netflix Ads,NETFLIX_ADS_CMP_02,726.68,1,75,1,75,0.0000000000000000,0,1