claim,where_seen,reason_excluded,what_would_make_it_admissible
"Meta platform ROAS 2.5x to 4.0x, or 1.86x to 2.19x, 2026 averages","Several 2026 vendor blog posts","Two blogs quote ranges that do not overlap for the same channel and year; none gives sample size, attribution window or method. No primary dataset found.","A publisher that documents sample, window and method (like Littledata does for conversion rates)"
"Incrementality factor by channel (Meta prospecting 0.70 to 0.90, retargeting 0.20 to 0.35, TikTok 0.65 to 0.85, non-brand search 0.55 to 0.75)","Search engine summary of an unnamed page","Could not be traced to a primary page with a method. The only primary incrementality evidence found (Haus) gives relative multipliers and lift on a KPI, not these absolute factors.","A primary page stating the factors with sample, window and definition"
"Littledata: 2,800 Shopify stores, median conversion rate 1.4%","Third-party blog reposts","Superseded. Littledata's own benchmark page (September 2026) covers 421 stores. The two figures disagree, so the reposts are stale or wrong.","Not needed; the primary page is used"
"Haus Meta Report published July 28, 2025; tests since the start of 2024","A summarized view of the page","Neither string appears in the fetched page text. The study period is therefore recorded as unknown, not asserted.","A dated byline or study window found on the page"
"Observational methods overestimate advertising effectiveness (Gordon et al. 2019)","A search engine summary","The abstract says observational methods 'often fail to produce the same effects as the randomized experiments'. It does not state a direction of bias. Only the abstract wording is stored.","A quotation of the paper's body text stating the direction"
"Netflix average CPM 37 USD (September 2026), CPM 45 to 65 USD for direct buys","Agency blogs in search results","No primary source. Netflix's own SEC filing could not be retrieved (HTTP 403 for an anonymous client), and Netflix does not publish CPMs there anyway.","Netflix or an audited source stating the figure"
"Netflix ad tier reaches 250 million monthly active viewers","Search results","Not verified against a Netflix primary page in this build. Not needed for any registry metric.","Netflix investor materials fetched and quoted"
"Meta, TikTok, Google CPM, CPC and CPA by industry","Multiple vendor blogs","Not comparable: different definitions, windows and populations, no method published. Not used by any check in this project.","A publisher with sample size, window and method"
"Google Shopping ROAS 4x to 8x","Vendor blog","Platform-reported ROAS with no stated attribution window or sample. Would also mix platform-reported and incremental definitions.","Method and sample published"
"Retail (Online) industry margin from Damodaran","Expectation","The January 2026 file has no Retail (Online) row. Retail (General), Retail (Special Lines), Apparel and other retail rows are included instead and flagged as proxies.","Publisher adds the row"
